Case Status,Legislation,ICOCaseRef,Received Date,Received Year,Received FY,Received Qtr,Received FY Month,Completed Date,Completed Year,Completed FY,Completed Qtr,FY Completed Month,Sector,SubSector,Submitted About Account,Decision,DecisionDetail1,DecisionDetail2,ISCyberIncident
Completed,GDPR,IC-353250-J6B5,30/12/2024,2024,2024/25,Q3,09-Dec,02/01/2025,2025,2024/25,Q4,10-Jan,Land or property services,Property management,Anon DC,Informal action taken,Breach recorded - regulatory action criteria not met,Advice given,No
Completed,GDPR,IC-353279-X6G1,31/12/2024,2024,2024/25,Q3,09-Dec,02/01/2025,2025,2024/25,Q4,10-Jan,Legal,Legal professionals,Bellevue Law Limited,Informal action taken,Breach recorded - regulatory action criteria not met,Advice given,No
Completed,GDPR,IC-352613-S9W4,20/12/2024,2024,2024/25,Q3,09-Dec,02/01/2025,2025,2024/25,Q4,10-Jan,Retail and manufacture,Supplier of services,Boehringer Ingelheim Animal Health UK Ltd,Informal action taken,Breach recorded - regulatory action criteria not met,Advice given,No
Completed,GDPR,IC-353269-R0C9,30/12/2024,2024,2024/25,Q3,09-Dec,02/01/2025,2025,2024/25,Q4,10-Jan,Local government,"Unitary Authority (London Borough, Mets and Councils in Scotland and Wales)",Ceredigion County Council,Informal action taken,Breach recorded - regulatory action criteria not met,Advice given,No
Completed,GDPR,IC-353254-Z7R5,30/12/2024,2024,2024/25,Q3,09-Dec,02/01/2025,2025,2024/25,Q4,10-Jan,Retail and manufacture,Supplier of services,Clarity Housekeeping Ltd,Informal action taken,Breach recorded - regulatory action criteria not met,Advice given,No
Completed,GDPR,IC-353231-Y0H8,24/12/2024,2024,2024/25,Q3,09-Dec,02/01/2025,2025,2024/25,Q4,10-Jan,Health,Dentists,Clover Practice Limited,Informal action taken,Breach recorded - regulatory action criteria not met,Advice given,No
Completed,GDPR,IC-353282-G7D5,31/12/2024,2024,2024/25,Q3,09-Dec,02/01/2025,2025,2024/25,Q4,10-Jan,Health,Dentists,Community Dental Services CIC,Informal action taken,Breach recorded - regulatory action criteria not met,Advice given,No
Completed,GDPR,IC-353297-G4S4,31/12/2024,2024,2024/25,Q3,09-Dec,02/01/2025,2025,2024/25,Q4,10-Jan,Health,Secondary care,Dartford and Gravesham NHS Trust,Informal action taken,Breach recorded - regulatory action criteria not met,Advice given,No
Completed,GDPR,IC-353233-L4J5,24/12/2024,2024,2024/25,Q3,09-Dec,02/01/2025,2025,2024/25,Q4,10-Jan,Retail and manufacture,Supplier of goods,EMC Trading Group Ltd,Informal action taken,Breach recorded - regulatory action criteria not met,Advice given,No
Completed,GDPR,IC-353219-Y5Y2,24/12/2024,2024,2024/25,Q3,09-Dec,02/01/2025,2025,2024/25,Q4,10-Jan,Charitable and voluntary,National charities,Freedom From Torture,Informal action taken,Breach recorded - regulatory action criteria not met,Advice given,Yes
Completed,GDPR,IC-353306-Q2C7,31/12/2024,2024,2024/25,Q3,09-Dec,02/01/2025,2025,2024/25,Q4,10-Jan,Health,General Practitioner,Grimethorpe Surgery,Informal action taken,Breach recorded - regulatory action criteria not met,Advice given,No
Completed,GDPR,IC-353298-C7N7,31/12/2024,2024,2024/25,Q3,09-Dec,02/01/2025,2025,2024/25,Q4,10-Jan,Health,Secondary care,Herefordshire and Worcestershire Health and Care NHS Trust,Informal action taken,Breach recorded - regulatory action criteria not met,Advice given,No
Completed,GDPR,IC-353239-V9W5,27/12/2024,2024,2024/25,Q3,09-Dec,02/01/2025,2025,2024/25,Q4,10-Jan,Social care,Residential care,Keys PCE Limited,Informal action taken,Breach recorded - regulatory action criteria not met,Advice given,No
Completed,GDPR,IC-353275-Z5M0,31/12/2024,2024,2024/25,Q3,09-Dec,02/01/2025,2025,2024/25,Q4,10-Jan,Local government,District Council,Mole Valley District Council,Informal action taken,Breach recorded - regulatory action criteria not met,Advice given,No
Completed,GDPR,IC-353276-Q6K4,31/12/2024,2024,2024/25,Q3,09-Dec,02/01/2025,2025,2024/25,Q4,10-Jan,Social care,Residential care,New Directions (Rugby) Limited,Informal action taken,Breach recorded - regulatory action criteria not met,Advice given,No
Completed,GDPR,IC-353213-L6D7,24/12/2024,2024,2024/25,Q3,09-Dec,02/01/2025,2025,2024/25,Q4,10-Jan,Health,Public health,NHS Tayside,Informal action taken,Breach recorded - regulatory action criteria not met,Advice given,No
Completed,GDPR,IC-353242-W3S6,27/12/2024,2024,2024/25,Q3,09-Dec,02/01/2025,2025,2024/25,Q4,10-Jan,Charitable and voluntary,National charities,Royal Mencap Society,Informal action taken,Breach recorded - regulatory action criteria not met,Advice given,No
Completed,GDPR,IC-348538-P8H4,04/12/2024,2024,2024/25,Q3,09-Dec,02/01/2025,2025,2024/25,Q4,10-Jan,Central Government,Government Department,Secretary of State for the Home Department (Home Office),Informal action taken,Breach recorded - regulatory action criteria not met,Advice given,No
Completed,GDPR,IC-353229-S9N6,24/12/2024,2024,2024/25,Q3,09-Dec,02/01/2025,2025,2024/25,Q4,10-Jan,Local government,"Unitary Authority (London Borough, Mets and Councils in Scotland and Wales)",Sheffield City Council,Informal action taken,Breach recorded - regulatory action criteria not met,Advice given,No
Completed,GDPR,IC-353273-L8B5,31/12/2024,2024,2024/25,Q3,09-Dec,02/01/2025,2025,2024/25,Q4,10-Jan,Transport and leisure,Entertainment providers,The Arsenal Football Club Limited,Informal action taken,Breach recorded - regulatory action criteria not met,Advice given,No
Completed,GDPR,IC-353221-V4F8,24/12/2024,2024,2024/25,Q3,09-Dec,02/01/2025,2025,2024/25,Q4,10-Jan,Health,General Practitioner,The Nevells Road Surgery,Informal action taken,Breach recorded - regulatory action criteria not met,Advice given,No
Completed,GDPR,IC-353313-Z6Z1,31/12/2024,2024,2024/25,Q3,09-Dec,02/01/2025,2025,2024/25,Q4,10-Jan,Health,General Practitioner,The Panton Practice,Informal action taken,Breach recorded - regulatory action criteria not met,Advice given,No
Completed,GDPR,IC-353278-G3N7,31/12/2024,2024,2024/25,Q3,09-Dec,02/01/2025,2025,2024/25,Q4,10-Jan,Health,Secondary care,United Lincolnshire Hospitals NHS Trust,Informal action taken,Breach recorded - regulatory action criteria not met,Advice given,No
Completed,GDPR,IC-353265-J5S7,30/12/2024,2024,2024/25,Q3,09-Dec,02/01/2025,2025,2024/25,Q4,10-Jan,Local government,"Unitary Authority (London Borough, Mets and Councils in Scotland and Wales)",West Berkshire District Council,Informal action taken,Breach recorded - regulatory action criteria not met,Advice given,No
Completed,GDPR,IC-349176-S6G8,05/12/2024,2024,2024/25,Q3,09-Dec,02/01/2025,2025,2024/25,Q4,10-Jan,Charitable and voluntary,Local charities,Elim Foursquare Gospel Alliance,No Further Action,Breach recorded - regulatory action criteria not met,Unassigned,Yes
Completed,GDPR,IC-353253-D3S3,27/12/2024,2024,2024/25,Q3,09-Dec,02/01/2025,2025,2024/25,Q4,10-Jan,"Finance, insurance and credit",Insurance,Inspop.com Limited (Confused.com),No Further Action,Not PDB,Unassigned,No
Completed,GDPR,IC-349339-Z2W3,09/12/2024,2024,2024/25,Q3,09-Dec,02/01/2025,2025,2024/25,Q4,10-Jan,Education and childcare,Further education,Newham Sixth Form College,No Further Action,Breach recorded - regulatory action criteria not met,Unassigned,Yes
Completed,GDPR,IC-315400-B8W7,23/06/2024,2024,2024/25,Q1,03-Jun,03/01/2025,2025,2024/25,Q4,10-Jan,"Finance, insurance and credit",Unassigned,Acorn Insurance & Financial Services Limited ,Informal action taken,Breach recorded - regulatory action criteria not met,Advice given,No
Completed,GDPR,IC-353359-M4J1,24/12/2024,2024,2024/25,Q3,09-Dec,03/01/2025,2025,2024/25,Q4,10-Jan,"Finance, insurance and credit",Insurance,AXA PPP Healthcare Ltd,Informal action taken,Breach recorded - regulatory action criteria not met,Advice given,No
Completed,GDPR,IC-353238-Z4M1,27/12/2024,2024,2024/25,Q3,09-Dec,03/01/2025,2025,2024/25,Q4,10-Jan,Retail and manufacture,Supplier of goods,Blinds 2 Go Limited,Informal action taken,Breach recorded - regulatory action criteria not met,Advice given,No
Completed,GDPR,IC-353224-D9F1,26/12/2024,2024,2024/25,Q3,09-Dec,03/01/2025,2025,2024/25,Q4,10-Jan,Health,Unassigned,Cambridge Hips And Knees Limited,Informal action taken,Breach recorded - regulatory action criteria not met,Advice given,No
Completed,GDPR,IC-352839-S1Z5,20/12/2024,2024,2024/25,Q3,09-Dec,03/01/2025,2025,2024/25,Q4,10-Jan,Transport and leisure,Holiday providers and services,Carnival Plc,Informal action taken,Breach recorded - regulatory action criteria not met,Advice given,No
Completed,GDPR,IC-353427-K8Y4,03/01/2025,2025,2024/25,Q4,10-Jan,03/01/2025,2025,2024/25,Q4,10-Jan,Transport and leisure,Accommodation providers,Champneys Henlow Ltd,Informal action taken,Breach recorded - regulatory action criteria not met,Advice given,Yes
Completed,GDPR,IC-353349-T7K9,02/01/2025,2025,2024/25,Q4,10-Jan,03/01/2025,2025,2024/25,Q4,10-Jan,Justice,Police Forces,Chief Constable Staffordshire Police,Informal action taken,Breach recorded - regulatory action criteria not met,Advice given,No
Completed,GDPR,IC-353247-C3J6,28/12/2024,2024,2024/25,Q3,09-Dec,03/01/2025,2025,2024/25,Q4,10-Jan,Social care,Domiciliary care,Chiltern Support & Housing Ltd,Informal action taken,Breach recorded - regulatory action criteria not met,Advice given,No
Completed,GDPR,IC-353404-K3D3,03/01/2025,2025,2024/25,Q4,10-Jan,03/01/2025,2025,2024/25,Q4,10-Jan,Land or property services,Housing association,Clarion Housing Association Limited,Informal action taken,Breach recorded - regulatory action criteria not met,Advice given,No
Completed,GDPR,IC-352890-D8B6,23/12/2024,2024,2024/25,Q3,09-Dec,03/01/2025,2025,2024/25,Q4,10-Jan,Legal,Court Advocate,Crown Office and Procurator Fiscal Service,Informal action taken,Breach recorded - regulatory action criteria not met,Advice given,No
Completed,GDPR,IC-351980-G2M5,18/12/2024,2024,2024/25,Q3,09-Dec,03/01/2025,2025,2024/25,Q4,10-Jan,Land or property services,Property management,C-urb 6 Limited,Informal action taken,Breach recorded - regulatory action criteria not met,Advice given,No
Completed,GDPR,IC-352860-H5H0,23/12/2024,2024,2024/25,Q3,09-Dec,03/01/2025,2025,2024/25,Q4,10-Jan,Local government,County Council,Derbyshire County Council,Informal action taken,Breach recorded - regulatory action criteria not met,Advice given,No
Completed,GDPR,IC-353469-D6S2,03/01/2025,2025,2024/25,Q4,10-Jan,03/01/2025,2025,2024/25,Q4,10-Jan,Health,Secondary care,East Cheshire NHS Trust,Informal action taken,Breach recorded - regulatory action criteria not met,Advice given,No
Completed,GDPR,IC-353337-L0K2,02/01/2025,2025,2024/25,Q4,10-Jan,03/01/2025,2025,2024/25,Q4,10-Jan,Social care,Domiciliary care,Eden Supported Living Limited,Informal action taken,Breach recorded - regulatory action criteria not met,Advice given,No
Completed,GDPR,IC-353348-B7Z0,02/01/2025,2025,2024/25,Q4,10-Jan,03/01/2025,2025,2024/25,Q4,10-Jan,Local government,Representative and arm's length bodies,Essex County Fire and Rescue Service,Informal action taken,Breach recorded - regulatory action criteria not met,Advice given,No
Completed,GDPR,IC-353235-M5Y2,27/12/2024,2024,2024/25,Q3,09-Dec,03/01/2025,2025,2024/25,Q4,10-Jan,Retail and manufacture,Supplier of goods,Furniture Village Limited,Informal action taken,Breach recorded - regulatory action criteria not met,Advice given,No
Completed,GDPR,IC-351903-N6R9,18/12/2024,2024,2024/25,Q3,09-Dec,03/01/2025,2025,2024/25,Q4,10-Jan,Health,Healthcare and pharmaceuticals,Huddersfield University Health Centre Limited,Informal action taken,Breach recorded - regulatory action criteria not met,Advice given,Yes
Completed,GDPR,IC-353381-Z8D7,02/01/2025,2025,2024/25,Q4,10-Jan,03/01/2025,2025,2024/25,Q4,10-Jan,Health,Healthcare and pharmaceuticals,Imagine Independence,Informal action taken,Breach recorded - regulatory action criteria not met,Advice given,No
Completed,GDPR,IC-353357-W0G3,02/01/2025,2025,2024/25,Q4,10-Jan,03/01/2025,2025,2024/25,Q4,10-Jan,Health,Pharmacist,J W Darling Pharmacy,Informal action taken,Breach recorded - regulatory action criteria not met,Advice given,No
Completed,GDPR,IC-353415-W3N6,03/01/2025,2025,2024/25,Q4,10-Jan,03/01/2025,2025,2024/25,Q4,10-Jan,"Finance, insurance and credit",Financial services and advice,Lakes Mortgages,Informal action taken,Breach recorded - regulatory action criteria not met,Advice given,No
Completed,GDPR,IC-353317-K7L8,31/12/2024,2024,2024/25,Q3,09-Dec,03/01/2025,2025,2024/25,Q4,10-Jan,Local government,"Unitary Authority (London Borough, Mets and Councils in Scotland and Wales)",London Borough of Croydon,Informal action taken,Breach recorded - regulatory action criteria not met,Advice given,No
Completed,GDPR,IC-348014-K7T5,02/12/2024,2024,2024/25,Q3,09-Dec,03/01/2025,2025,2024/25,Q4,10-Jan,General business,Motor Trade,Marshall Motor Group Ltd,Informal action taken,Breach recorded - regulatory action criteria not met,Advice given,No
Completed,GDPR,IC-348094-Z1K2,02/12/2024,2024,2024/25,Q3,09-Dec,03/01/2025,2025,2024/25,Q4,10-Jan,"Finance, insurance and credit",Financial services and advice,National Deposit Friendly Society Limited,Informal action taken,Breach recorded - regulatory action criteria not met,Advice given,Yes
Completed,GDPR,IC-353343-S8D3,24/12/2024,2024,2024/25,Q3,09-Dec,03/01/2025,2025,2024/25,Q4,10-Jan,"Finance, insurance and credit",Banks and Building Societies,National Westminster Bank PLC,Informal action taken,Breach recorded - regulatory action criteria not met,Advice given,No
Completed,GDPR,IC-353262-D0T8,31/12/2024,2024,2024/25,Q3,09-Dec,03/01/2025,2025,2024/25,Q4,10-Jan,Social care,Domiciliary care,Newgen care group,Informal action taken,Breach recorded - regulatory action criteria not met,Advice given,No
Completed,GDPR,IC-353445-X7B5,03/01/2025,2025,2024/25,Q4,10-Jan,03/01/2025,2025,2024/25,Q4,10-Jan,Health,Public health,North West North Tyneside Primary Care Network,Informal action taken,Breach recorded - regulatory action criteria not met,Advice given,No
Completed,GDPR,IC-353286-S6X9,31/12/2024,2024,2024/25,Q3,09-Dec,03/01/2025,2025,2024/25,Q4,10-Jan,Social care,Residential care,Nyms Services Ltd,Informal action taken,Breach recorded - regulatory action criteria not met,Advice given,No
Completed,GDPR,IC-353292-Y1S1,31/12/2024,2024,2024/25,Q3,09-Dec,03/01/2025,2025,2024/25,Q4,10-Jan,Land or property services,Unassigned,Ocasa Residential Ltd,Informal action taken,Breach recorded - regulatory action criteria not met,Advice given,No
Completed,GDPR,IC-353334-S2C7,02/01/2025,2025,2024/25,Q4,10-Jan,03/01/2025,2025,2024/25,Q4,10-Jan,Utilities,Utility companies,Octopus Energy Operations Limited,Informal action taken,Breach recorded - regulatory action criteria not met,Advice given,No
Completed,GDPR,IC-351809-D0H6,18/12/2024,2024,2024/25,Q3,09-Dec,03/01/2025,2025,2024/25,Q4,10-Jan,Legal,Legal professionals,PM Law,Informal action taken,Breach recorded - regulatory action criteria not met,Advice given,No
Completed,GDPR,IC-353255-W0C2,29/12/2024,2024,2024/25,Q3,09-Dec,03/01/2025,2025,2024/25,Q4,10-Jan,Charitable and voluntary,Unassigned,Sensing Friends,Informal action taken,Breach recorded - regulatory action criteria not met,Advice given,No
Case Officer Review Completed,GDPR,IC-344878-J6V8,15/11/2024,2024,2024/25,Q3,08-Nov,03/01/2025,2025,2024/25,Q4,10-Jan,Local government,"Unitary Authority (London Borough, Mets and Councils in Scotland and Wales)",Sheffield City Council,Informal action taken,Breach recorded - regulatory action criteria not met,Advice given,No
Completed,GDPR,IC-353355-Z2N1,02/01/2025,2025,2024/25,Q4,10-Jan,03/01/2025,2025,2024/25,Q4,10-Jan,Health,Secondary care,Somerset NHS Foundation Trust,Informal action taken,Breach recorded - regulatory action criteria not met,Advice given,No
Completed,GDPR,IC-350403-Z6Z7,11/12/2024,2024,2024/25,Q3,09-Dec,03/01/2025,2025,2024/25,Q4,10-Jan,Social care,Residential care,Stoneywood Care Services Ltd,Informal action taken,Breach recorded - regulatory action criteria not met,Advice given,No
Completed,GDPR,IC-353339-V3X7,02/01/2025,2025,2024/25,Q4,10-Jan,03/01/2025,2025,2024/25,Q4,10-Jan,Charitable and voluntary,Local charities,Swaledale Mountain Rescue Team CIO,Informal action taken,Breach recorded - regulatory action criteria not met,Advice given,No
Completed,GDPR,IC-353431-M1C5,03/01/2025,2025,2024/25,Q4,10-Jan,03/01/2025,2025,2024/25,Q4,10-Jan,Religious,Religious organisations,The Bishop of Peterborough,Informal action taken,Breach recorded - regulatory action criteria not met,Advice given,No
Completed,GDPR,IC-353215-D1P6,24/12/2024,2024,2024/25,Q3,09-Dec,03/01/2025,2025,2024/25,Q4,10-Jan,Health,General Practitioner,The Nelson Medical Practice,Informal action taken,Breach recorded - regulatory action criteria not met,Advice given,No
Completed,GDPR,IC-288799-L8H5,15/02/2024,2024,2023/24,Q4,11-Feb,03/01/2025,2025,2024/25,Q4,10-Jan,Health,Secondary care,West London NHS Trust,Informal action taken,Breach recorded - regulatory action criteria not met,Advice given,No
Completed,GDPR,IC-308734-G4Y7,23/05/2024,2024,2024/25,Q1,02-May,03/01/2025,2025,2024/25,Q4,10-Jan,Health,Secondary care,West London NHS Trust,Informal action taken,Breach recorded - regulatory action criteria not met,Advice given,No
Completed,GDPR,IC-351102-X5K4,13/12/2024,2024,2024/25,Q3,09-Dec,03/01/2025,2025,2024/25,Q4,10-Jan,"Finance, insurance and credit",Accountancy and Payroll,Wilder Coe Ltd,Informal action taken,Breach recorded - regulatory action criteria not met,Advice given,No
Completed,GDPR,IC-350896-R4W0,12/12/2024,2024,2024/25,Q3,09-Dec,03/01/2025,2025,2024/25,Q4,10-Jan,Transport and leisure,Haulage,Wincanton Limited,Informal action taken,Breach recorded - regulatory action criteria not met,Advice given,Yes
Completed,GDPR,IC-353266-N4D0,28/12/2024,2024,2024/25,Q3,09-Dec,03/01/2025,2025,2024/25,Q4,10-Jan,Legal,Legal professionals,Anon DC,No Further Action,Breach recorded - regulatory action criteria not met,Unassigned,Yes
Completed,GDPR,IC-353218-W3R3,29/12/2024,2024,2024/25,Q3,09-Dec,03/01/2025,2025,2024/25,Q4,10-Jan,Online Technology and Telecoms,Service providers,Arrow Business Communications Limited,No Further Action,Breach recorded - regulatory action criteria not met,Unassigned,Yes
Completed,GDPR,IC-353425-P7Q5,03/01/2025,2025,2024/25,Q4,10-Jan,03/01/2025,2025,2024/25,Q4,10-Jan,Charitable and voluntary,Local charities,British Association for American Studies,No Further Action,Breach recorded - regulatory action criteria not met,Unassigned,Yes
Completed,GDPR,IC-353376-D5Q6,03/01/2025,2025,2024/25,Q4,10-Jan,03/01/2025,2025,2024/25,Q4,10-Jan,Education and childcare,Training Company,EduGrow Consulting Limited,No Further Action,Breach recorded - regulatory action criteria not met,Unassigned,Yes
Completed,GDPR,IC-353268-Z8W0,30/12/2024,2024,2024/25,Q3,09-Dec,03/01/2025,2025,2024/25,Q4,10-Jan,Social care,Domiciliary care,Fusco Browne Healthcare Ltd,No Further Action,Not PDB,Unassigned,No
Completed,GDPR,IC-353208-W2C0,27/12/2024,2024,2024/25,Q3,09-Dec,03/01/2025,2025,2024/25,Q4,10-Jan,Online Technology and Telecoms,Gaming,Greentube Alderney Ltd (Admiral Casino),No Further Action,Breach recorded - regulatory action criteria not met,Unassigned,Yes
Completed,GDPR,IC-352859-C3C1,23/12/2024,2024,2024/25,Q3,09-Dec,03/01/2025,2025,2024/25,Q4,10-Jan,Retail and manufacture,Supplier of goods,HOLT JCB LIMITED,No Further Action,Breach recorded - regulatory action criteria not met,Unassigned,Yes
Completed,GDPR,IC-349786-B4D3,08/12/2024,2024,2024/25,Q3,09-Dec,03/01/2025,2025,2024/25,Q4,10-Jan,Marketing,Marketing providers,Informa ABI Limited (Barbour ABI Limited),No Further Action,Breach recorded - regulatory action criteria not met,Unassigned,Yes
Completed,GDPR,IC-350563-P7C5,11/12/2024,2024,2024/25,Q3,09-Dec,03/01/2025,2025,2024/25,Q4,10-Jan,Retail and manufacture,Supplier of services,Maximum Availability Limited,No Further Action,Breach recorded - regulatory action criteria not met,Unassigned,Yes
Completed,GDPR,IC-353222-N6Q1,27/12/2024,2024,2024/25,Q3,09-Dec,03/01/2025,2025,2024/25,Q4,10-Jan,Charitable and voluntary,National charities,Nightingale Hammerson Trustee Company Limited,No Further Action,Breach recorded - regulatory action criteria not met,Unassigned,Yes
Completed,GDPR,IC-353204-C3R8,24/12/2024,2024,2024/25,Q3,09-Dec,03/01/2025,2025,2024/25,Q4,10-Jan,Transport and leisure,Bar and restaurant,Punch Pubs & Co,No Further Action,Breach recorded - regulatory action criteria not met,Unassigned,Yes
Completed,GDPR,IC-352605-M4V2,19/12/2024,2024,2024/25,Q3,09-Dec,03/01/2025,2025,2024/25,Q4,10-Jan,Local government,"Parish, community and town councils",Sheringham Town Council,No Further Action,Not PDB,Unassigned,No
Completed,GDPR,IC-353209-D9F9,26/12/2024,2024,2024/25,Q3,09-Dec,03/01/2025,2025,2024/25,Q4,10-Jan,"Finance, insurance and credit",Accountancy and Payroll,Systems Accountants,No Further Action,Breach recorded - regulatory action criteria not met,Unassigned,Yes
Completed,GDPR,IC-353394-L0T9,03/01/2025,2025,2024/25,Q4,10-Jan,03/01/2025,2025,2024/25,Q4,10-Jan,Transport and leisure,Entertainment providers,The Football Pools Limited,No Further Action,Not PDB,Unassigned,No
Completed,GDPR,IC-353684-T9Z1,06/01/2025,2025,2024/25,Q4,10-Jan,06/01/2025,2025,2024/25,Q4,10-Jan,Education and childcare,Maintained schools,Allington with Sedgebrook C of E Primary School,Informal action taken,Breach recorded - regulatory action criteria not met,Advice given,No
Completed,GDPR,IC-353248-M1L1,27/12/2024,2024,2024/25,Q3,09-Dec,06/01/2025,2025,2024/25,Q4,10-Jan,Local government,"Unitary Authority (London Borough, Mets and Councils in Scotland and Wales)",Angus Council,Informal action taken,Breach recorded - regulatory action criteria not met,Advice given,No
Completed,GDPR,IC-353612-S8Z3,06/01/2025,2025,2024/25,Q4,10-Jan,06/01/2025,2025,2024/25,Q4,10-Jan,"Finance, insurance and credit",Unassigned,Armstrong Watson,Informal action taken,Breach recorded - regulatory action criteria not met,Advice given,No
Completed,Hybrid,IC-349917-H9T9,09/12/2024,2024,2024/25,Q3,09-Dec,06/01/2025,2025,2024/25,Q4,10-Jan,Land or property services,Estate agency / letting agency,Benjamin Stevens Estate Agents Limited,Informal action taken,Breach recorded - regulatory action criteria not met,Advice given,No
Completed,GDPR,IC-353701-P4H8,06/01/2025,2025,2024/25,Q4,10-Jan,06/01/2025,2025,2024/25,Q4,10-Jan,"Finance, insurance and credit",Financial services and advice,"Cb Payments, Ltd",Informal action taken,Breach recorded - regulatory action criteria not met,Advice given,No
Completed,GDPR,IC-352792-T6C2,20/12/2024,2024,2024/25,Q3,09-Dec,06/01/2025,2025,2024/25,Q4,10-Jan,Justice,Police Forces,Chief Constable North Yorkshire Police,Informal action taken,Breach recorded - regulatory action criteria not met,Advice given,No
Completed,GDPR,IC-353520-C2R4,05/01/2025,2025,2024/25,Q4,10-Jan,06/01/2025,2025,2024/25,Q4,10-Jan,Education and childcare,Private schools,Christ's Hospital,Informal action taken,Breach recorded - regulatory action criteria not met,Advice given,No
Completed,GDPR,IC-353596-S6W9,03/01/2025,2025,2024/25,Q4,10-Jan,06/01/2025,2025,2024/25,Q4,10-Jan,Health,Secondary care,Circle Clinical Services Ltd,Informal action taken,Breach recorded - regulatory action criteria not met,Advice given,No
Completed,GDPR,IC-353764-H6V0,06/01/2025,2025,2024/25,Q4,10-Jan,06/01/2025,2025,2024/25,Q4,10-Jan,General business,Business advice and consultancy,Compass Resolution Ltd,Informal action taken,Breach recorded - regulatory action criteria not met,Advice given,No
Completed,GDPR,IC-353529-F2S8,03/01/2025,2025,2024/25,Q4,10-Jan,06/01/2025,2025,2024/25,Q4,10-Jan,Legal,Legal professionals,Davisons Solicitors Limited,Informal action taken,Breach recorded - regulatory action criteria not met,Advice given,No
Completed,GDPR,IC-351711-W6Y0,17/12/2024,2024,2024/25,Q3,09-Dec,06/01/2025,2025,2024/25,Q4,10-Jan,Transport and leisure,Passenger transport,Elite Project Services Limited,Informal action taken,Breach recorded - regulatory action criteria not met,Advice given,No
Completed,Hybrid,IC-351835-R5R6,18/12/2024,2024,2024/25,Q3,09-Dec,06/01/2025,2025,2024/25,Q4,10-Jan,Health,General Practitioner,Fairhill Medical Practice,Informal action taken,Breach recorded - regulatory action criteria not met,Advice given,No
Completed,GDPR,IC-353489-H8H1,03/01/2025,2025,2024/25,Q4,10-Jan,06/01/2025,2025,2024/25,Q4,10-Jan,Legal,Unassigned,Hayes + Storr Solicitors,Informal action taken,Breach recorded - regulatory action criteria not met,Advice given,No
Completed,GDPR,IC-325860-Q8Y7,14/08/2024,2024,2024/25,Q2,05-Aug,06/01/2025,2025,2024/25,Q4,10-Jan,Central Government,Government Department,HM Revenue and Customs (HMRC),Informal action taken,Breach recorded - regulatory action criteria not met,Advice given,Not Provided
Completed,GDPR,IC-352811-P6T5,20/12/2024,2024,2024/25,Q3,09-Dec,06/01/2025,2025,2024/25,Q4,10-Jan,Local government,"Unitary Authority (London Borough, Mets and Councils in Scotland and Wales)",Kirklees Metropolitan Council,Informal action taken,Breach recorded - regulatory action criteria not met,Advice given,No
Completed,GDPR,IC-353352-Q7P2,02/01/2025,2025,2024/25,Q4,10-Jan,06/01/2025,2025,2024/25,Q4,10-Jan,Local government,County Council,Leicestershire County Council,Informal action taken,Breach recorded - regulatory action criteria not met,Advice given,No
Completed,GDPR,IC-352741-W3H3,20/12/2024,2024,2024/25,Q3,09-Dec,06/01/2025,2025,2024/25,Q4,10-Jan,Charitable and voluntary,Local charities,Lifecraft,Informal action taken,Breach recorded - regulatory action criteria not met,Advice given,Yes
Completed,GDPR,IC-351290-V1L3,13/12/2024,2024,2024/25,Q3,09-Dec,06/01/2025,2025,2024/25,Q4,10-Jan,Local government,"Unitary Authority (London Borough, Mets and Councils in Scotland and Wales)",Luton Borough Council,Informal action taken,Breach recorded - regulatory action criteria not met,Advice given,No
Completed,GDPR,IC-351707-Q6B7,17/12/2024,2024,2024/25,Q3,09-Dec,06/01/2025,2025,2024/25,Q4,10-Jan,Local government,"Parish, community and town councils",Melksham Town Council,Informal action taken,Breach recorded - regulatory action criteria not met,Advice given,No
Completed,GDPR,IC-353648-H9J3,06/01/2025,2025,2024/25,Q4,10-Jan,06/01/2025,2025,2024/25,Q4,10-Jan,Health,General Practitioner,Newbridge Surgery,Informal action taken,Breach recorded - regulatory action criteria not met,Advice given,No
Completed,GDPR,IC-353799-H2B5,06/01/2025,2025,2024/25,Q4,10-Jan,06/01/2025,2025,2024/25,Q4,10-Jan,Land or property services,Estate agency / letting agency,Reside Manchester Limited,Informal action taken,Breach recorded - regulatory action criteria not met,Advice given,No
Completed,GDPR,IC-352606-J3H7,20/12/2024,2024,2024/25,Q3,09-Dec,06/01/2025,2025,2024/25,Q4,10-Jan,Local government,"Unitary Authority (London Borough, Mets and Councils in Scotland and Wales)",Royal Borough of Greenwich,Informal action taken,Breach recorded - regulatory action criteria not met,Advice given,No
Completed,GDPR,IC-349014-H8L1,05/12/2024,2024,2024/25,Q3,09-Dec,06/01/2025,2025,2024/25,Q4,10-Jan,Health,General Practitioner,Thornton Medical Centre,Informal action taken,Breach recorded - regulatory action criteria not met,Advice given,No
Completed,GDPR,IC-353362-S4H4,02/01/2025,2025,2024/25,Q4,10-Jan,06/01/2025,2025,2024/25,Q4,10-Jan,Charitable and voluntary,Local charities,Transform Housing & Support,Informal action taken,Breach recorded - regulatory action criteria not met,Advice given,No
Completed,GDPR,IC-353696-D1K6,06/01/2025,2025,2024/25,Q4,10-Jan,06/01/2025,2025,2024/25,Q4,10-Jan,Charitable and voluntary,National charities,United Response,Informal action taken,Breach recorded - regulatory action criteria not met,Advice given,No
Completed,GDPR,IC-308739-C4P8,23/05/2024,2024,2024/25,Q1,02-May,06/01/2025,2025,2024/25,Q4,10-Jan,Health,Secondary care,West London NHS Trust,Informal action taken,Breach recorded - regulatory action criteria not met,Advice given,No
Completed,GDPR,IC-309928-D3S5,29/05/2024,2024,2024/25,Q1,02-May,06/01/2025,2025,2024/25,Q4,10-Jan,Health,Secondary care,West London NHS Trust,Informal action taken,Breach recorded - regulatory action criteria not met,Advice given,No
Completed,GDPR,IC-314100-R7L8,18/06/2024,2024,2024/25,Q1,03-Jun,06/01/2025,2025,2024/25,Q4,10-Jan,Health,Secondary care,West London NHS Trust,Informal action taken,Breach recorded - regulatory action criteria not met,Advice given,No
Completed,GDPR,IC-353757-N4V0,06/01/2025,2025,2024/25,Q4,10-Jan,06/01/2025,2025,2024/25,Q4,10-Jan,Health,Dentists,White Dental And Cosmetic Rooms Limited,Informal action taken,Breach recorded - regulatory action criteria not met,Advice given,No
Completed,GDPR,IC-353256-Q0K2,30/12/2024,2024,2024/25,Q3,09-Dec,06/01/2025,2025,2024/25,Q4,10-Jan,General business,Unassigned,Autism Plus Ltd,No Further Action,Not PDB,Unassigned,No
Completed,GDPR,IC-353590-C1V6,04/01/2025,2025,2024/25,Q4,10-Jan,06/01/2025,2025,2024/25,Q4,10-Jan,"Finance, insurance and credit",Financial services and advice,Bloomfield & Associates Ltd,No Further Action,Breach recorded - regulatory action criteria not met,Unassigned,Yes
Completed,GDPR,IC-354077-G0F8,07/01/2025,2025,2024/25,Q4,10-Jan,07/01/2025,2025,2024/25,Q4,10-Jan,Social care,Domiciliary care,Anon DC,Informal action taken,Breach recorded - regulatory action criteria not met,Advice given,No
Completed,GDPR,IC-352745-X2J2,20/12/2024,2024,2024/25,Q3,09-Dec,07/01/2025,2025,2024/25,Q4,10-Jan,Education and childcare,Maintained schools,Assumption Grammar School,Informal action taken,Breach recorded - regulatory action criteria not met,Advice given,No
Completed,GDPR,IC-353926-N2B5,06/01/2025,2025,2024/25,Q4,10-Jan,07/01/2025,2025,2024/25,Q4,10-Jan,Social care,Residential care,Athome Care Group Ltd,Informal action taken,Breach recorded - regulatory action criteria not met,Advice given,No
Completed,GDPR,IC-354108-V5F5,07/01/2025,2025,2024/25,Q4,10-Jan,07/01/2025,2025,2024/25,Q4,10-Jan,"Finance, insurance and credit",Insurance,AXA Health Services Limited,Informal action taken,Breach recorded - regulatory action criteria not met,Advice given,No
Case Officer Review Completed,Hybrid,IC-343750-C4B1,12/11/2024,2024,2024/25,Q3,08-Nov,07/01/2025,2025,2024/25,Q4,10-Jan,Education and childcare,Maintained schools,Birdlip Primary School,Informal action taken,Breach recorded - regulatory action criteria not met,Advice given,No
Completed,GDPR,IC-352649-V6H6,20/12/2024,2024,2024/25,Q3,09-Dec,07/01/2025,2025,2024/25,Q4,10-Jan,Justice,Police Forces,Chief Constable North Wales Police,Informal action taken,Breach recorded - regulatory action criteria not met,Advice given,No
Completed,GDPR,IC-350903-C8P0,13/12/2024,2024,2024/25,Q3,09-Dec,07/01/2025,2025,2024/25,Q4,10-Jan,Justice,Police Forces,Chief Constable South Wales Police,Informal action taken,Breach recorded - regulatory action criteria not met,Advice given,No
Completed,GDPR,IC-354044-L8D9,07/01/2025,2025,2024/25,Q4,10-Jan,07/01/2025,2025,2024/25,Q4,10-Jan,Health,Public health,Compass House Medical Centres,Informal action taken,Breach recorded - regulatory action criteria not met,Advice given,No
Completed,GDPR,IC-352497-N8J0,19/12/2024,2024,2024/25,Q3,09-Dec,07/01/2025,2025,2024/25,Q4,10-Jan,"Finance, insurance and credit",Pensions,Dalriada Trustees Limited,Informal action taken,Breach recorded - regulatory action criteria not met,Advice given,No
Completed,GDPR,IC-350221-R1Q7,06/12/2024,2024,2024/25,Q3,09-Dec,07/01/2025,2025,2024/25,Q4,10-Jan,Local government,"Unitary Authority (London Borough, Mets and Councils in Scotland and Wales)",Derby City Council,Informal action taken,Breach recorded - regulatory action criteria not met,Advice given,No
Completed,GDPR,IC-347375-N1P9,28/11/2024,2024,2024/25,Q3,08-Nov,07/01/2025,2025,2024/25,Q4,10-Jan,Health,Secondary care,Derbyshire Community Health Services NHS Foundation Trust,Informal action taken,Breach recorded - regulatory action criteria not met,Advice given,No
Completed,GDPR,IC-353898-T8H7,06/01/2025,2025,2024/25,Q4,10-Jan,07/01/2025,2025,2024/25,Q4,10-Jan,Retail and manufacture,Supplier of services,Drewtopia Ltd,Informal action taken,Breach recorded - regulatory action criteria not met,Advice given,No
Completed,GDPR,IC-354019-J8N3,07/01/2025,2025,2024/25,Q4,10-Jan,07/01/2025,2025,2024/25,Q4,10-Jan,Retail and manufacture,Supplier of services,Happy Energy Solutions Ltd,Informal action taken,Breach recorded - regulatory action criteria not met,Advice given,No
Completed,GDPR,IC-354016-L5M8,07/01/2025,2025,2024/25,Q4,10-Jan,07/01/2025,2025,2024/25,Q4,10-Jan,Legal,Legal professionals,Harratts Legal Services Ltd,Informal action taken,Breach recorded - regulatory action criteria not met,Advice given,No
Completed,GDPR,IC-353881-R3H8,06/01/2025,2025,2024/25,Q4,10-Jan,07/01/2025,2025,2024/25,Q4,10-Jan,"Finance, insurance and credit",Banks and Building Societies,Lloyds Banking Group PLC,Informal action taken,Breach recorded - regulatory action criteria not met,Advice given,No
Completed,GDPR,IC-306291-H8T0,10/05/2024,2024,2024/25,Q1,02-May,07/01/2025,2025,2024/25,Q4,10-Jan,Health,Pharmacist,Mamedica Dispensary Ltd,Informal action taken,Breach recorded - regulatory action criteria not met,Advice given,No
Completed,GDPR,IC-346524-G8K3,25/11/2024,2024,2024/25,Q3,08-Nov,07/01/2025,2025,2024/25,Q4,10-Jan,Health,Pharmacist,Mill Lane Pharmacy,Informal action taken,Breach recorded - regulatory action criteria not met,Advice given,No
Completed,GDPR,IC-319814-M4B0,12/07/2024,2024,2024/25,Q2,04-Jul,07/01/2025,2025,2024/25,Q4,10-Jan,Health,Secondary care,North Tees & Hartlepool NHS Foundation Trust,Informal action taken,Breach recorded - regulatory action criteria not met,Advice given,No
Completed,GDPR,IC-352987-R4V0,23/12/2024,2024,2024/25,Q3,09-Dec,07/01/2025,2025,2024/25,Q4,10-Jan,Charitable and voluntary,National charities,Place2Be,Informal action taken,Breach recorded - regulatory action criteria not met,Advice given,No
Completed,GDPR,IC-354106-C0Q2,07/01/2025,2025,2024/25,Q4,10-Jan,07/01/2025,2025,2024/25,Q4,10-Jan,Charitable and voluntary,Local charities,Qalliance,Informal action taken,Breach recorded - regulatory action criteria not met,Advice given,No
Completed,GDPR,IC-353949-P9K9,06/01/2025,2025,2024/25,Q4,10-Jan,07/01/2025,2025,2024/25,Q4,10-Jan,"Finance, insurance and credit",Unassigned,Rosemount Financial Solutions (IFA) Ltd,Informal action taken,Breach recorded - regulatory action criteria not met,Advice given,No
Completed,GDPR,IC-354133-S2B5,07/01/2025,2025,2024/25,Q4,10-Jan,07/01/2025,2025,2024/25,Q4,10-Jan,Charitable and voluntary,National charities,Royal Mencap Society,Informal action taken,Breach recorded - regulatory action criteria not met,Advice given,No
Completed,GDPR,IC-354070-H4V4,07/01/2025,2025,2024/25,Q4,10-Jan,07/01/2025,2025,2024/25,Q4,10-Jan,Local government,"Unitary Authority (London Borough, Mets and Councils in Scotland and Wales)",Sheffield City Council,Informal action taken,Breach recorded - regulatory action criteria not met,Advice given,No
Completed,GDPR,IC-353503-R2K1,03/01/2025,2025,2024/25,Q4,10-Jan,07/01/2025,2025,2024/25,Q4,10-Jan,Media,Unassigned,Sustain Video Limited,Informal action taken,Breach recorded - regulatory action criteria not met,Advice given,No
Completed,GDPR,IC-353290-Y0P8,31/12/2024,2024,2024/25,Q3,09-Dec,07/01/2025,2025,2024/25,Q4,10-Jan,Regulators,Ombudsman,The Charity Commission,Informal action taken,Breach recorded - regulatory action criteria not met,Advice given,No
Completed,GDPR,IC-353410-B5P9,03/01/2025,2025,2024/25,Q4,10-Jan,07/01/2025,2025,2024/25,Q4,10-Jan,Health,Secondary care,The Dudley Group NHS Foundation Trust,Informal action taken,Breach recorded - regulatory action criteria not met,Advice given,No
Completed,GDPR,IC-354089-F7Z9,07/01/2025,2025,2024/25,Q4,10-Jan,07/01/2025,2025,2024/25,Q4,10-Jan,Central Government,Unassigned,The Northern Ireland Office,Informal action taken,Breach recorded - regulatory action criteria not met,Advice given,No
Completed,GDPR,IC-354012-J3L8,06/01/2025,2025,2024/25,Q4,10-Jan,07/01/2025,2025,2024/25,Q4,10-Jan,Education and childcare,Higher education,The University of Nottingham,Informal action taken,Breach recorded - regulatory action criteria not met,Advice given,No
Completed,GDPR,IC-353965-B7F3,07/01/2025,2025,2024/25,Q4,10-Jan,07/01/2025,2025,2024/25,Q4,10-Jan,Membership association,Clubs,Tottenham Hotspur Football & Athletic Co. Ltd,Informal action taken,Breach recorded - regulatory action criteria not met,Advice given,No
Completed,GDPR,IC-347155-J5P4,27/11/2024,2024,2024/25,Q3,08-Nov,07/01/2025,2025,2024/25,Q4,10-Jan,"Finance, insurance and credit",Financial services and advice,Trade Direct Insurance Services Ltd,Informal action taken,Breach recorded - regulatory action criteria not met,Advice given,Don't know
Completed,GDPR,IC-337175-Q1H9,08/10/2024,2024,2024/25,Q3,07-Oct,07/01/2025,2025,2024/25,Q4,10-Jan,Land or property services,Housing association,Two Rivers Housing,Informal action taken,Breach recorded - regulatory action criteria not met,Advice given,No
Completed,GDPR,IC-353818-X2Y6,06/01/2025,2025,2024/25,Q4,10-Jan,07/01/2025,2025,2024/25,Q4,10-Jan,"Finance, insurance and credit",Financial services and advice,Wealth Solutions (UK) Ltd,Informal action taken,Breach recorded - regulatory action criteria not met,Advice given,No
Completed,GDPR,IC-322383-M1Y6,26/07/2024,2024,2024/25,Q2,04-Jul,07/01/2025,2025,2024/25,Q4,10-Jan,Health,Secondary care,West London NHS Trust,Informal action taken,Breach recorded - regulatory action criteria not met,Advice given,No
Completed,GDPR,IC-331161-X3D3,10/09/2024,2024,2024/25,Q2,06-Sep,07/01/2025,2025,2024/25,Q4,10-Jan,Health,Secondary care,West London NHS Trust,Informal action taken,Breach recorded - regulatory action criteria not met,Advice given,No
Completed,GDPR,IC-331646-G6H0,12/09/2024,2024,2024/25,Q2,06-Sep,07/01/2025,2025,2024/25,Q4,10-Jan,Health,Secondary care,West London NHS Trust,Informal action taken,Breach recorded - regulatory action criteria not met,Advice given,No
Completed,GDPR,IC-332871-N6P7,19/09/2024,2024,2024/25,Q2,06-Sep,07/01/2025,2025,2024/25,Q4,10-Jan,Health,Secondary care,West London NHS Trust,Informal action taken,Breach recorded - regulatory action criteria not met,Advice given,No
Completed,GDPR,IC-346363-F5B1,22/11/2024,2024,2024/25,Q3,08-Nov,07/01/2025,2025,2024/25,Q4,10-Jan,Health,Secondary care,West London NHS Trust,Informal action taken,Breach recorded - regulatory action criteria not met,Advice given,No
Completed,GDPR,IC-353887-R6Y1,06/01/2025,2025,2024/25,Q4,10-Jan,07/01/2025,2025,2024/25,Q4,10-Jan,Health,General Practitioner,Westburn Medical Group,Informal action taken,Breach recorded - regulatory action criteria not met,Advice given,No
Completed,GDPR,IC-352112-X0T3,18/12/2024,2024,2024/25,Q3,09-Dec,07/01/2025,2025,2024/25,Q4,10-Jan,Social care,Residential care,Zone Central Ltd,Informal action taken,Breach recorded - regulatory action criteria not met,Advice given,No
Completed,GDPR,IC-352569-F2T7,19/12/2024,2024,2024/25,Q3,09-Dec,08/01/2025,2025,2024/25,Q4,10-Jan,Education and childcare,Careers Service,Achieving For Children Limited,Informal action taken,Breach recorded - regulatory action criteria not met,Advice given,No
Completed,GDPR,IC-354203-J7M4,08/01/2025,2025,2024/25,Q4,10-Jan,08/01/2025,2025,2024/25,Q4,10-Jan,Education and childcare,Further education,Activate Learning,Informal action taken,Breach recorded - regulatory action criteria not met,Advice given,No
Completed,Hybrid,IC-351974-Y0G2,18/12/2024,2024,2024/25,Q3,09-Dec,08/01/2025,2025,2024/25,Q4,10-Jan,Social care,Residential care,Adecyn Limited,Informal action taken,Breach recorded - regulatory action criteria not met,Advice given,No
Completed,GDPR,IC-290548-B3J1,23/02/2024,2024,2023/24,Q4,11-Feb,08/01/2025,2025,2024/25,Q4,10-Jan,"Finance, insurance and credit",Banks and Building Societies,AIB Group (UK) plc,Informal action taken,Breach recorded - regulatory action criteria not met,Advice given,No
Completed,GDPR,IC-352469-D2M7,19/12/2024,2024,2024/25,Q3,09-Dec,08/01/2025,2025,2024/25,Q4,10-Jan,Education and childcare,Private schools,Aurora FE Ltd - Aurora Beeches School,Informal action taken,Breach recorded - regulatory action criteria not met,Advice given,No
Completed,GDPR,IC-354254-T6W6,08/01/2025,2025,2024/25,Q4,10-Jan,08/01/2025,2025,2024/25,Q4,10-Jan,Health,General Practitioner,Beacon Health Kensington (other trading name Edge Hill Health Limited),Informal action taken,Breach recorded - regulatory action criteria not met,Advice given,No
Completed,GDPR,IC-353437-B0Z7,03/01/2025,2025,2024/25,Q4,10-Jan,08/01/2025,2025,2024/25,Q4,10-Jan,Health,Healthcare and pharmaceuticals,Cardiff & Vale University Local Health Board,Informal action taken,Breach recorded - regulatory action criteria not met,Advice given,No
Completed,GDPR,IC-354020-M3Q2,07/01/2025,2025,2024/25,Q4,10-Jan,08/01/2025,2025,2024/25,Q4,10-Jan,Justice,Police Forces,Chief Constable British Transport Police,Informal action taken,Breach recorded - regulatory action criteria not met,Advice given,No
Completed,GDPR,IC-354160-F3D0,07/01/2025,2025,2024/25,Q4,10-Jan,08/01/2025,2025,2024/25,Q4,10-Jan,Justice,Police Forces,Chief Constable Wiltshire Constabulary,Informal action taken,Breach recorded - regulatory action criteria not met,Advice given,No
Completed,GDPR,IC-354229-K3J1,08/01/2025,2025,2024/25,Q4,10-Jan,08/01/2025,2025,2024/25,Q4,10-Jan,Education and childcare,Academy and Free Schools,COASTAL ACADEMIES TRUST,Informal action taken,Breach recorded - regulatory action criteria not met,Advice given,No
Completed,GDPR,IC-346745-Z6Q8,26/11/2024,2024,2024/25,Q3,08-Nov,08/01/2025,2025,2024/25,Q4,10-Jan,Central Government,Government Department,Department for Work and Pensions (DWP),Informal action taken,Breach recorded - regulatory action criteria not met,Advice given,Not Provided
Completed,GDPR,IC-324445-T5P0,08/08/2024,2024,2024/25,Q2,05-Aug,08/01/2025,2025,2024/25,Q4,10-Jan,"Finance, insurance and credit",Insurance,Direct Line Insurance Group Plc,Informal action taken,Breach recorded - regulatory action criteria not met,Advice given,No
Completed,GDPR,IC-347594-Q3T1,29/11/2024,2024,2024/25,Q3,08-Nov,08/01/2025,2025,2024/25,Q4,10-Jan,Education and childcare,Unassigned,Hethersett Woodside Primary & Nursery School,Informal action taken,Breach recorded - regulatory action criteria not met,Advice given,No
Completed,GDPR,IC-304301-G6F1,01/05/2024,2024,2024/25,Q1,02-May,08/01/2025,2025,2024/25,Q4,10-Jan,Local government,District Council,Huntingdonshire District Council,Informal action taken,Breach recorded - regulatory action criteria not met,Advice given,No
Completed,GDPR,IC-353527-T9B1,03/01/2025,2025,2024/25,Q4,10-Jan,08/01/2025,2025,2024/25,Q4,10-Jan,Health,Private Healthcare providers,Hunton and Hutson Medical Aesthetics,Informal action taken,Breach recorded - regulatory action criteria not met,Advice given,Yes
Completed,GDPR,IC-351753-L4K3,17/12/2024,2024,2024/25,Q3,09-Dec,08/01/2025,2025,2024/25,Q4,10-Jan,Legal,Legal professionals,JOHN FOWLERS LLP SOLICITORS,Informal action taken,Breach recorded - regulatory action criteria not met,Advice given,No
Completed,GDPR,IC-352395-T6J3,19/12/2024,2024,2024/25,Q3,09-Dec,08/01/2025,2025,2024/25,Q4,10-Jan,Social care,Residential care,Keys Care Solutions Limited,Informal action taken,Breach recorded - regulatory action criteria not met,Advice given,No
Completed,GDPR,IC-351941-L5N4,18/12/2024,2024,2024/25,Q3,09-Dec,08/01/2025,2025,2024/25,Q4,10-Jan,Education and childcare,Maintained schools,Llantwit Major School,Informal action taken,Breach recorded - regulatory action criteria not met,Advice given,No
Completed,GDPR,IC-354073-V4V6,07/01/2025,2025,2024/25,Q4,10-Jan,08/01/2025,2025,2024/25,Q4,10-Jan,Charitable and voluntary,Local charities,Marches Family Network,Informal action taken,Breach recorded - regulatory action criteria not met,Advice given,No
Completed,GDPR,IC-336801-V2G9,07/10/2024,2024,2024/25,Q3,07-Oct,08/01/2025,2025,2024/25,Q4,10-Jan,Education and childcare,Training Company,Mountain Training England,Informal action taken,Breach recorded - regulatory action criteria not met,Advice given,No
Completed,GDPR,IC-352381-P7F2,19/12/2024,2024,2024/25,Q3,09-Dec,08/01/2025,2025,2024/25,Q4,10-Jan,Health,Unassigned,Newtown Surgery (D82007),Informal action taken,Breach recorded - regulatory action criteria not met,Advice given,No
Completed,GDPR,IC-308936-Q0T0,24/05/2024,2024,2024/25,Q1,02-May,08/01/2025,2025,2024/25,Q4,10-Jan,Transport and leisure,Holiday providers and services,Palm trees travel,Informal action taken,Breach recorded - regulatory action criteria not met,Advice given,No
Completed,GDPR,IC-351653-F3Y8,17/12/2024,2024,2024/25,Q3,09-Dec,08/01/2025,2025,2024/25,Q4,10-Jan,Transport and leisure,Accommodation providers,Park Plaza Hotels (UK) Services Limited,Informal action taken,Breach recorded - regulatory action criteria not met,Advice given,No
Completed,GDPR,IC-313638-Z3B2,14/06/2024,2024,2024/25,Q1,03-Jun,08/01/2025,2025,2024/25,Q4,10-Jan,Transport and leisure,Entertainment providers,Park Sports Limited,Informal action taken,Breach recorded - regulatory action criteria not met,Advice given,No
Completed,GDPR,IC-352822-N3B7,20/12/2024,2024,2024/25,Q3,09-Dec,08/01/2025,2025,2024/25,Q4,10-Jan,Justice,Probation,Parole Board for Scotland,Informal action taken,Breach recorded - regulatory action criteria not met,Advice given,No
Completed,GDPR,IC-354141-C3K7,07/01/2025,2025,2024/25,Q4,10-Jan,08/01/2025,2025,2024/25,Q4,10-Jan,Education and childcare,Maintained schools,Portway Junior School,Informal action taken,Breach recorded - regulatory action criteria not met,Advice given,No
Completed,GDPR,IC-354290-F2K1,08/01/2025,2025,2024/25,Q4,10-Jan,08/01/2025,2025,2024/25,Q4,10-Jan,Legal,Legal professionals,S A Law LLP,Informal action taken,Breach recorded - regulatory action criteria not met,Advice given,No
Completed,GDPR,IC-351031-T4F3,13/12/2024,2024,2024/25,Q3,09-Dec,08/01/2025,2025,2024/25,Q4,10-Jan,Transport and leisure,Accommodation providers,Seibu Prince Hotels,Informal action taken,Breach recorded - regulatory action criteria not met,Advice given,Yes
Completed,GDPR,IC-354269-Q6S5,08/01/2025,2025,2024/25,Q4,10-Jan,08/01/2025,2025,2024/25,Q4,10-Jan,Education and childcare,Private schools,Serenity School Eltham Limited,Informal action taken,Breach recorded - regulatory action criteria not met,Advice given,No
Completed,GDPR,IC-354276-W7G1,08/01/2025,2025,2024/25,Q4,10-Jan,08/01/2025,2025,2024/25,Q4,10-Jan,Charitable and voluntary,Local charities,Social Enterprise Kent CIC,Informal action taken,Breach recorded - regulatory action criteria not met,Advice given,No
Completed,GDPR,IC-354215-G0M5,07/01/2025,2025,2024/25,Q4,10-Jan,08/01/2025,2025,2024/25,Q4,10-Jan,Local government,County Council,Somerset Council,Informal action taken,Breach recorded - regulatory action criteria not met,Advice given,No
Completed,GDPR,IC-350795-Y9V1,12/12/2024,2024,2024/25,Q3,09-Dec,08/01/2025,2025,2024/25,Q4,10-Jan,Health,Healthcare and pharmaceuticals,South Downs Health And Care Limited,Informal action taken,Breach recorded - regulatory action criteria not met,Advice given,No
Completed,GDPR,IC-354188-D6P7,07/01/2025,2025,2024/25,Q4,10-Jan,08/01/2025,2025,2024/25,Q4,10-Jan,"Finance, insurance and credit",Banks and Building Societies,State Bank Of India (UK) Limited,Informal action taken,Breach recorded - regulatory action criteria not met,Advice given,No
Completed,GDPR,IC-354261-T4J2,07/01/2025,2025,2024/25,Q4,10-Jan,08/01/2025,2025,2024/25,Q4,10-Jan,Retail and manufacture,Supplier of goods,Tesco Stores Limited,Informal action taken,Breach recorded - regulatory action criteria not met,Advice given,No
Completed,GDPR,IC-354192-C3R3,08/01/2025,2025,2024/25,Q4,10-Jan,08/01/2025,2025,2024/25,Q4,10-Jan,Education and childcare,Academy and Free Schools,The Marlborough Science Academy Ltd,Informal action taken,Breach recorded - regulatory action criteria not met,Advice given,No
Completed,GDPR,IC-354143-L4Q5,07/01/2025,2025,2024/25,Q4,10-Jan,08/01/2025,2025,2024/25,Q4,10-Jan,"Finance, insurance and credit",Unassigned,Tiger Lion Financial Limited,Informal action taken,Breach recorded - regulatory action criteria not met,Advice given,No
Completed,GDPR,IC-353496-T3V4,03/01/2025,2025,2024/25,Q4,10-Jan,08/01/2025,2025,2024/25,Q4,10-Jan,"Finance, insurance and credit",Financial services and advice,Together Personal Finance Limited,Informal action taken,Breach recorded - regulatory action criteria not met,Advice given,No
Completed,GDPR,IC-350255-X7R6,11/12/2024,2024,2024/25,Q3,09-Dec,08/01/2025,2025,2024/25,Q4,10-Jan,Membership association,Employment and Trade Unions,Unison,Informal action taken,Breach recorded - regulatory action criteria not met,Advice given,No
Completed,GDPR,IC-354233-F3K1,08/01/2025,2025,2024/25,Q4,10-Jan,08/01/2025,2025,2024/25,Q4,10-Jan,Education and childcare,Academy and Free Schools,Unity Schools Partnership,Informal action taken,Breach recorded - regulatory action criteria not met,Advice given,Yes
Completed,GDPR,IC-352876-Z6S8,23/12/2024,2024,2024/25,Q3,09-Dec,08/01/2025,2025,2024/25,Q4,10-Jan,Education and childcare,Academy and Free Schools,Watergrove Trust,Informal action taken,Breach recorded - regulatory action criteria not met,Advice given,No
Completed,GDPR,IC-346368-R4K0,22/11/2024,2024,2024/25,Q3,08-Nov,08/01/2025,2025,2024/25,Q4,10-Jan,Health,Secondary care,West London NHS Trust,Informal action taken,Breach recorded - regulatory action criteria not met,Advice given,No
Completed,GDPR,IC-348225-M4V8,03/12/2024,2024,2024/25,Q3,09-Dec,08/01/2025,2025,2024/25,Q4,10-Jan,Health,Secondary care,West London NHS Trust,Informal action taken,Breach recorded - regulatory action criteria not met,Advice given,No
Completed,GDPR,IC-354234-M4Z6,08/01/2025,2025,2024/25,Q4,10-Jan,08/01/2025,2025,2024/25,Q4,10-Jan,"Finance, insurance and credit",Accountancy and Payroll,WIS Accountancy Ltd,Informal action taken,Breach recorded - regulatory action criteria not met,Advice given,No
Completed,GDPR,IC-353525-B3S4,05/01/2025,2025,2024/25,Q4,10-Jan,08/01/2025,2025,2024/25,Q4,10-Jan,General business,Business advice and consultancy, DR Podcast Audio Factory Limited,No Further Action,Breach recorded - regulatory action criteria not met,Unassigned,Yes
Completed,GDPR,IC-350544-M5H0,11/12/2024,2024,2024/25,Q3,09-Dec,08/01/2025,2025,2024/25,Q4,10-Jan,Land or property services,Estate agency / letting agency,Arun Estate Agencies Ltd,No Further Action,Breach recorded - regulatory action criteria not met,Unassigned,Yes
Completed,GDPR,IC-351126-P7P3,13/12/2024,2024,2024/25,Q3,09-Dec,08/01/2025,2025,2024/25,Q4,10-Jan,"Finance, insurance and credit",Accountancy and Payroll,Clear Start Accountants,No Further Action,Breach recorded - regulatory action criteria not met,Unassigned,Yes
Completed,GDPR,IC-353534-D3C1,05/01/2025,2025,2024/25,Q4,10-Jan,08/01/2025,2025,2024/25,Q4,10-Jan,Online Technology and Telecoms,Unassigned,European Broadcaster Exchange (Ebx) Limited,No Further Action,Breach recorded - regulatory action criteria not met,Unassigned,Yes
Completed,GDPR,IC-353953-S1B8,06/01/2025,2025,2024/25,Q4,10-Jan,08/01/2025,2025,2024/25,Q4,10-Jan,Transport and leisure,Holiday providers and services,Hand Picked Hotels,No Further Action,Breach recorded - regulatory action criteria not met,Unassigned,Yes
Completed,GDPR,IC-353521-B3X8,05/01/2025,2025,2024/25,Q4,10-Jan,08/01/2025,2025,2024/25,Q4,10-Jan,General business,Unassigned,PubliEurope Ltd,No Further Action,Breach recorded - regulatory action criteria not met,Unassigned,Yes
Completed,GDPR,IC-350184-V0D2,10/12/2024,2024,2024/25,Q3,09-Dec,08/01/2025,2025,2024/25,Q4,10-Jan,Retail and manufacture,Supplier of goods,SEAT S.A.,No Further Action,Breach recorded - regulatory action criteria not met,Unassigned,Yes
Completed,GDPR,IC-350185-Z1D8,10/12/2024,2024,2024/25,Q3,09-Dec,08/01/2025,2025,2024/25,Q4,10-Jan,General business,Motor Trade,Skoda Auto,No Further Action,Breach recorded - regulatory action criteria not met,Unassigned,Yes
Completed,GDPR,IC-344255-F0W2,13/11/2024,2024,2024/25,Q3,08-Nov,08/01/2025,2025,2024/25,Q4,10-Jan,Retail and manufacture,Supplier of goods,Sojitz Corporation of America,No Further Action,Breach recorded - regulatory action criteria not met,Unassigned,Yes
Completed,GDPR,IC-350240-M9W0,11/12/2024,2024,2024/25,Q3,09-Dec,08/01/2025,2025,2024/25,Q4,10-Jan,Charitable and voluntary,National charities,Wessex Archaeology Limited,No Further Action,Breach recorded - regulatory action criteria not met,Unassigned,Yes
Completed,GDPR,IC-344452-H0N5,14/11/2024,2024,2024/25,Q3,08-Nov,08/01/2025,2025,2024/25,Q4,10-Jan,Online Technology and Telecoms,Software developers,Zello Inc,No Further Action,Breach recorded - regulatory action criteria not met,Unassigned,Yes
Completed,GDPR,IC-352583-M2W9,19/12/2024,2024,2024/25,Q3,09-Dec,09/01/2025,2025,2024/25,Q4,10-Jan,Health,Private Healthcare providers,1st Enable Limited,Informal action taken,Breach recorded - regulatory action criteria not met,Advice given,No
Completed,GDPR,IC-354590-K3L0,09/01/2025,2025,2024/25,Q4,10-Jan,09/01/2025,2025,2024/25,Q4,10-Jan,Health,General Practitioner,Affinity Care (Shipley Medical Practice),Informal action taken,Breach recorded - regulatory action criteria not met,Advice given,No
Completed,GDPR,IC-351073-Z8K1,13/12/2024,2024,2024/25,Q3,09-Dec,09/01/2025,2025,2024/25,Q4,10-Jan,Education and childcare,Academy and Free Schools,Alpha Academies Trust,Informal action taken,Breach recorded - regulatory action criteria not met,Advice given,No
Completed,GDPR,IC-354570-R3X3,08/01/2025,2025,2024/25,Q4,10-Jan,09/01/2025,2025,2024/25,Q4,10-Jan,Health,Public health,Anon DC,Informal action taken,Breach recorded - regulatory action criteria not met,Advice given,No
Completed,GDPR,IC-328882-S4T0,29/08/2024,2024,2024/25,Q2,05-Aug,09/01/2025,2025,2024/25,Q4,10-Jan,Local government,District Council,Basildon Borough Council,Informal action taken,Breach recorded - regulatory action criteria not met,Advice given,No
Completed,GDPR,IC-354574-L5Q2,09/01/2025,2025,2024/25,Q4,10-Jan,09/01/2025,2025,2024/25,Q4,10-Jan,Health,General Practitioner,Bere Regis Surgery,Informal action taken,Breach recorded - regulatory action criteria not met,Advice given,No
Completed,GDPR,IC-354596-M4J8,09/01/2025,2025,2024/25,Q4,10-Jan,09/01/2025,2025,2024/25,Q4,10-Jan,Legal,Legal professionals,BG Solicitors LLP,Informal action taken,Breach recorded - regulatory action criteria not met,Advice given,No
Completed,GDPR,IC-354517-P4R9,09/01/2025,2025,2024/25,Q4,10-Jan,09/01/2025,2025,2024/25,Q4,10-Jan,Health,Healthcare and pharmaceuticals,Boots The Chemists Ltd,Informal action taken,Breach recorded - regulatory action criteria not met,Advice given,No
Completed,GDPR,IC-338875-T0Z2,16/10/2024,2024,2024/25,Q3,07-Oct,09/01/2025,2025,2024/25,Q4,10-Jan,Land or property services,Housing association,Cairn Housing Association,Informal action taken,Breach recorded - regulatory action criteria not met,Advice given,No
Completed,GDPR,IC-353013-Z5C9,23/12/2024,2024,2024/25,Q3,09-Dec,09/01/2025,2025,2024/25,Q4,10-Jan,Transport and leisure,Holiday providers and services,Carnival Plc,Informal action taken,Breach recorded - regulatory action criteria not met,Advice given,No
Completed,GDPR,IC-352651-W7C3,20/12/2024,2024,2024/25,Q3,09-Dec,09/01/2025,2025,2024/25,Q4,10-Jan,Local government,"Unitary Authority (London Borough, Mets and Councils in Scotland and Wales)",Ceredigion County Council,Informal action taken,Breach recorded - regulatory action criteria not met,Advice given,No
Completed,GDPR,IC-315278-Z5X6,24/06/2024,2024,2024/25,Q1,03-Jun,09/01/2025,2025,2024/25,Q4,10-Jan,Local government,District Council,City of Lincoln Council,Informal action taken,Breach recorded - regulatory action criteria not met,Advice given,No
Completed,GDPR,IC-354485-L0J2,08/01/2025,2025,2024/25,Q4,10-Jan,09/01/2025,2025,2024/25,Q4,10-Jan,Charitable and voluntary,Local charities,GL11 Community Hub,Informal action taken,Breach recorded - regulatory action criteria not met,Advice given,No
Completed,GDPR,IC-354424-Z8S0,08/01/2025,2025,2024/25,Q4,10-Jan,09/01/2025,2025,2024/25,Q4,10-Jan,Charitable and voluntary,Local charities,Great Minds Together Fics C.I.C,Informal action taken,Breach recorded - regulatory action criteria not met,Advice given,No
Completed,GDPR,IC-300209-V7K6,11/04/2024,2024,2024/25,Q1,01-Apr,09/01/2025,2025,2024/25,Q4,10-Jan,Retail and manufacture,Supplier of services,HALLIBURTON MANAGEMENT LIMITED,Informal action taken,Breach recorded - regulatory action criteria not met,Advice given,No
Completed,GDPR,IC-354379-N9K3,08/01/2025,2025,2024/25,Q4,10-Jan,09/01/2025,2025,2024/25,Q4,10-Jan,Retail and manufacture,Manufacturing,Hitachi Rail Limited,Informal action taken,Breach recorded - regulatory action criteria not met,Advice given,No
Completed,GDPR,IC-256234-N6H6,06/09/2023,2023,2023/24,Q2,06-Sep,09/01/2025,2025,2024/25,Q4,10-Jan,Health,General Practitioner,Jubilee Street Practice,Informal action taken,Breach recorded - regulatory action criteria not met,Advice given,No
Completed,GDPR,IC-354467-K1W7,08/01/2025,2025,2024/25,Q4,10-Jan,09/01/2025,2025,2024/25,Q4,10-Jan,"Finance, insurance and credit",Insolvency Practitioners,Leonard Curtis (UK) Limited,Informal action taken,Breach recorded - regulatory action criteria not met,Advice given,Yes
Completed,GDPR,IC-354551-X1Y6,09/01/2025,2025,2024/25,Q4,10-Jan,09/01/2025,2025,2024/25,Q4,10-Jan,Land or property services,Estate agency / letting agency,Liverpool Property Hub LLP,Informal action taken,Breach recorded - regulatory action criteria not met,Advice given,No
Completed,GDPR,IC-353321-H7T0,01/01/2025,2025,2024/25,Q4,10-Jan,09/01/2025,2025,2024/25,Q4,10-Jan,"Finance, insurance and credit",Financial services and advice,London Financial Growth Limited,Informal action taken,Breach recorded - regulatory action criteria not met,Advice given,No
Completed,GDPR,IC-351059-L8V1,13/12/2024,2024,2024/25,Q3,09-Dec,09/01/2025,2025,2024/25,Q4,10-Jan,Online Technology and Telecoms,Social media,Meta Platforms Inc,Informal action taken,Breach recorded - regulatory action criteria not met,Advice given,No
Completed,GDPR,IC-319335-J7X2,10/07/2024,2024,2024/25,Q2,04-Jul,09/01/2025,2025,2024/25,Q4,10-Jan,Charitable and voluntary,Local charities,Milton Keynes Play Association,Informal action taken,Breach recorded - regulatory action criteria not met,Advice given,No
Completed,GDPR,IC-354450-W6G9,08/01/2025,2025,2024/25,Q4,10-Jan,09/01/2025,2025,2024/25,Q4,10-Jan,Health,Healthcare and pharmaceuticals,MM Care Services Ltd,Informal action taken,Breach recorded - regulatory action criteria not met,Advice given,No
Completed,GDPR,IC-354441-C7T1,08/01/2025,2025,2024/25,Q4,10-Jan,09/01/2025,2025,2024/25,Q4,10-Jan,Legal,Legal professionals,National Legal Service Limited,Informal action taken,Breach recorded - regulatory action criteria not met,Advice given,Yes
Completed,GDPR,IC-353342-N0Z3,27/12/2024,2024,2024/25,Q3,09-Dec,09/01/2025,2025,2024/25,Q4,10-Jan,"Finance, insurance and credit",Banks and Building Societies,National Westminster Bank PLC,Informal action taken,Breach recorded - regulatory action criteria not met,Advice given,No
Completed,GDPR,IC-260885-P6N5,27/09/2023,2023,2023/24,Q2,06-Sep,09/01/2025,2025,2024/25,Q4,10-Jan,Health,Secondary care,North Middlesex University Hospital,Informal action taken,Breach recorded - regulatory action criteria not met,Advice given,No
Completed,GDPR,IC-354406-Y8Y8,08/01/2025,2025,2024/25,Q4,10-Jan,09/01/2025,2025,2024/25,Q4,10-Jan,Charitable and voluntary,Unassigned,Out Together,Informal action taken,Breach recorded - regulatory action criteria not met,Advice given,No
Completed,GDPR,IC-353023-J5G8,24/12/2024,2024,2024/25,Q3,09-Dec,09/01/2025,2025,2024/25,Q4,10-Jan,"Finance, insurance and credit",Banks and Building Societies,Revolut Ltd,Informal action taken,Unassigned,Unassigned,Yes
Completed,GDPR,IC-354417-V5Q7,08/01/2025,2025,2024/25,Q4,10-Jan,09/01/2025,2025,2024/25,Q4,10-Jan,Charitable and voluntary,Local charities,The Intercom Trust,Informal action taken,Breach recorded - regulatory action criteria not met,Advice given,No
Completed,GDPR,IC-351114-J2G3,13/12/2024,2024,2024/25,Q3,09-Dec,09/01/2025,2025,2024/25,Q4,10-Jan,Retail and manufacture,Manufacturing,Valeo Confectionery Limited,Informal action taken,Breach recorded - regulatory action criteria not met,Advice given,No
Completed,GDPR,IC-350905-J0C5,12/12/2024,2024,2024/25,Q3,09-Dec,09/01/2025,2025,2024/25,Q4,10-Jan,General business,Unassigned,Veterinary Pathology Group Limited,Informal action taken,Breach recorded - regulatory action criteria not met,Advice given,No
Completed,GDPR,IC-350597-L5M7,12/12/2024,2024,2024/25,Q3,09-Dec,09/01/2025,2025,2024/25,Q4,10-Jan,Health,Secondary care,West London NHS Trust,Informal action taken,Breach recorded - regulatory action criteria not met,Advice given,No
Completed,GDPR,IC-351441-X3V4,16/12/2024,2024,2024/25,Q3,09-Dec,09/01/2025,2025,2024/25,Q4,10-Jan,Health,Secondary care,West London NHS Trust,Informal action taken,Breach recorded - regulatory action criteria not met,Advice given,No
Completed,GDPR,IC-354527-W2B8,09/01/2025,2025,2024/25,Q4,10-Jan,09/01/2025,2025,2024/25,Q4,10-Jan,Health,Healthcare and pharmaceuticals,Whittington Health NHS Trust,Informal action taken,Breach recorded - regulatory action criteria not met,Advice given,No
Completed,GDPR,IC-354545-D6Z9,09/01/2025,2025,2024/25,Q4,10-Jan,09/01/2025,2025,2024/25,Q4,10-Jan,Transport and leisure,Holiday providers and services,Worldwide Travel Connections,Informal action taken,Breach recorded - regulatory action criteria not met,Advice given,No
Completed,GDPR,IC-350197-J9V0,10/12/2024,2024,2024/25,Q3,09-Dec,09/01/2025,2025,2024/25,Q4,10-Jan,Health,Secondary care,"Wrightington, Wigan and Leigh Teaching Hospitals NHS Foundation Trust",Informal action taken,Breach recorded - regulatory action criteria not met,Advice given,No
Completed,GDPR,IC-354442-R3F0,08/01/2025,2025,2024/25,Q4,10-Jan,09/01/2025,2025,2024/25,Q4,10-Jan,Charitable and voluntary,National charities,Citizens Advice Guildford,No Further Action,Breach recorded - regulatory action criteria not met,Unassigned,Yes
Completed,GDPR,IC-353106-C3X7,20/12/2024,2024,2024/25,Q3,09-Dec,09/01/2025,2025,2024/25,Q4,10-Jan,Online Technology and Telecoms,Service providers,Hutchison 3G UK Limited,No Further Action,Unassigned,Unassigned,Yes
Completed,GDPR,IC-339663-G2S8,22/10/2024,2024,2024/25,Q3,07-Oct,09/01/2025,2025,2024/25,Q4,10-Jan,Online Technology and Telecoms,Service providers,Lycamobile UK Limited,No Further Action,Not PDB,Unassigned,Yes
Completed,GDPR,IC-351183-V1V9,16/12/2024,2024,2024/25,Q3,09-Dec,09/01/2025,2025,2024/25,Q4,10-Jan,Legal,Legal professionals,Pinsent Masons LLP,No Further Action,No action,No data privacy issue UK,Don't know
Completed,GDPR,IC-354472-S1M7,09/01/2025,2025,2024/25,Q4,10-Jan,10/01/2025,2025,2024/25,Q4,10-Jan,Education and childcare,Higher education,Abertay University,Informal action taken,Breach recorded - regulatory action criteria not met,Advice given,No
Completed,GDPR,IC-354794-L3M3,10/01/2025,2025,2024/25,Q4,10-Jan,10/01/2025,2025,2024/25,Q4,10-Jan,Health,Primary care,Avon Valley Practice (J83023),Informal action taken,Breach recorded - regulatory action criteria not met,Advice given,No
Completed,GDPR,IC-354855-K7F6,10/01/2025,2025,2024/25,Q4,10-Jan,10/01/2025,2025,2024/25,Q4,10-Jan,Education and childcare,Further education,Barnet and Southgate College,Informal action taken,Breach recorded - regulatory action criteria not met,Advice given,No
Completed,GDPR,IC-354783-X1Q3,10/01/2025,2025,2024/25,Q4,10-Jan,10/01/2025,2025,2024/25,Q4,10-Jan,Local government,"Parish, community and town councils",Bishops Lydeard and Cothelstone Parish Council,Informal action taken,Breach recorded - regulatory action criteria not met,Advice given,No
Completed,GDPR,IC-354792-G6P4,10/01/2025,2025,2024/25,Q4,10-Jan,10/01/2025,2025,2024/25,Q4,10-Jan,Local government,District Council,Chorley Borough Council,Informal action taken,Breach recorded - regulatory action criteria not met,Advice given,No
Completed,GDPR,IC-354405-Z1K8,08/01/2025,2025,2024/25,Q4,10-Jan,10/01/2025,2025,2024/25,Q4,10-Jan,Education and childcare,Training Company,Cordell Health Ltd,Informal action taken,Breach recorded - regulatory action criteria not met,Advice given,No
Completed,GDPR,IC-354795-P2L4,10/01/2025,2025,2024/25,Q4,10-Jan,10/01/2025,2025,2024/25,Q4,10-Jan,Legal,Legal professionals,Dickinson Wood Solicitors,Informal action taken,Breach recorded - regulatory action criteria not met,Advice given,Yes
Completed,GDPR,IC-351487-D6M2,16/12/2024,2024,2024/25,Q3,09-Dec,10/01/2025,2025,2024/25,Q4,10-Jan,Health,Ambulance Service,East of England Ambulance NHS Trust,Informal action taken,Breach recorded - regulatory action criteria not met,Advice given,No
Completed,GDPR,IC-354757-Z4V8,10/01/2025,2025,2024/25,Q4,10-Jan,10/01/2025,2025,2024/25,Q4,10-Jan,Legal,Legal professionals,Elliot Mather LLP,Informal action taken,Breach recorded - regulatory action criteria not met,Advice given,No
Completed,GDPR,IC-354841-L1H4,10/01/2025,2025,2024/25,Q4,10-Jan,10/01/2025,2025,2024/25,Q4,10-Jan,Education and childcare,Training Company,Endorphins Group,Informal action taken,Breach recorded - regulatory action criteria not met,Advice given,No
Completed,GDPR,IC-352916-T1H0,23/12/2024,2024,2024/25,Q3,09-Dec,10/01/2025,2025,2024/25,Q4,10-Jan,Health,Healthcare and pharmaceuticals,"FibroGen, Inc.",Informal action taken,Unassigned,Unassigned,Yes
Completed,GDPR,IC-354730-N5Q4,09/01/2025,2025,2024/25,Q4,10-Jan,10/01/2025,2025,2024/25,Q4,10-Jan,Education and childcare,Maintained schools,Forster Park Primary School,Informal action taken,Breach recorded - regulatory action criteria not met,Advice given,No
Completed,GDPR,IC-354651-S8C1,09/01/2025,2025,2024/25,Q4,10-Jan,10/01/2025,2025,2024/25,Q4,10-Jan,Social care,Residential care,GEORGIAN HOUSE (TORQUAY) LIMITED,Informal action taken,Breach recorded - regulatory action criteria not met,Advice given,No
Completed,GDPR,IC-354646-B6Y1,09/01/2025,2025,2024/25,Q4,10-Jan,10/01/2025,2025,2024/25,Q4,10-Jan,Social care,Residential care,Greensleeves Homes Trust,Informal action taken,Breach recorded - regulatory action criteria not met,Advice given,No
Completed,GDPR,IC-354820-Q0K6,10/01/2025,2025,2024/25,Q4,10-Jan,10/01/2025,2025,2024/25,Q4,10-Jan,Online Technology and Telecoms,Software developers,H.AI SAS,Informal action taken,Breach recorded - regulatory action criteria not met,Advice given,No
Completed,GDPR,IC-354641-G7Y0,09/01/2025,2025,2024/25,Q4,10-Jan,10/01/2025,2025,2024/25,Q4,10-Jan,Health,Healthcare and pharmaceuticals,Home-Care Perfection Limited,Informal action taken,Breach recorded - regulatory action criteria not met,Advice given,No
Completed,GDPR,IC-354740-V9J2,09/01/2025,2025,2024/25,Q4,10-Jan,10/01/2025,2025,2024/25,Q4,10-Jan,Legal,Legal professionals,Hugh James Solicitors,Informal action taken,Breach recorded - regulatory action criteria not met,Advice given,No
Completed,GDPR,IC-354634-Z3Q3,09/01/2025,2025,2024/25,Q4,10-Jan,10/01/2025,2025,2024/25,Q4,10-Jan,Health,General Practitioner,Jubilee Medical Group,Informal action taken,Breach recorded - regulatory action criteria not met,Advice given,No
Completed,GDPR,IC-354639-F7Q7,09/01/2025,2025,2024/25,Q4,10-Jan,10/01/2025,2025,2024/25,Q4,10-Jan,Charitable and voluntary,Local charities,Limehouse Project,Informal action taken,Breach recorded - regulatory action criteria not met,Advice given,No
Completed,GDPR,IC-354811-Q0G8,10/01/2025,2025,2024/25,Q4,10-Jan,10/01/2025,2025,2024/25,Q4,10-Jan,"Finance, insurance and credit",Financial services and advice,MAST FS Ltd,Informal action taken,Breach recorded - regulatory action criteria not met,Advice given,No
Completed,GDPR,IC-348238-V9X9,02/12/2024,2024,2024/25,Q3,09-Dec,10/01/2025,2025,2024/25,Q4,10-Jan,Health,Public health,Medway Community Healthcare ,Informal action taken,Breach recorded - regulatory action criteria not met,Advice given,Yes
Completed,GDPR,IC-354842-C0L3,10/01/2025,2025,2024/25,Q4,10-Jan,10/01/2025,2025,2024/25,Q4,10-Jan,Local government,City Council,Middlesbrough Council,Informal action taken,Breach recorded - regulatory action criteria not met,Advice given,No
Completed,GDPR,IC-345399-C5Z2,19/11/2024,2024,2024/25,Q3,08-Nov,10/01/2025,2025,2024/25,Q4,10-Jan,Online Technology and Telecoms,Software developers,NETAXIS SOLUTIONS UK LIMITED,Informal action taken,Unassigned,Unassigned,Yes
Completed,GDPR,IC-354690-Y9Z7,31/12/2024,2024,2024/25,Q3,09-Dec,10/01/2025,2025,2024/25,Q4,10-Jan,Social care,Domiciliary care,Newgen care group,Informal action taken,Breach recorded - regulatory action criteria not met,Advice given,No
Completed,GDPR,IC-346765-Q4T8,25/11/2024,2024,2024/25,Q3,08-Nov,10/01/2025,2025,2024/25,Q4,10-Jan,Local government,County Council,North Yorkshire Council,Informal action taken,Breach recorded - regulatory action criteria not met,Advice given,No
Completed,GDPR,IC-351131-R6M6,13/12/2024,2024,2024/25,Q3,09-Dec,10/01/2025,2025,2024/25,Q4,10-Jan,Charitable and voluntary,National charities,ODI Sales Limited,Informal action taken,Breach recorded - regulatory action criteria not met,Advice given,Yes
Completed,GDPR,IC-354700-R5C5,31/12/2024,2024,2024/25,Q3,09-Dec,10/01/2025,2025,2024/25,Q4,10-Jan,Health,Healthcare and pharmaceuticals,Paul Sartori Foundation,Informal action taken,Breach recorded - regulatory action criteria not met,Advice given,No
Completed,GDPR,IC-351296-V4W1,13/12/2024,2024,2024/25,Q3,09-Dec,10/01/2025,2025,2024/25,Q4,10-Jan,"Finance, insurance and credit",Financial services and advice,Personal Assurance Services Limited,Informal action taken,Breach recorded - regulatory action criteria not met,Advice given,Yes
Completed,GDPR,IC-354844-J9P4,10/01/2025,2025,2024/25,Q4,10-Jan,10/01/2025,2025,2024/25,Q4,10-Jan,Charitable and voluntary,National charities,Riding for the Disabled Association Incorporating Carriage Driving,Informal action taken,Breach recorded - regulatory action criteria not met,Advice given,Yes
Completed,GDPR,IC-354766-B3H5,10/01/2025,2025,2024/25,Q4,10-Jan,10/01/2025,2025,2024/25,Q4,10-Jan,Central Government,Government Department,Scotland Office,Informal action taken,Breach recorded - regulatory action criteria not met,Advice given,No
Completed,GDPR,IC-354698-L5Y6,09/01/2025,2025,2024/25,Q4,10-Jan,10/01/2025,2025,2024/25,Q4,10-Jan,Health,Ambulance Service,South East Coast Ambulance Service NHS Foundation Trust,Informal action taken,Breach recorded - regulatory action criteria not met,Advice given,No
Completed,GDPR,IC-354749-P4M8,10/01/2025,2025,2024/25,Q4,10-Jan,10/01/2025,2025,2024/25,Q4,10-Jan,Health,Secondary care,South Tees Hospitals NHS Foundation Trust,Informal action taken,Breach recorded - regulatory action criteria not met,Advice given,No
Completed,GDPR,IC-354732-Y4Y2,09/01/2025,2025,2024/25,Q4,10-Jan,10/01/2025,2025,2024/25,Q4,10-Jan,Health,Healthcare and pharmaceuticals,St Luke's Radiology Oxford Ltd,Informal action taken,Breach recorded - regulatory action criteria not met,Advice given,No
Completed,GDPR,IC-354807-Q0X6,10/01/2025,2025,2024/25,Q4,10-Jan,10/01/2025,2025,2024/25,Q4,10-Jan,Education and childcare,Community School,St Paul's Girls School,Informal action taken,Breach recorded - regulatory action criteria not met,Advice given,No
Completed,GDPR,IC-354813-K7S1,10/01/2025,2025,2024/25,Q4,10-Jan,10/01/2025,2025,2024/25,Q4,10-Jan,Charitable and voluntary,Local charities,St Peter's Saltley Trust,Informal action taken,Breach recorded - regulatory action criteria not met,Advice given,Yes
Completed,GDPR,IC-354621-G1N3,09/01/2025,2025,2024/25,Q4,10-Jan,10/01/2025,2025,2024/25,Q4,10-Jan,Education and childcare,"Nursery, playgroups and After School club",St Stephens Pre-School Community Interest Company,Informal action taken,Breach recorded - regulatory action criteria not met,Advice given,No
Completed,GDPR,IC-354724-J1L4,01/01/2025,2025,2024/25,Q4,10-Jan,10/01/2025,2025,2024/25,Q4,10-Jan,Charitable and voluntary,Local charities,The Anne Matthew Trust ,Informal action taken,Breach recorded - regulatory action criteria not met,Advice given,No
Completed,GDPR,IC-354662-Y2Q1,09/01/2025,2025,2024/25,Q4,10-Jan,10/01/2025,2025,2024/25,Q4,10-Jan,Health,General Practitioner,The Chestnuts Surgery,Informal action taken,Breach recorded - regulatory action criteria not met,Advice given,No
Completed,GDPR,IC-354601-L2C2,09/01/2025,2025,2024/25,Q4,10-Jan,10/01/2025,2025,2024/25,Q4,10-Jan,Social care,Residential care,THE GRANGE (SANDIACRE) LIMITED,Informal action taken,Breach recorded - regulatory action criteria not met,Advice given,No
Completed,GDPR,IC-354808-Q6Y7,10/01/2025,2025,2024/25,Q4,10-Jan,10/01/2025,2025,2024/25,Q4,10-Jan,Education and childcare,Maintained schools,The Olympus Academy Trust,Informal action taken,Breach recorded - regulatory action criteria not met,Advice given,No
Completed,GDPR,IC-352592-H2N2,20/12/2024,2024,2024/25,Q3,09-Dec,10/01/2025,2025,2024/25,Q4,10-Jan,Charitable and voluntary,Local charities,The Penderels Trust Limited,Informal action taken,Breach recorded - regulatory action criteria not met,Advice given,No
Completed,GDPR,IC-354865-S8G3,10/01/2025,2025,2024/25,Q4,10-Jan,10/01/2025,2025,2024/25,Q4,10-Jan,Transport and leisure,Leisure centres and gyms,Third Space London,Informal action taken,Breach recorded - regulatory action criteria not met,Advice given,No
Completed,GDPR,IC-354782-K8M4,10/01/2025,2025,2024/25,Q4,10-Jan,10/01/2025,2025,2024/25,Q4,10-Jan,Retail and manufacture,Manufacturing,Titan Boat Canopies LTD,Informal action taken,Breach recorded - regulatory action criteria not met,Advice given,No
Completed,GDPR,IC-354622-Q5Y3,09/01/2025,2025,2024/25,Q4,10-Jan,10/01/2025,2025,2024/25,Q4,10-Jan,Education and childcare,Further education,University College Birmingham,Informal action taken,Breach recorded - regulatory action criteria not met,Advice given,No
Completed,GDPR,IC-354716-R0G1,09/01/2025,2025,2024/25,Q4,10-Jan,10/01/2025,2025,2024/25,Q4,10-Jan,Land or property services,Property management,Vegner Group Limited,Informal action taken,Breach recorded - regulatory action criteria not met,Advice given,No
Completed,GDPR,IC-354754-V9S8,10/01/2025,2025,2024/25,Q4,10-Jan,10/01/2025,2025,2024/25,Q4,10-Jan,Health,Ambulance Service,Welsh Ambulance Services NHS Trust ,Informal action taken,Breach recorded - regulatory action criteria not met,Advice given,No
Completed,GDPR,IC-354840-T9D0,10/01/2025,2025,2024/25,Q4,10-Jan,10/01/2025,2025,2024/25,Q4,10-Jan,Social care,Residential care,Willoughby Place Limited,Informal action taken,Breach recorded - regulatory action criteria not met,Advice given,No
Completed,GDPR,IC-354656-Q7L8,09/01/2025,2025,2024/25,Q4,10-Jan,10/01/2025,2025,2024/25,Q4,10-Jan,Retail and manufacture,Manufacturing,Witon Engineering Ltd,Informal action taken,Breach recorded - regulatory action criteria not met,Advice given,Yes
Completed,GDPR,IC-354784-C2C5,10/01/2025,2025,2024/25,Q4,10-Jan,10/01/2025,2025,2024/25,Q4,10-Jan,Retail and manufacture,Supplier of goods,XLR8 Sports Ltd,Informal action taken,Breach recorded - regulatory action criteria not met,Advice given,No
Completed,GDPR,IC-354713-W9S7,10/01/2025,2025,2024/25,Q4,10-Jan,10/01/2025,2025,2024/25,Q4,10-Jan,Charitable and voluntary,Local charities,Yellow Door (Solent),Informal action taken,Breach recorded - regulatory action criteria not met,Advice given,No
Completed,GDPR,IC-354816-Y4Z2,10/01/2025,2025,2024/25,Q4,10-Jan,10/01/2025,2025,2024/25,Q4,10-Jan,Charitable and voluntary,Local charities,Zenith Youth Theatre Company,Informal action taken,Breach recorded - regulatory action criteria not met,Advice given,Yes
Completed,GDPR,IC-352960-F2S8,23/12/2024,2024,2024/25,Q3,09-Dec,10/01/2025,2025,2024/25,Q4,10-Jan,Justice,Police Forces,Chief Constable British Transport Police,No Further Action,Not PDB,Unassigned,No
Completed,GDPR,IC-354638-T8Z2,09/01/2025,2025,2024/25,Q4,10-Jan,10/01/2025,2025,2024/25,Q4,10-Jan,General business,Motor Trade,Renault UK ,No Further Action,Breach recorded - regulatory action criteria not met,Unassigned,Yes
Completed,GDPR,IC-346134-X9J2,22/11/2024,2024,2024/25,Q3,08-Nov,10/01/2025,2025,2024/25,Q4,10-Jan,Retail and manufacture,Supplier of goods,Waterstones Booksellers Ltd,No Further Action,Breach recorded - regulatory action criteria not met,Unassigned,Yes
Completed,GDPR,IC-300973-N1C8,15/04/2024,2024,2024/25,Q1,01-Apr,11/01/2025,2025,2024/25,Q4,10-Jan,Online Technology and Telecoms,Customer profiling and data analytics,Ancestry Ireland Unlimited Company ,Informal action taken,Breach recorded - regulatory action criteria not met,Advice given,No
Completed,GDPR,IC-297548-X3Z7,28/03/2024,2024,2023/24,Q4,12-Mar,11/01/2025,2025,2024/25,Q4,10-Jan,Social care,Residential care,Barchester Healthcare Homes Limited,Informal action taken,Breach recorded - regulatory action criteria not met,Advice given,No
Completed,GDPR,IC-300760-P1X4,15/04/2024,2024,2024/25,Q1,01-Apr,11/01/2025,2025,2024/25,Q4,10-Jan,Health,Secondary care,Belfast Health & Social Care Trust,Informal action taken,Breach recorded - regulatory action criteria not met,Advice given,No
Completed,GDPR,IC-294588-H7T8,13/03/2024,2024,2023/24,Q4,12-Mar,11/01/2025,2025,2024/25,Q4,10-Jan,Retail and manufacture,Supplier of services,Boston Commercial Cleaners Ltd,Informal action taken,Breach recorded - regulatory action criteria not met,Advice given,No
Completed,GDPR,IC-300321-V6M5,12/04/2024,2024,2024/25,Q1,01-Apr,11/01/2025,2025,2024/25,Q4,10-Jan,Health,General Practitioner,Brookmill Medical Centre,Informal action taken,Breach recorded - regulatory action criteria not met,Advice given,No
Completed,GDPR,IC-300450-K2K6,12/04/2024,2024,2024/25,Q1,01-Apr,11/01/2025,2025,2024/25,Q4,10-Jan,Justice,Police Forces,Chief Constable Lincolnshire Police,Informal action taken,Breach recorded - regulatory action criteria not met,Advice given,No
Completed,GDPR,IC-300387-Q3Y6,12/04/2024,2024,2024/25,Q1,01-Apr,11/01/2025,2025,2024/25,Q4,10-Jan,"Finance, insurance and credit",Accountancy and Payroll,Cross Accounting And Payroll Service Limited,Informal action taken,Breach recorded - regulatory action criteria not met,Advice given,No
Completed,GDPR,IC-352772-F6T1,20/12/2024,2024,2024/25,Q3,09-Dec,11/01/2025,2025,2024/25,Q4,10-Jan,Local government,"Unitary Authority (London Borough, Mets and Councils in Scotland and Wales)",Durham County Council,Informal action taken,Breach recorded - regulatory action criteria not met,Advice given,No
Completed,GDPR,IC-298754-D3W8,04/04/2024,2024,2024/25,Q1,01-Apr,11/01/2025,2025,2024/25,Q4,10-Jan,Health,General Practitioner,Mendip Country Practice,Informal action taken,Breach recorded - regulatory action criteria not met,Advice given,No
Completed,GDPR,IC-297563-Y5M1,28/03/2024,2024,2023/24,Q4,12-Mar,11/01/2025,2025,2024/25,Q4,10-Jan,"Finance, insurance and credit",Insurance,Post Office Management Services Limited,Informal action taken,Breach recorded - regulatory action criteria not met,Advice given,No
Completed,GDPR,IC-297581-K0G5,28/03/2024,2024,2023/24,Q4,12-Mar,11/01/2025,2025,2024/25,Q4,10-Jan,Education and childcare,Further education,Runshaw College FE Corporation,Informal action taken,Breach recorded - regulatory action criteria not met,Advice given,No
Completed,GDPR,IC-297692-S7K4,28/03/2024,2024,2023/24,Q4,12-Mar,11/01/2025,2025,2024/25,Q4,10-Jan,Transport and leisure,Bar and restaurant,Stonegate Pub Company Limited,Informal action taken,Breach recorded - regulatory action criteria not met,Advice given,Don't know
Completed,GDPR,IC-300020-K7H1,11/04/2024,2024,2024/25,Q1,01-Apr,11/01/2025,2025,2024/25,Q4,10-Jan,Health,General Practitioner,The Croft Surgery,Informal action taken,Breach recorded - regulatory action criteria not met,Advice given,No
Completed,GDPR,IC-297036-Z6H1,27/03/2024,2024,2023/24,Q4,12-Mar,11/01/2025,2025,2024/25,Q4,10-Jan,Land or property services,Estate agency / letting agency,THE PHILIP JAMES PARTNERSHIP LIMITED,Informal action taken,Breach recorded - regulatory action criteria not met,Advice given,No
Completed,GDPR,IC-297554-H0F8,28/03/2024,2024,2023/24,Q4,12-Mar,11/01/2025,2025,2024/25,Q4,10-Jan,"Finance, insurance and credit",Debt collection/tracing,Topaz Finance Limited,Informal action taken,Breach recorded - regulatory action criteria not met,Advice given,No
Completed,GDPR,IC-299154-M1H8,07/04/2024,2024,2024/25,Q1,01-Apr,11/01/2025,2025,2024/25,Q4,10-Jan,Online Technology and Telecoms,Software developers,TRIGEN Limited,Informal action taken,Breach recorded - regulatory action criteria not met,Advice given,No
Completed,GDPR,IC-299062-X6X9,05/04/2024,2024,2024/25,Q1,01-Apr,11/01/2025,2025,2024/25,Q4,10-Jan,Local government,"Unitary Authority (London Borough, Mets and Councils in Scotland and Wales)",Wolverhampton City Council,Informal action taken,Breach recorded - regulatory action criteria not met,Advice given,No
Completed,GDPR,IC-300290-G5G8,12/04/2024,2024,2024/25,Q1,01-Apr,11/01/2025,2025,2024/25,Q4,10-Jan,Health,General Practitioner,Worthing Medical Group,Informal action taken,Breach recorded - regulatory action criteria not met,Advice given,No
Completed,GDPR,IC-300034-L1G1,11/04/2024,2024,2024/25,Q1,01-Apr,11/01/2025,2025,2024/25,Q4,10-Jan,Charitable and voluntary,Local charities,Young Roots,Informal action taken,Breach recorded - regulatory action criteria not met,Advice given,No
Completed,GDPR,IC-297699-Q9J9,29/03/2024,2024,2023/24,Q4,12-Mar,12/01/2025,2025,2024/25,Q4,10-Jan,Health,Dentists,Anon DC,Informal action taken,Breach recorded - regulatory action criteria not met,Advice given,No
Completed,GDPR,IC-301026-R9Z7,15/04/2024,2024,2024/25,Q1,01-Apr,12/01/2025,2025,2024/25,Q4,10-Jan,Local government,District Council,Dover District Council,Informal action taken,Breach recorded - regulatory action criteria not met,Advice given,No
Completed,GDPR,IC-298519-T2D3,03/04/2024,2024,2024/25,Q1,01-Apr,12/01/2025,2025,2024/25,Q4,10-Jan,"Finance, insurance and credit",Financial services and advice,Equifinance Limited,Informal action taken,Breach recorded - regulatory action criteria not met,Advice given,No
Completed,GDPR,IC-353811-R3X9,06/01/2025,2025,2024/25,Q4,10-Jan,12/01/2025,2025,2024/25,Q4,10-Jan,Education and childcare,Maintained schools,Montacute Special School,Informal action taken,Breach recorded - regulatory action criteria not met,Advice given,No
Completed,GDPR,IC-298724-D1C1,04/04/2024,2024,2024/25,Q1,01-Apr,12/01/2025,2025,2024/25,Q4,10-Jan,Legal,Legal professionals,Solex Legal Services Limited,Informal action taken,Breach recorded - regulatory action criteria not met,Advice given,No
Completed,GDPR,IC-355058-D3Z0,10/01/2025,2025,2024/25,Q4,10-Jan,13/01/2025,2025,2024/25,Q4,10-Jan,Charitable and voluntary,Local charities,Citizens Advice Cardiff & Vale,Informal action taken,Breach recorded - regulatory action criteria not met,Advice given,No
Completed,GDPR,IC-355041-P2N5,10/01/2025,2025,2024/25,Q4,10-Jan,13/01/2025,2025,2024/25,Q4,10-Jan,Legal,Legal professionals,Clarke Willmott LLP,Informal action taken,Breach recorded - regulatory action criteria not met,Advice given,No
Completed,GDPR,IC-354172-Q2G7,08/01/2025,2025,2024/25,Q4,10-Jan,13/01/2025,2025,2024/25,Q4,10-Jan,Health,General Practitioner,Croydon Gp Collaborative Ltd,Informal action taken,Breach recorded - regulatory action criteria not met,Advice given,No
Completed,GDPR,IC-355075-L3W6,10/01/2025,2025,2024/25,Q4,10-Jan,13/01/2025,2025,2024/25,Q4,10-Jan,Charitable and voluntary,National charities,East Herts Citizens Advice Service,Informal action taken,Breach recorded - regulatory action criteria not met,Advice given,No
Completed,GDPR,IC-354983-W3D5,10/01/2025,2025,2024/25,Q4,10-Jan,13/01/2025,2025,2024/25,Q4,10-Jan,Transport and leisure,Leisure centres and gyms,F.O Twenty One,Informal action taken,Breach recorded - regulatory action criteria not met,Advice given,No
Completed,GDPR,IC-355013-L7J1,10/01/2025,2025,2024/25,Q4,10-Jan,13/01/2025,2025,2024/25,Q4,10-Jan,Legal,Legal professionals,HLF Berry LLP,Informal action taken,Breach recorded - regulatory action criteria not met,Advice given,No
Completed,GDPR,IC-354933-J8Q5,11/01/2025,2025,2024/25,Q4,10-Jan,13/01/2025,2025,2024/25,Q4,10-Jan,Charitable and voluntary,National charities,International AIDS Vaccine Initiative,Informal action taken,Unassigned,Unassigned,Yes
Completed,GDPR,IC-355057-R6G7,10/01/2025,2025,2024/25,Q4,10-Jan,13/01/2025,2025,2024/25,Q4,10-Jan,Education and childcare,Further education,Kirklees College,Informal action taken,Breach recorded - regulatory action criteria not met,Advice given,No
Completed,GDPR,IC-352486-D9W4,19/12/2024,2024,2024/25,Q3,09-Dec,13/01/2025,2025,2024/25,Q4,10-Jan,Health,Healthcare and pharmaceuticals,LLR Patient Care Locally CIC,Informal action taken,Breach recorded - regulatory action criteria not met,Advice given,No
Completed,GDPR,IC-354993-W5S5,10/01/2025,2025,2024/25,Q4,10-Jan,13/01/2025,2025,2024/25,Q4,10-Jan,Local government,"Unitary Authority (London Borough, Mets and Councils in Scotland and Wales)",London Borough Of Barking and Dagenham Council,Informal action taken,Breach recorded - regulatory action criteria not met,Advice given,No
Completed,GDPR,IC-354970-Q6Z3,10/01/2025,2025,2024/25,Q4,10-Jan,13/01/2025,2025,2024/25,Q4,10-Jan,Local government,"Unitary Authority (London Borough, Mets and Councils in Scotland and Wales)",London Borough of Enfield,Informal action taken,Breach recorded - regulatory action criteria not met,Advice given,No
Completed,GDPR,IC-353939-N6T7,06/01/2025,2025,2024/25,Q4,10-Jan,13/01/2025,2025,2024/25,Q4,10-Jan,Education and childcare,Further education,Morley College Limited,Informal action taken,Breach recorded - regulatory action criteria not met,Advice given,No
Completed,GDPR,IC-354975-P9H2,10/01/2025,2025,2024/25,Q4,10-Jan,13/01/2025,2025,2024/25,Q4,10-Jan,Education and childcare,Academy and Free Schools,Outwood Grange Academies Trust,Informal action taken,Breach recorded - regulatory action criteria not met,Advice given,No
Completed,GDPR,IC-354925-F7R8,12/01/2025,2025,2024/25,Q4,10-Jan,13/01/2025,2025,2024/25,Q4,10-Jan,Health,Private Healthcare providers,Prestine Healthcare Group,Informal action taken,Unassigned,Unassigned,Yes
Completed,GDPR,IC-355061-J0W8,10/01/2025,2025,2024/25,Q4,10-Jan,13/01/2025,2025,2024/25,Q4,10-Jan,Charitable and voluntary,National charities,Rethink Mental Illness,Informal action taken,Breach recorded - regulatory action criteria not met,Advice given,No
Completed,GDPR,IC-355042-C6X7,13/01/2025,2025,2024/25,Q4,10-Jan,13/01/2025,2025,2024/25,Q4,10-Jan,Retail and manufacture,Supplier of services,River Rouge Ltd,Informal action taken,Breach recorded - regulatory action criteria not met,Advice given,Yes
Case Officer Review Completed,GDPR,IC-340157-C0P3,23/10/2024,2024,2024/25,Q3,07-Oct,13/01/2025,2025,2024/25,Q4,10-Jan,Transport and leisure,Holiday providers and services,Serenity Holidays Limited,Informal action taken,Breach recorded - regulatory action criteria not met,Advice given,Yes
Completed,GDPR,IC-354936-P9S8,10/01/2025,2025,2024/25,Q4,10-Jan,13/01/2025,2025,2024/25,Q4,10-Jan,Utilities,Utility companies,Severn Trent Water Limited,Informal action taken,Unassigned,Unassigned,Yes
Completed,GDPR,IC-351316-Y6B6,14/12/2024,2024,2024/25,Q3,09-Dec,13/01/2025,2025,2024/25,Q4,10-Jan,Retail and manufacture,Manufacturing,SGS PACKAGING EUROPE LIMITED,Informal action taken,Breach recorded - regulatory action criteria not met,Advice given,Yes
Completed,GDPR,IC-355084-Z3L7,10/01/2025,2025,2024/25,Q4,10-Jan,13/01/2025,2025,2024/25,Q4,10-Jan,Local government,"Unitary Authority (London Borough, Mets and Councils in Scotland and Wales)",Slough Borough Council,Informal action taken,Breach recorded - regulatory action criteria not met,Advice given,No
Completed,GDPR,IC-355022-C2D9,10/01/2025,2025,2024/25,Q4,10-Jan,13/01/2025,2025,2024/25,Q4,10-Jan,Health,General Practitioner,Stour Surgery,Informal action taken,Breach recorded - regulatory action criteria not met,Advice given,No
Completed,GDPR,IC-354890-X7F3,10/01/2025,2025,2024/25,Q4,10-Jan,13/01/2025,2025,2024/25,Q4,10-Jan,Education and childcare,Private schools,The International School of Aberdeen Educational Trust Limited,Informal action taken,Unassigned,Unassigned,Yes
Completed,GDPR,IC-350806-M8X1,12/12/2024,2024,2024/25,Q3,09-Dec,13/01/2025,2025,2024/25,Q4,10-Jan,Health,Secondary care,University Hospitals Birmingham NHS Foundation Trust,Informal action taken,Breach recorded - regulatory action criteria not met,Advice given,No
Completed,GDPR,IC-355031-M7H1,10/01/2025,2025,2024/25,Q4,10-Jan,13/01/2025,2025,2024/25,Q4,10-Jan,Legal,Legal professionals,WTB Solicitors LLP,Informal action taken,Breach recorded - regulatory action criteria not met,Advice given,No
Completed,GDPR,IC-355078-S8P4,10/01/2025,2025,2024/25,Q4,10-Jan,13/01/2025,2025,2024/25,Q4,10-Jan,Retail and manufacture,Manufacturing,Environmental Fabrications Limited,No Further Action,Unassigned,Unassigned,Yes
Completed,GDPR,IC-354860-Z0S9,07/01/2025,2025,2024/25,Q4,10-Jan,13/01/2025,2025,2024/25,Q4,10-Jan,Health,General Practitioner,Rusthall Medical Centre,No Further Action,Unassigned,Unassigned,Yes
Completed,GDPR,IC-355102-F8D0,10/01/2025,2025,2024/25,Q4,10-Jan,13/01/2025,2025,2024/25,Q4,10-Jan,Health,Healthcare and pharmaceuticals,Yorktest Laboratories Limited,No Further Action,Unassigned,Unassigned,Yes
Completed,GDPR,IC-355167-X9H2,13/01/2025,2025,2024/25,Q4,10-Jan,14/01/2025,2025,2024/25,Q4,10-Jan,General business,Supplier of services,Ansa Environmental Services Limited,Informal action taken,Breach recorded - regulatory action criteria not met,Advice given,No
Completed,GDPR,IC-352332-Z7N1,19/12/2024,2024,2024/25,Q3,09-Dec,14/01/2025,2025,2024/25,Q4,10-Jan,Retail and manufacture,Supplier of goods,Audi AG,Informal action taken,Breach recorded - regulatory action criteria not met,Advice given,Yes
Completed,GDPR,IC-355232-S5X3,13/01/2025,2025,2024/25,Q4,10-Jan,14/01/2025,2025,2024/25,Q4,10-Jan,"Finance, insurance and credit",Insurance,Axa Health Limited,Informal action taken,Breach recorded - regulatory action criteria not met,Advice given,No
Completed,GDPR,IC-351688-C2S4,17/12/2024,2024,2024/25,Q3,09-Dec,14/01/2025,2025,2024/25,Q4,10-Jan,Health,Secondary care,Belfast Health & Social Care Trust,Informal action taken,Breach recorded - regulatory action criteria not met,Advice given,No
Completed,GDPR,IC-355241-C1L5,13/01/2025,2025,2024/25,Q4,10-Jan,14/01/2025,2025,2024/25,Q4,10-Jan,Charitable and voluntary,National charities,British Pharmacological Society,Informal action taken,Breach recorded - regulatory action criteria not met,Advice given,No
Completed,GDPR,IC-355217-S2Q7,13/01/2025,2025,2024/25,Q4,10-Jan,14/01/2025,2025,2024/25,Q4,10-Jan,Health,Healthcare and pharmaceuticals,Clinical Partners Limited,Informal action taken,Breach recorded - regulatory action criteria not met,Advice given,No
Completed,GDPR,IC-355257-H9Y1,13/01/2025,2025,2024/25,Q4,10-Jan,14/01/2025,2025,2024/25,Q4,10-Jan,Retail and manufacture,Unassigned,Culligan (UK) Limited,Informal action taken,Breach recorded - regulatory action criteria not met,Advice given,No
Completed,GDPR,IC-355354-C5T4,14/01/2025,2025,2024/25,Q4,10-Jan,14/01/2025,2025,2024/25,Q4,10-Jan,"Finance, insurance and credit",Insurance,Cuvva Limited,Informal action taken,Breach recorded - regulatory action criteria not met,Advice given,No
Completed,GDPR,IC-299542-S8N6,09/04/2024,2024,2024/25,Q1,01-Apr,14/01/2025,2025,2024/25,Q4,10-Jan,Central Government,Government Department,Department For Education (DFE),Informal action taken,Breach recorded - regulatory action criteria not met,Advice given,No
Completed,GDPR,IC-355408-L8Y3,14/01/2025,2025,2024/25,Q4,10-Jan,14/01/2025,2025,2024/25,Q4,10-Jan,Health,Secondary care,Epsom & St Helier University Hospitals NHS Trust,Informal action taken,Breach recorded - regulatory action criteria not met,Advice given,No
Completed,GDPR,IC-355230-M0G0,13/01/2025,2025,2024/25,Q4,10-Jan,14/01/2025,2025,2024/25,Q4,10-Jan,Land or property services,Unassigned,ERE Property Group,Informal action taken,Breach recorded - regulatory action criteria not met,Advice given,No
Completed,GDPR,IC-351366-M0N2,16/12/2024,2024,2024/25,Q3,09-Dec,14/01/2025,2025,2024/25,Q4,10-Jan,Health,General Practitioner,Fireclay Health Centre,Informal action taken,Breach recorded - regulatory action criteria not met,Advice given,No
Completed,GDPR,IC-355146-T6T8,11/01/2025,2025,2024/25,Q4,10-Jan,14/01/2025,2025,2024/25,Q4,10-Jan,Online Technology and Telecoms,Service providers,Future-Tech Sci Ltd,Informal action taken,Breach recorded - regulatory action criteria not met,Advice given,Yes
Completed,GDPR,IC-355312-W9J2,13/01/2025,2025,2024/25,Q4,10-Jan,14/01/2025,2025,2024/25,Q4,10-Jan,Land or property services,Housing association,Golden Lane Housing,Informal action taken,Breach recorded - regulatory action criteria not met,Advice given,No
Completed,GDPR,IC-354850-G2W7,10/01/2025,2025,2024/25,Q4,10-Jan,14/01/2025,2025,2024/25,Q4,10-Jan,Legal,Legal professionals,Hammons Limited,Informal action taken,Breach recorded - regulatory action criteria not met,Advice given,No
Completed,GDPR,IC-355306-J3Q0,14/01/2025,2025,2024/25,Q4,10-Jan,14/01/2025,2025,2024/25,Q4,10-Jan,Health,Healthcare and pharmaceuticals,HCRG Care Services Ltd,Informal action taken,Breach recorded - regulatory action criteria not met,Advice given,No
Completed,GDPR,IC-355060-W3M9,10/01/2025,2025,2024/25,Q4,10-Jan,14/01/2025,2025,2024/25,Q4,10-Jan,Utilities,Utility companies,Hemiko Ltd,Informal action taken,Breach recorded - regulatory action criteria not met,Advice given,No
Completed,GDPR,IC-355201-X4R5,10/01/2025,2025,2024/25,Q4,10-Jan,14/01/2025,2025,2024/25,Q4,10-Jan,Retail and manufacture,Supplier of services,Investing In Women Limited,Informal action taken,Breach recorded - regulatory action criteria not met,Advice given,No
Completed,GDPR,IC-354390-J3F7,08/01/2025,2025,2024/25,Q4,10-Jan,14/01/2025,2025,2024/25,Q4,10-Jan,Retail and manufacture,Supplier of services,J H Landscapes Limited,Informal action taken,Breach recorded - regulatory action criteria not met,Advice given,No
Completed,GDPR,IC-355185-H8H0,10/01/2025,2025,2024/25,Q4,10-Jan,14/01/2025,2025,2024/25,Q4,10-Jan,Legal,Legal professionals,Jacksons Commercial & Private Law Llp,Informal action taken,Breach recorded - regulatory action criteria not met,Advice given,Yes
Completed,GDPR,IC-355180-H2Z4,13/01/2025,2025,2024/25,Q4,10-Jan,14/01/2025,2025,2024/25,Q4,10-Jan,Legal,Legal professionals,Law Lane Solicitors Limited ,Informal action taken,Breach recorded - regulatory action criteria not met,Advice given,Yes
Completed,GDPR,IC-352756-G7H7,20/12/2024,2024,2024/25,Q3,09-Dec,14/01/2025,2025,2024/25,Q4,10-Jan,Health,General Practitioner,Lyngford Park Surgery,Informal action taken,Breach recorded - regulatory action criteria not met,Advice given,No
Completed,GDPR,IC-355265-C8V4,13/01/2025,2025,2024/25,Q4,10-Jan,14/01/2025,2025,2024/25,Q4,10-Jan,Charitable and voluntary,Local charities,Midland Mencap,Informal action taken,Breach recorded - regulatory action criteria not met,Advice given,No
Completed,GDPR,IC-355195-D8H8,13/01/2025,2025,2024/25,Q4,10-Jan,14/01/2025,2025,2024/25,Q4,10-Jan,Legal,Legal professionals,Naylor Solicitors LLP,Informal action taken,Breach recorded - regulatory action criteria not met,Advice given,No
Completed,GDPR,IC-355213-X1G2,13/01/2025,2025,2024/25,Q4,10-Jan,14/01/2025,2025,2024/25,Q4,10-Jan,General business,Unassigned,Nodor International Ltd,Informal action taken,Breach recorded - regulatory action criteria not met,Advice given,No
Completed,GDPR,IC-355292-L6Q4,14/01/2025,2025,2024/25,Q4,10-Jan,14/01/2025,2025,2024/25,Q4,10-Jan,Health,Unassigned,North Swindon Practice,Informal action taken,Breach recorded - regulatory action criteria not met,Advice given,No
Completed,GDPR,IC-355223-Q1W4,13/01/2025,2025,2024/25,Q4,10-Jan,14/01/2025,2025,2024/25,Q4,10-Jan,Social care,Residential care,Nyms Services Ltd,Informal action taken,Breach recorded - regulatory action criteria not met,Advice given,No
Completed,GDPR,IC-355236-X2L4,13/01/2025,2025,2024/25,Q4,10-Jan,14/01/2025,2025,2024/25,Q4,10-Jan,Social care,Residential care,Nyms Services Ltd,Informal action taken,Breach recorded - regulatory action criteria not met,Advice given,No
Completed,GDPR,IC-355378-B2T6,11/01/2025,2025,2024/25,Q4,10-Jan,14/01/2025,2025,2024/25,Q4,10-Jan,Health,Healthcare and pharmaceuticals,Operose Health (Group) Limited,Informal action taken,Breach recorded - regulatory action criteria not met,Advice given,No
Completed,GDPR,IC-355198-M7Y1,10/01/2025,2025,2024/25,Q4,10-Jan,14/01/2025,2025,2024/25,Q4,10-Jan,"Finance, insurance and credit",Unassigned,Pacem Accounting & Tax Ltd,Informal action taken,Breach recorded - regulatory action criteria not met,Advice given,Yes
Completed,GDPR,IC-355161-P8P0,13/01/2025,2025,2024/25,Q4,10-Jan,14/01/2025,2025,2024/25,Q4,10-Jan,Land or property services,Property management,PMUK,Informal action taken,Breach recorded - regulatory action criteria not met,Advice given,No
Completed,GDPR,IC-355304-T8Z3,13/01/2025,2025,2024/25,Q4,10-Jan,14/01/2025,2025,2024/25,Q4,10-Jan,Justice,Police Commissioners,Police and Crime Commissioner for Northamptonshire,Informal action taken,Breach recorded - regulatory action criteria not met,Advice given,No
Completed,Hybrid,IC-351933-Q0G2,18/12/2024,2024,2024/25,Q3,09-Dec,14/01/2025,2025,2024/25,Q4,10-Jan,"Finance, insurance and credit",Financial services and advice,Private Finance Ltd,Informal action taken,Breach recorded - regulatory action criteria not met,Advice given,No
Completed,GDPR,IC-355263-T0F2,13/01/2025,2025,2024/25,Q4,10-Jan,14/01/2025,2025,2024/25,Q4,10-Jan,Retail and manufacture,Supplier of services,"Puddle Ducks Wakefield, Barnsley, Sheffield & South Leeds",Informal action taken,Breach recorded - regulatory action criteria not met,Advice given,No
Completed,GDPR,IC-351199-G7M2,16/12/2024,2024,2024/25,Q3,09-Dec,14/01/2025,2025,2024/25,Q4,10-Jan,Retail and manufacture,Manufacturing,Rumenco Limited,Informal action taken,Breach recorded - regulatory action criteria not met,Advice given,Yes
Completed,GDPR,IC-355278-P4P1,13/01/2025,2025,2024/25,Q4,10-Jan,14/01/2025,2025,2024/25,Q4,10-Jan,Legal,Legal professionals,SAS Daniels LLP,Informal action taken,Breach recorded - regulatory action criteria not met,Advice given,No
Completed,GDPR,IC-354752-P6B3,10/01/2025,2025,2024/25,Q4,10-Jan,14/01/2025,2025,2024/25,Q4,10-Jan,Health,Secondary care,Sirona Care & Health,Informal action taken,Breach recorded - regulatory action criteria not met,Advice given,No
Completed,GDPR,IC-355247-R2R2,13/01/2025,2025,2024/25,Q4,10-Jan,14/01/2025,2025,2024/25,Q4,10-Jan,Charitable and voluntary,Local charities,St. Davids Diocesan Board Of Finance,Informal action taken,Breach recorded - regulatory action criteria not met,Advice given,No
Completed,GDPR,IC-355176-G2K9,13/01/2025,2025,2024/25,Q4,10-Jan,14/01/2025,2025,2024/25,Q4,10-Jan,"Finance, insurance and credit",Financial services and advice,Tailored Financial Planning Ltd,Informal action taken,Breach recorded - regulatory action criteria not met,Advice given,No
Completed,GDPR,IC-355152-K6R9,11/01/2025,2025,2024/25,Q4,10-Jan,14/01/2025,2025,2024/25,Q4,10-Jan,Health,Pharmacist,Teesside Llp,Informal action taken,Breach recorded - regulatory action criteria not met,Advice given,No
Completed,GDPR,IC-355377-S4S0,11/01/2025,2025,2024/25,Q4,10-Jan,14/01/2025,2025,2024/25,Q4,10-Jan,Health,Private Healthcare providers,Trustee(s) of the London Clinic Limited,Informal action taken,Breach recorded - regulatory action criteria not met,Advice given,No
Completed,GDPR,IC-355250-F7L7,13/01/2025,2025,2024/25,Q4,10-Jan,14/01/2025,2025,2024/25,Q4,10-Jan,Education and childcare,"Nursery, playgroups and After School club",Warwick Community Playschool,Informal action taken,Breach recorded - regulatory action criteria not met,Advice given,No
Completed,GDPR,IC-256177-P0C3,05/09/2023,2023,2023/24,Q2,06-Sep,14/01/2025,2025,2024/25,Q4,10-Jan,Charitable and voluntary,Local charities,Westbank Community Health & Care,Informal action taken,Breach recorded - regulatory action criteria not met,Advice given,No
Completed,GDPR,IC-347076-G1M6,27/11/2024,2024,2024/25,Q3,08-Nov,14/01/2025,2025,2024/25,Q4,10-Jan,Retail and manufacture,Supplier of services,IGT (UK1) Limited,No Further Action,Breach recorded - regulatory action criteria not met,Unassigned,Yes
Completed,GDPR,IC-347079-Q0D3,27/11/2024,2024,2024/25,Q3,08-Nov,14/01/2025,2025,2024/25,Q4,10-Jan,Retail and manufacture,Supplier of goods,IGT (UK2) Limited,No Further Action,Breach recorded - regulatory action criteria not met,Unassigned,Yes
Completed,GDPR,IC-347056-L7D8,27/11/2024,2024,2024/25,Q3,08-Nov,14/01/2025,2025,2024/25,Q4,10-Jan,Retail and manufacture,Supplier of services,IGT U.K. Limited,No Further Action,Breach recorded - regulatory action criteria not met,Unassigned,Yes
Completed,GDPR,IC-347073-W8W6,27/11/2024,2024,2024/25,Q3,08-Nov,14/01/2025,2025,2024/25,Q4,10-Jan,Retail and manufacture,Manufacturing,IGT UK Gaming,No Further Action,Breach recorded - regulatory action criteria not met,Unassigned,Yes
Completed,GDPR,IC-347064-Q5T1,27/11/2024,2024,2024/25,Q3,08-Nov,14/01/2025,2025,2024/25,Q4,10-Jan,Retail and manufacture,Supplier of services,IGT UK Interactive Ltd,No Further Action,Breach recorded - regulatory action criteria not met,Unassigned,Yes
Completed,GDPR,IC-347072-G8B1,27/11/2024,2024,2024/25,Q3,08-Nov,14/01/2025,2025,2024/25,Q4,10-Jan,Retail and manufacture,Supplier of services,International Game Tech,No Further Action,Breach recorded - regulatory action criteria not met,Unassigned,Yes
Completed,GDPR,IC-300050-R6T9,11/04/2024,2024,2024/25,Q1,01-Apr,14/01/2025,2025,2024/25,Q4,10-Jan,"Finance, insurance and credit",Financial services and advice,KBL ADVISORY LIMITED,No Further Action,Not PDB,Unassigned,No
Completed,GDPR,IC-347426-G9R6,29/11/2024,2024,2024/25,Q3,08-Nov,14/01/2025,2025,2024/25,Q4,10-Jan,Charitable and voluntary,Local charities,Liverpool Heart and Chest Hospital Charity,No Further Action,Breach recorded - regulatory action criteria not met,Unassigned,Yes
Completed,GDPR,IC-347069-V3J6,27/11/2024,2024,2024/25,Q3,08-Nov,14/01/2025,2025,2024/25,Q4,10-Jan,Online Technology and Telecoms,Software developers,Oz Interactive Limited,No Further Action,Breach recorded - regulatory action criteria not met,Unassigned,Yes
Case Officer Review Completed,GDPR,IC-352308-D7Z9,12/12/2024,2024,2024/25,Q3,09-Dec,14/01/2025,2025,2024/25,Q4,10-Jan,Online Technology and Telecoms,Software developers,Parkopedia Limited,No Further Action,Not PDB,Unassigned,Don't know
Completed,GDPR,IC-355442-X7V2,14/01/2025,2025,2024/25,Q4,10-Jan,14/01/2025,2025,2024/25,Q4,10-Jan,Health,General Practitioner,Penketh Health Centre,No Further Action,Not PDB,Unassigned,No
Completed,GDPR,IC-355270-Y1D5,14/01/2025,2025,2024/25,Q4,10-Jan,15/01/2025,2025,2024/25,Q4,10-Jan,Retail and manufacture,Unassigned,Advanced Research Cluster Management Limited,Informal action taken,Breach recorded - regulatory action criteria not met,Advice given,Yes
Completed,GDPR,IC-355683-P4N5,15/01/2025,2025,2024/25,Q4,10-Jan,15/01/2025,2025,2024/25,Q4,10-Jan,Land or property services,Estate agency / letting agency,Assured Sale and Progression Limited,Informal action taken,Breach recorded - regulatory action criteria not met,Advice given,No
Completed,GDPR,IC-303357-X3X7,25/04/2024,2024,2024/25,Q1,01-Apr,15/01/2025,2025,2024/25,Q4,10-Jan,Charitable and voluntary,National charities,Autism Initiatives Group,Informal action taken,Breach recorded - regulatory action criteria not met,Advice given,No
Completed,GDPR,IC-355574-N4T7,15/01/2025,2025,2024/25,Q4,10-Jan,15/01/2025,2025,2024/25,Q4,10-Jan,Retail and manufacture,Supplier of services,Axis HR Limited,Informal action taken,Breach recorded - regulatory action criteria not met,Advice given,No
Completed,GDPR,IC-350237-K0W7,11/12/2024,2024,2024/25,Q3,09-Dec,15/01/2025,2025,2024/25,Q4,10-Jan,Health,Secondary care,Blackpool Teaching Hospitals NHS Foundation Trust,Informal action taken,Breach recorded - regulatory action criteria not met,Advice given,No
Completed,GDPR,IC-355701-Y7W6,14/01/2025,2025,2024/25,Q4,10-Jan,15/01/2025,2025,2024/25,Q4,10-Jan,Central Government,Non-departmental public body,British Broadcasting Corporation (BBC),Informal action taken,Breach recorded - regulatory action criteria not met,Advice given,No
Completed,GDPR,IC-355500-F5D2,11/01/2025,2025,2024/25,Q4,10-Jan,15/01/2025,2025,2024/25,Q4,10-Jan,"Finance, insurance and credit",Financial services and advice,British International Investment,Informal action taken,Unassigned,Unassigned,Yes
Completed,GDPR,IC-355528-G4T3,14/01/2025,2025,2024/25,Q4,10-Jan,15/01/2025,2025,2024/25,Q4,10-Jan,Social care,Residential care,Care R Us (Essex) Limited,Informal action taken,Breach recorded - regulatory action criteria not met,Advice given,Yes
Completed,GDPR,IC-351733-L0M3,17/12/2024,2024,2024/25,Q3,09-Dec,15/01/2025,2025,2024/25,Q4,10-Jan,Transport and leisure,Passenger transport,Chabe Limited,Informal action taken,Breach recorded - regulatory action criteria not met,Advice given,No
Completed,GDPR,IC-353409-W5G0,03/01/2025,2025,2024/25,Q4,10-Jan,15/01/2025,2025,2024/25,Q4,10-Jan,Land or property services,Building and property construction,CHESHIRE DRAINAGE SOLUTIONS LTD,Informal action taken,Breach recorded - regulatory action criteria not met,Advice given,No
Completed,GDPR,IC-330556-N8W3,07/09/2024,2024,2024/25,Q2,06-Sep,15/01/2025,2025,2024/25,Q4,10-Jan,Legal,Legal professionals,CRS Law Ltd,Informal action taken,Breach recorded - regulatory action criteria not met,Advice given,No
Completed,GDPR,IC-355765-Z8J6,15/01/2025,2025,2024/25,Q4,10-Jan,15/01/2025,2025,2024/25,Q4,10-Jan,Education and childcare,Academy and Free Schools,Diocese of Norwich Education and Academies Trust,Informal action taken,Breach recorded - regulatory action criteria not met,Advice given,No
Completed,GDPR,IC-352953-Z4Q0,23/12/2024,2024,2024/25,Q3,09-Dec,15/01/2025,2025,2024/25,Q4,10-Jan,Health,Ambulance Service,East of England Ambulance NHS Trust,Informal action taken,Breach recorded - regulatory action criteria not met,Advice given,No
Completed,GDPR,IC-347618-H1F4,29/11/2024,2024,2024/25,Q3,08-Nov,15/01/2025,2025,2024/25,Q4,10-Jan,Health,Healthcare and pharmaceuticals,Exeter Eye LLP,Informal action taken,Breach recorded - regulatory action criteria not met,Advice given,No
Completed,GDPR,IC-355761-P9F3,15/01/2025,2025,2024/25,Q4,10-Jan,15/01/2025,2025,2024/25,Q4,10-Jan,Central Government,Non-departmental public body,Gangmasters and Labour Abuse Authority,Informal action taken,Breach recorded - regulatory action criteria not met,Advice given,No
Completed,GDPR,IC-256186-Y3X4,05/09/2023,2023,2023/24,Q2,06-Sep,15/01/2025,2025,2024/25,Q4,10-Jan,Land or property services,Property management,Greenbelt Group Ltd,Informal action taken,Breach recorded - regulatory action criteria not met,Advice given,No
Completed,GDPR,IC-355664-Y1N7,15/01/2025,2025,2024/25,Q4,10-Jan,15/01/2025,2025,2024/25,Q4,10-Jan,Retail and manufacture,Supplier of goods,Iceland Foods Ltd,Informal action taken,Breach recorded - regulatory action criteria not met,Advice given,No
Completed,GDPR,IC-355506-M0R7,14/01/2025,2025,2024/25,Q4,10-Jan,15/01/2025,2025,2024/25,Q4,10-Jan,"Finance, insurance and credit",Insurance,Insurance Factory Limited,Informal action taken,Breach recorded - regulatory action criteria not met,Advice given,No
Completed,GDPR,IC-355492-D3H8,14/01/2025,2025,2024/25,Q4,10-Jan,15/01/2025,2025,2024/25,Q4,10-Jan,Education and childcare,Academy and Free Schools,Kaleidoscope Learning Trust,Informal action taken,Breach recorded - regulatory action criteria not met,Advice given,No
Completed,GDPR,IC-303350-N0J4,25/04/2024,2024,2024/25,Q1,01-Apr,15/01/2025,2025,2024/25,Q4,10-Jan,Education and childcare,Maintained schools,Langley Grammar School,Informal action taken,Breach recorded - regulatory action criteria not met,Advice given,No
Completed,GDPR,IC-354852-H3S6,10/01/2025,2025,2024/25,Q4,10-Jan,15/01/2025,2025,2024/25,Q4,10-Jan,Retail and manufacture,Supplier of goods,LKQ Group (UK) Limited,Informal action taken,Breach recorded - regulatory action criteria not met,Advice given,No
Completed,GDPR,IC-355666-Q9R9,15/01/2025,2025,2024/25,Q4,10-Jan,15/01/2025,2025,2024/25,Q4,10-Jan,Legal,Legal professionals,Marsden Rawsthorn Solicitors Limited,Informal action taken,Breach recorded - regulatory action criteria not met,Advice given,No
Completed,GDPR,IC-355610-J9R6,15/01/2025,2025,2024/25,Q4,10-Jan,15/01/2025,2025,2024/25,Q4,10-Jan,Land or property services,Property management,MHS HOMES LIMITED,Informal action taken,Breach recorded - regulatory action criteria not met,Advice given,No
Completed,GDPR,IC-323348-T6R9,01/08/2024,2024,2024/25,Q2,05-Aug,15/01/2025,2025,2024/25,Q4,10-Jan,Legal,Legal professionals,NewLaw Legal Ltd,Informal action taken,Breach recorded - regulatory action criteria not met,Advice given,No
Completed,GDPR,IC-256073-X9Q7,05/09/2023,2023,2023/24,Q2,06-Sep,15/01/2025,2025,2024/25,Q4,10-Jan,Health,Public health,NHS Tayside,Informal action taken,Breach recorded - regulatory action criteria not met,Advice given,No
Completed,GDPR,IC-355753-B3L9,15/01/2025,2025,2024/25,Q4,10-Jan,15/01/2025,2025,2024/25,Q4,10-Jan,Retail and manufacture,Supplier of goods,Nissan Europe,Informal action taken,Breach recorded - regulatory action criteria not met,Advice given,No
Completed,GDPR,IC-355517-J5Y9,14/01/2025,2025,2024/25,Q4,10-Jan,15/01/2025,2025,2024/25,Q4,10-Jan,Health,Secondary care,Oxford Health NHS Foundation Trust,Informal action taken,Breach recorded - regulatory action criteria not met,Advice given,No
Completed,GDPR,IC-354021-F9Y2,07/01/2025,2025,2024/25,Q4,10-Jan,15/01/2025,2025,2024/25,Q4,10-Jan,Charitable and voluntary,Local charities,Parental alienation awareness,Informal action taken,Breach recorded - regulatory action criteria not met,Advice given,No
Completed,GDPR,IC-355658-G2W0,15/01/2025,2025,2024/25,Q4,10-Jan,15/01/2025,2025,2024/25,Q4,10-Jan,Education and childcare,Private schools,Pate's Grammar School,Informal action taken,Breach recorded - regulatory action criteria not met,Advice given,No
Completed,GDPR,IC-355782-Y0M2,15/01/2025,2025,2024/25,Q4,10-Jan,15/01/2025,2025,2024/25,Q4,10-Jan,Social care,Residential care,Quantum Care Limited,Informal action taken,Breach recorded - regulatory action criteria not met,Advice given,No
Completed,GDPR,IC-354980-X8L5,10/01/2025,2025,2024/25,Q4,10-Jan,15/01/2025,2025,2024/25,Q4,10-Jan,Charitable and voluntary,National charities,Royal Mencap Society,Informal action taken,Breach recorded - regulatory action criteria not met,Advice given,No
Completed,GDPR,IC-355272-C1R6,14/01/2025,2025,2024/25,Q4,10-Jan,15/01/2025,2025,2024/25,Q4,10-Jan,Education and childcare,Training Company,Screen Alliance For Wales Limited,Informal action taken,Breach recorded - regulatory action criteria not met,Advice given,No
Completed,Hybrid,IC-355256-J0B2,13/01/2025,2025,2024/25,Q4,10-Jan,15/01/2025,2025,2024/25,Q4,10-Jan,Health,Secondary care,Somerset NHS Foundation Trust,Informal action taken,Breach recorded - regulatory action criteria not met,Advice given,No
Completed,GDPR,IC-311889-X9H5,06/06/2024,2024,2024/25,Q1,03-Jun,15/01/2025,2025,2024/25,Q4,10-Jan,Health,Secondary care,South Tees Hospitals NHS Foundation Trust,Informal action taken,Breach recorded - regulatory action criteria not met,Advice given,No
Completed,GDPR,IC-304694-X7D0,03/05/2024,2024,2024/25,Q1,02-May,15/01/2025,2025,2024/25,Q4,10-Jan,Education and childcare,Academy and Free Schools,St Joseph's College Delasalle,Informal action taken,Breach recorded - regulatory action criteria not met,Advice given,No
Completed,GDPR,IC-256181-B4P9,05/09/2023,2023,2023/24,Q2,06-Sep,15/01/2025,2025,2024/25,Q4,10-Jan,Local government,"Unitary Authority (London Borough, Mets and Councils in Scotland and Wales)",Stockport Metropolitan Borough Council,Informal action taken,Breach recorded - regulatory action criteria not met,Advice given,No
Completed,GDPR,IC-355620-T4B2,14/01/2025,2025,2024/25,Q4,10-Jan,15/01/2025,2025,2024/25,Q4,10-Jan,Health,Dentists,The Dental Touch ,Informal action taken,Breach recorded - regulatory action criteria not met,Advice given,No
Completed,GDPR,IC-355493-W8G9,15/01/2025,2025,2024/25,Q4,10-Jan,15/01/2025,2025,2024/25,Q4,10-Jan,Health,General Practitioner,The White House Surgery,Informal action taken,Breach recorded - regulatory action criteria not met,Advice given,No
Completed,GDPR,IC-316194-M8M6,27/06/2024,2024,2024/25,Q1,03-Jun,15/01/2025,2025,2024/25,Q4,10-Jan,Local government,"Unitary Authority (London Borough, Mets and Councils in Scotland and Wales)",West Berkshire District Council,Informal action taken,Breach recorded - regulatory action criteria not met,Advice given,No
Completed,GDPR,IC-344904-N7Z8,15/11/2024,2024,2024/25,Q3,08-Nov,15/01/2025,2025,2024/25,Q4,10-Jan,Health,Secondary care,West London NHS Trust,Informal action taken,Breach recorded - regulatory action criteria not met,Advice given,No
Completed,GDPR,IC-345700-Q8Q4,20/11/2024,2024,2024/25,Q3,08-Nov,15/01/2025,2025,2024/25,Q4,10-Jan,Health,Secondary care,West London NHS Trust,Informal action taken,Breach recorded - regulatory action criteria not met,Advice given,No
Completed,GDPR,IC-305764-M9C8,09/05/2024,2024,2024/25,Q1,02-May,15/01/2025,2025,2024/25,Q4,10-Jan,Education and childcare,Academy and Free Schools,Woodard Academies Trust,Informal action taken,Breach recorded - regulatory action criteria not met,Advice given,No
Completed,GDPR,IC-355790-J5K8,15/01/2025,2025,2024/25,Q4,10-Jan,15/01/2025,2025,2024/25,Q4,10-Jan,Social care,Residential care,ZERO THREE CARE HOMES LLP,Informal action taken,Breach recorded - regulatory action criteria not met,Advice given,No
Completed,GDPR,IC-337352-X8H5,09/10/2024,2024,2024/25,Q3,07-Oct,15/01/2025,2025,2024/25,Q4,10-Jan,Justice,Police Forces,Chief Constable Wiltshire Constabulary,No Further Action,Not PDB,Unassigned,No
Completed,GDPR,IC-354287-M3X8,07/01/2025,2025,2024/25,Q4,10-Jan,15/01/2025,2025,2024/25,Q4,10-Jan,Health,Healthcare and pharmaceuticals,Dr Julian Medical Group Ltd,No Further Action,Not PDB,Unassigned,No
Completed,GDPR,IC-356134-C5D4,16/01/2025,2025,2024/25,Q4,10-Jan,16/01/2025,2025,2024/25,Q4,10-Jan,Charitable and voluntary,Local charities,Advocacy Focus,Informal action taken,Breach recorded - regulatory action criteria not met,Advice given,No
Completed,GDPR,IC-355646-Y6S6,15/01/2025,2025,2024/25,Q4,10-Jan,16/01/2025,2025,2024/25,Q4,10-Jan,Education and childcare,Private schools,Appleford School,Informal action taken,Breach recorded - regulatory action criteria not met,Advice given,No
Completed,GDPR,IC-356121-K6V9,16/01/2025,2025,2024/25,Q4,10-Jan,16/01/2025,2025,2024/25,Q4,10-Jan,Local government,District Council,Basildon Borough Council,Informal action taken,Breach recorded - regulatory action criteria not met,Advice given,No
Completed,GDPR,IC-349537-P8D4,06/12/2024,2024,2024/25,Q3,09-Dec,16/01/2025,2025,2024/25,Q4,10-Jan,Health,General Practitioner,Braid View Medical Practice,Informal action taken,Breach recorded - regulatory action criteria not met,Advice given,No
Completed,GDPR,IC-355857-X3G4,15/01/2025,2025,2024/25,Q4,10-Jan,16/01/2025,2025,2024/25,Q4,10-Jan,Legal,Legal professionals,Caris Robson LLP,Informal action taken,Breach recorded - regulatory action criteria not met,Advice given,No
Completed,GDPR,IC-355980-W2C3,15/01/2025,2025,2024/25,Q4,10-Jan,16/01/2025,2025,2024/25,Q4,10-Jan,Justice,Police Forces,Chief Constable North Yorkshire Police,Informal action taken,Breach recorded - regulatory action criteria not met,Advice given,No
Completed,GDPR,IC-356004-J4Z1,16/01/2025,2025,2024/25,Q4,10-Jan,16/01/2025,2025,2024/25,Q4,10-Jan,Charitable and voluntary,National charities,Clic Sargent Cancer Care for Children,Informal action taken,Breach recorded - regulatory action criteria not met,Advice given,No
Completed,GDPR,IC-355867-Q2V6,15/01/2025,2025,2024/25,Q4,10-Jan,16/01/2025,2025,2024/25,Q4,10-Jan,Health,Secondary care,East & North Hertfordshire NHS Trust,Informal action taken,Breach recorded - regulatory action criteria not met,Advice given,No
Completed,GDPR,IC-355778-B7X7,15/01/2025,2025,2024/25,Q4,10-Jan,16/01/2025,2025,2024/25,Q4,10-Jan,Retail and manufacture,Supplier of services,Energi Vue Limited,Informal action taken,Breach recorded - regulatory action criteria not met,Advice given,No
Completed,GDPR,IC-356026-P2C7,03/01/2025,2025,2024/25,Q4,10-Jan,16/01/2025,2025,2024/25,Q4,10-Jan,Social care,Domiciliary care,Farm And Forest Care Ltd (T/A Caremark),Informal action taken,Breach recorded - regulatory action criteria not met,Advice given,No
Completed,GDPR,IC-356037-D7X9,16/01/2025,2025,2024/25,Q4,10-Jan,16/01/2025,2025,2024/25,Q4,10-Jan,Retail and manufacture,Supplier of services,Fieldcore Service Solutions LLC,Informal action taken,Unassigned,Unassigned,Yes
Completed,GDPR,IC-256322-P1W8,06/09/2023,2023,2023/24,Q2,06-Sep,16/01/2025,2025,2024/25,Q4,10-Jan,Social care,Residential care,Happi Abode Limited,Informal action taken,Breach recorded - regulatory action criteria not met,Advice given,No
Completed,GDPR,IC-355852-D9W4,15/01/2025,2025,2024/25,Q4,10-Jan,16/01/2025,2025,2024/25,Q4,10-Jan,Social care,Domiciliary care,Happy At Home Ltd,Informal action taken,Breach recorded - regulatory action criteria not met,Advice given,No
Completed,GDPR,IC-355900-J3N5,16/01/2025,2025,2024/25,Q4,10-Jan,16/01/2025,2025,2024/25,Q4,10-Jan,Online Technology and Telecoms,Unassigned,Investis Digital Limited,Informal action taken,Breach recorded - regulatory action criteria not met,Advice given,Yes
Completed,GDPR,IC-256425-Z5B2,07/09/2023,2023,2023/24,Q2,06-Sep,16/01/2025,2025,2024/25,Q4,10-Jan,Health,Healthcare and pharmaceuticals,London City Skin Doctor Ltd,Informal action taken,Breach recorded - regulatory action criteria not met,Advice given,No
Completed,GDPR,IC-355727-B1X1,15/01/2025,2025,2024/25,Q4,10-Jan,16/01/2025,2025,2024/25,Q4,10-Jan,Education and childcare,Academy and Free Schools,Marches Academy Trust,Informal action taken,Breach recorded - regulatory action criteria not met,Advice given,No
Completed,GDPR,IC-356013-G5M3,16/01/2025,2025,2024/25,Q4,10-Jan,16/01/2025,2025,2024/25,Q4,10-Jan,Retail and manufacture,Supplier of services,Marva Group,Informal action taken,Breach recorded - regulatory action criteria not met,Advice given,Yes
Completed,GDPR,IC-355591-T0N2,15/01/2025,2025,2024/25,Q4,10-Jan,16/01/2025,2025,2024/25,Q4,10-Jan,Education and childcare,Unassigned,Merry Poppets Nursery Ltd,Informal action taken,Breach recorded - regulatory action criteria not met,Advice given,No
Completed,GDPR,IC-256351-N2T2,07/09/2023,2023,2023/24,Q2,06-Sep,16/01/2025,2025,2024/25,Q4,10-Jan,Transport and leisure,Entertainment providers,National Museum of Wales,Informal action taken,Breach recorded - regulatory action criteria not met,Advice given,No
Completed,GDPR,IC-350981-P5K9,13/12/2024,2024,2024/25,Q3,09-Dec,16/01/2025,2025,2024/25,Q4,10-Jan,Education and childcare,Unassigned,Ngaged Ltd,Informal action taken,Breach recorded - regulatory action criteria not met,Advice given,No
Completed,GDPR,IC-355856-C8B5,15/01/2025,2025,2024/25,Q4,10-Jan,16/01/2025,2025,2024/25,Q4,10-Jan,Charitable and voluntary,Local charities,Norfolk Citizens Advice Bureau,Informal action taken,Breach recorded - regulatory action criteria not met,Advice given,No
Completed,GDPR,IC-354432-N7S2,08/01/2025,2025,2024/25,Q4,10-Jan,16/01/2025,2025,2024/25,Q4,10-Jan,Health,Secondary care,Northern Health and Social Care Trust,Informal action taken,Breach recorded - regulatory action criteria not met,Advice given,No
Completed,GDPR,IC-256432-D6S4,07/09/2023,2023,2023/24,Q2,06-Sep,16/01/2025,2025,2024/25,Q4,10-Jan,Retail and manufacture,Supplier of services,Pat Cook FUNERAL SERVICES,Informal action taken,Breach recorded - regulatory action criteria not met,Advice given,No
Completed,GDPR,IC-355280-B5Q7,13/01/2025,2025,2024/25,Q4,10-Jan,16/01/2025,2025,2024/25,Q4,10-Jan,Education and childcare,Academy and Free Schools,Pathfinder Multi Academy Trust,Informal action taken,Breach recorded - regulatory action criteria not met,Advice given,No
Completed,GDPR,IC-355994-X2L9,15/01/2025,2025,2024/25,Q4,10-Jan,16/01/2025,2025,2024/25,Q4,10-Jan,Transport and leisure,Bar and restaurant,Restaurant Associates,Informal action taken,Breach recorded - regulatory action criteria not met,Advice given,No
Completed,GDPR,IC-322184-X3L3,24/07/2024,2024,2024/25,Q2,04-Jul,16/01/2025,2025,2024/25,Q4,10-Jan,Transport and leisure,Holiday providers and services,Riviera Tours Limited,Informal action taken,Breach recorded - regulatory action criteria not met,Advice given,No
Completed,GDPR,IC-355557-Q9R2,14/01/2025,2025,2024/25,Q4,10-Jan,16/01/2025,2025,2024/25,Q4,10-Jan,Legal,Legal professionals,SHERIDANS SOLICITORS,Informal action taken,Breach recorded - regulatory action criteria not met,Advice given,No
Completed,GDPR,IC-356069-D0Z4,16/01/2025,2025,2024/25,Q4,10-Jan,16/01/2025,2025,2024/25,Q4,10-Jan,Social care,Residential care,St Marys Care Services Ltd,Informal action taken,Breach recorded - regulatory action criteria not met,Advice given,No
Completed,GDPR,IC-356041-F8V6,15/01/2025,2025,2024/25,Q4,10-Jan,16/01/2025,2025,2024/25,Q4,10-Jan,Online Technology and Telecoms,Service providers,Telefonica UK Limited,Informal action taken,Unassigned,Unassigned,Yes
Completed,GDPR,IC-355776-S6H2,15/01/2025,2025,2024/25,Q4,10-Jan,16/01/2025,2025,2024/25,Q4,10-Jan,Education and childcare,Academy and Free Schools,The Boleyn Trust,Informal action taken,Breach recorded - regulatory action criteria not met,Advice given,No
Completed,GDPR,IC-256337-K6D9,07/09/2023,2023,2023/24,Q2,06-Sep,16/01/2025,2025,2024/25,Q4,10-Jan,Local government,"Unitary Authority (London Borough, Mets and Councils in Scotland and Wales)",The Highland Council,Informal action taken,Breach recorded - regulatory action criteria not met,Advice given,No
Completed,GDPR,IC-355953-S3J3,16/01/2025,2025,2024/25,Q4,10-Jan,16/01/2025,2025,2024/25,Q4,10-Jan,Land or property services,Unassigned,The Millbridge Group Ltd,Informal action taken,Breach recorded - regulatory action criteria not met,Advice given,No
Completed,GDPR,IC-355617-C6N0,15/01/2025,2025,2024/25,Q4,10-Jan,16/01/2025,2025,2024/25,Q4,10-Jan,Education and childcare,Maintained schools,The Nobel School,Informal action taken,Breach recorded - regulatory action criteria not met,Advice given,No
Completed,GDPR,IC-256283-W2P3,06/09/2023,2023,2023/24,Q2,06-Sep,16/01/2025,2025,2024/25,Q4,10-Jan,Local government,District Council,Uttlesford District Council,Informal action taken,Breach recorded - regulatory action criteria not met,Advice given,No
Completed,GDPR,IC-355611-V9P2,15/01/2025,2025,2024/25,Q4,10-Jan,16/01/2025,2025,2024/25,Q4,10-Jan,Transport and leisure,Passenger transport,Veezu North Limited,Informal action taken,Breach recorded - regulatory action criteria not met,Advice given,No
Completed,GDPR,IC-355842-N7H3,15/01/2025,2025,2024/25,Q4,10-Jan,16/01/2025,2025,2024/25,Q4,10-Jan,"Finance, insurance and credit",Accountancy and Payroll,West & Berry Limited,Informal action taken,Breach recorded - regulatory action criteria not met,Advice given,No
Completed,GDPR,IC-322768-T1V1,29/07/2024,2024,2024/25,Q2,04-Jul,16/01/2025,2025,2024/25,Q4,10-Jan,Charitable and voluntary,Local charities,West Of England Rural Network,Informal action taken,Breach recorded - regulatory action criteria not met,Advice given,No
Completed,GDPR,IC-356132-Q2L2,16/01/2025,2025,2024/25,Q4,10-Jan,16/01/2025,2025,2024/25,Q4,10-Jan,"Finance, insurance and credit",Accountancy and Payroll,Whyfield Limited,Informal action taken,Breach recorded - regulatory action criteria not met,Advice given,Yes
Completed,GDPR,IC-355999-G9Y4,15/01/2025,2025,2024/25,Q4,10-Jan,16/01/2025,2025,2024/25,Q4,10-Jan,Land or property services,Housing association,Wythenshawe Community Housing Group,Informal action taken,Breach recorded - regulatory action criteria not met,Advice given,No
Completed,GDPR,IC-355986-K8J0,16/01/2025,2025,2024/25,Q4,10-Jan,16/01/2025,2025,2024/25,Q4,10-Jan,Retail and manufacture,Supplier of services,Anon DC,No Further Action,Not PDB,Unassigned,Yes
Completed,GDPR,IC-354516-P6D0,09/01/2025,2025,2024/25,Q4,10-Jan,16/01/2025,2025,2024/25,Q4,10-Jan,Online Technology and Telecoms,Software developers,eyworks Limited,No Further Action,Not PDB,Unassigned,No
Completed,GDPR,IC-356234-K9X3,16/01/2025,2025,2024/25,Q4,10-Jan,17/01/2025,2025,2024/25,Q4,10-Jan,Charitable and voluntary,National charities,Action for ME,Informal action taken,Breach recorded - regulatory action criteria not met,Advice given,No
Completed,GDPR,IC-259311-H0F0,19/09/2023,2023,2023/24,Q2,06-Sep,17/01/2025,2025,2024/25,Q4,10-Jan,Health,General Practitioner,All Saints Medical Centre/Herbert Road PMS,Informal action taken,Breach recorded - regulatory action criteria not met,Advice given,No
Completed,GDPR,IC-356356-Z0Q6,17/01/2025,2025,2024/25,Q4,10-Jan,17/01/2025,2025,2024/25,Q4,10-Jan,Social care,Residential care,Almond Care Children's Services,Informal action taken,Breach recorded - regulatory action criteria not met,Advice given,No
Completed,GDPR,IC-356459-V0P1,17/01/2025,2025,2024/25,Q4,10-Jan,17/01/2025,2025,2024/25,Q4,10-Jan,Retail and manufacture,Manufacturing,Anglia Maltings (Holdings) Limited,Informal action taken,Breach recorded - regulatory action criteria not met,Advice given,No
Completed,GDPR,IC-356372-Q3F2,17/01/2025,2025,2024/25,Q4,10-Jan,17/01/2025,2025,2024/25,Q4,10-Jan,Local government,"Unitary Authority (London Borough, Mets and Councils in Scotland and Wales)",Angus Council,Informal action taken,Breach recorded - regulatory action criteria not met,Advice given,No
Completed,GDPR,IC-356124-V7R3,16/01/2025,2025,2024/25,Q4,10-Jan,17/01/2025,2025,2024/25,Q4,10-Jan,Health,Healthcare and pharmaceuticals,Asclepius OHS Limited,Informal action taken,Breach recorded - regulatory action criteria not met,Advice given,No
Completed,GDPR,IC-356276-D2X1,16/01/2025,2025,2024/25,Q4,10-Jan,17/01/2025,2025,2024/25,Q4,10-Jan,Health,Secondary care,Blackpool Teaching Hospitals NHS Foundation Trust,Informal action taken,Breach recorded - regulatory action criteria not met,Advice given,No
Completed,GDPR,IC-355627-X0L4,15/01/2025,2025,2024/25,Q4,10-Jan,17/01/2025,2025,2024/25,Q4,10-Jan,Transport and leisure,Holiday providers and services,Blue Sky Resorts Limited,Informal action taken,Breach recorded - regulatory action criteria not met,Advice given,No
Completed,GDPR,IC-354448-D3K2,08/01/2025,2025,2024/25,Q4,10-Jan,17/01/2025,2025,2024/25,Q4,10-Jan,Local government,"Unitary Authority (London Borough, Mets and Councils in Scotland and Wales)","Bournemouth, Christchurch and Poole Council (BCP)",Informal action taken,Breach recorded - regulatory action criteria not met,Advice given,No
Completed,GDPR,IC-356056-C9Y3,16/01/2025,2025,2024/25,Q4,10-Jan,17/01/2025,2025,2024/25,Q4,10-Jan,Education and childcare,Academy and Free Schools,Cathedral Schools Trust (CST),Informal action taken,Breach recorded - regulatory action criteria not met,Advice given,No
Completed,GDPR,IC-356403-T8N0,17/01/2025,2025,2024/25,Q4,10-Jan,17/01/2025,2025,2024/25,Q4,10-Jan,Education and childcare,Academy and Free Schools,Diocese of Norwich Education and Academies Trust,Informal action taken,Breach recorded - regulatory action criteria not met,Advice given,No
Completed,GDPR,IC-354177-T5N8,06/01/2025,2025,2024/25,Q4,10-Jan,17/01/2025,2025,2024/25,Q4,10-Jan,Health,General Practitioner,East Cowes Medical Centre,Informal action taken,Breach recorded - regulatory action criteria not met,Advice given,No
Completed,GDPR,IC-256570-M5Z9,08/09/2023,2023,2023/24,Q2,06-Sep,17/01/2025,2025,2024/25,Q4,10-Jan,Health,Ambulance Service,East of England Ambulance NHS Trust,Informal action taken,Breach recorded - regulatory action criteria not met,Advice given,No
Completed,GDPR,IC-356308-V8P0,16/01/2025,2025,2024/25,Q4,10-Jan,17/01/2025,2025,2024/25,Q4,10-Jan,Retail and manufacture,Supplier of services,Elegant Aesthetic Beauty Ltd,Informal action taken,Breach recorded - regulatory action criteria not met,Advice given,No
Completed,GDPR,IC-356379-Z2G3,17/01/2025,2025,2024/25,Q4,10-Jan,17/01/2025,2025,2024/25,Q4,10-Jan,Education and childcare,Academy and Free Schools,Endeavour Learning Trust,Informal action taken,Breach recorded - regulatory action criteria not met,Advice given,No
Completed,GDPR,IC-356330-D3V0,16/01/2025,2025,2024/25,Q4,10-Jan,17/01/2025,2025,2024/25,Q4,10-Jan,"Finance, insurance and credit",Insurance,H W WOOD LIMITED,Informal action taken,Breach recorded - regulatory action criteria not met,Advice given,No
Completed,GDPR,IC-356405-R8G0,17/01/2025,2025,2024/25,Q4,10-Jan,17/01/2025,2025,2024/25,Q4,10-Jan,"Finance, insurance and credit",Insurance,H W WOOD LIMITED,Informal action taken,Breach recorded - regulatory action criteria not met,Advice given,No
Completed,GDPR,IC-356301-K7D3,16/01/2025,2025,2024/25,Q4,10-Jan,17/01/2025,2025,2024/25,Q4,10-Jan,Online Technology and Telecoms,Software developers,Hostinger Uk Limited,Informal action taken,Unassigned,Unassigned,Yes
Completed,GDPR,IC-356304-T3N0,16/01/2025,2025,2024/25,Q4,10-Jan,17/01/2025,2025,2024/25,Q4,10-Jan,Retail and manufacture,Supplier of goods,Iceland Foods Ltd,Informal action taken,Breach recorded - regulatory action criteria not met,Advice given,No
Completed,GDPR,IC-356223-B9P9,16/01/2025,2025,2024/25,Q4,10-Jan,17/01/2025,2025,2024/25,Q4,10-Jan,Health,Secondary care,Imperial College Healthcare NHS Trust,Informal action taken,Breach recorded - regulatory action criteria not met,Advice given,No
Completed,GDPR,IC-356317-T7R3,16/01/2025,2025,2024/25,Q4,10-Jan,17/01/2025,2025,2024/25,Q4,10-Jan,Health,Secondary care,Imperial College Healthcare NHS Trust,Informal action taken,Breach recorded - regulatory action criteria not met,Advice given,Yes
Completed,GDPR,IC-259015-N4S0,18/09/2023,2023,2023/24,Q2,06-Sep,17/01/2025,2025,2024/25,Q4,10-Jan,Local government,County Council,Kent County Council,Informal action taken,Breach recorded - regulatory action criteria not met,Advice given,No
Completed,GDPR,IC-259026-T9S3,18/09/2023,2023,2023/24,Q2,06-Sep,17/01/2025,2025,2024/25,Q4,10-Jan,Health,Secondary care,Lancashire Teaching Hospitals NHS Foundation Trust,Informal action taken,Breach recorded - regulatory action criteria not met,Advice given,No
Completed,GDPR,IC-356280-Z1S1,16/01/2025,2025,2024/25,Q4,10-Jan,17/01/2025,2025,2024/25,Q4,10-Jan,Retail and manufacture,Supplier of services,Latium Management Services,Informal action taken,Unassigned,Unassigned,Yes
Completed,GDPR,IC-356220-P1G5,16/01/2025,2025,2024/25,Q4,10-Jan,17/01/2025,2025,2024/25,Q4,10-Jan,Education and childcare,Higher education,Leicester College,Informal action taken,Breach recorded - regulatory action criteria not met,Advice given,No
Completed,GDPR,IC-355618-G0Z9,15/01/2025,2025,2024/25,Q4,10-Jan,17/01/2025,2025,2024/25,Q4,10-Jan,Retail and manufacture,Supplier of services,Milk Education Ltd,Informal action taken,Breach recorded - regulatory action criteria not met,Advice given,No
Completed,GDPR,IC-354510-Z8S6,08/01/2025,2025,2024/25,Q4,10-Jan,17/01/2025,2025,2024/25,Q4,10-Jan,"Finance, insurance and credit",Banks and Building Societies,National Westminster Bank PLC,Informal action taken,Breach recorded - regulatory action criteria not met,Advice given,No
Completed,GDPR,IC-356340-H3R3,17/01/2025,2025,2024/25,Q4,10-Jan,17/01/2025,2025,2024/25,Q4,10-Jan,Education and childcare,Maintained schools,Royal Alexandra & Albert School,Informal action taken,Breach recorded - regulatory action criteria not met,Advice given,Yes
Completed,GDPR,IC-354611-V8B0,09/01/2025,2025,2024/25,Q4,10-Jan,17/01/2025,2025,2024/25,Q4,10-Jan,Health,Secondary care,Royal Devon University Healthcare NHS Foundation Trust,Informal action taken,Breach recorded - regulatory action criteria not met,Advice given,No
Completed,GDPR,IC-356236-S2S5,16/01/2025,2025,2024/25,Q4,10-Jan,17/01/2025,2025,2024/25,Q4,10-Jan,Legal,Legal professionals,Simple Claims,Informal action taken,Breach recorded - regulatory action criteria not met,Advice given,No
Completed,GDPR,IC-259060-G3D1,18/09/2023,2023,2023/24,Q2,06-Sep,17/01/2025,2025,2024/25,Q4,10-Jan,Health,Ambulance Service,South East Coast Ambulance Service NHS Foundation Trust,Informal action taken,Breach recorded - regulatory action criteria not met,Advice given,No
Completed,GDPR,IC-356233-V2K0,16/01/2025,2025,2024/25,Q4,10-Jan,17/01/2025,2025,2024/25,Q4,10-Jan,Local government,District Council,South Staffordshire District Council,Informal action taken,Breach recorded - regulatory action criteria not met,Advice given,No
Completed,GDPR,IC-356237-W5M7,16/01/2025,2025,2024/25,Q4,10-Jan,17/01/2025,2025,2024/25,Q4,10-Jan,Education and childcare,Maintained schools,Swanhurst School,Informal action taken,Breach recorded - regulatory action criteria not met,Advice given,No
Completed,GDPR,IC-356368-Q3Z9,17/01/2025,2025,2024/25,Q4,10-Jan,17/01/2025,2025,2024/25,Q4,10-Jan,Legal,Legal professionals,Talbots Law Limted,Informal action taken,Breach recorded - regulatory action criteria not met,Advice given,No
Completed,GDPR,IC-356238-X1D6,16/01/2025,2025,2024/25,Q4,10-Jan,17/01/2025,2025,2024/25,Q4,10-Jan,Health,Primary care,The Key Medical Practice,Informal action taken,Breach recorded - regulatory action criteria not met,Advice given,No
Completed,GDPR,IC-355783-J9C5,15/01/2025,2025,2024/25,Q4,10-Jan,17/01/2025,2025,2024/25,Q4,10-Jan,Education and childcare,Academy and Free Schools,The St Teresa of Calcutta Catholic Academy Trust,Informal action taken,Breach recorded - regulatory action criteria not met,Advice given,No
Completed,GDPR,IC-356465-W4S7,17/01/2025,2025,2024/25,Q4,10-Jan,17/01/2025,2025,2024/25,Q4,10-Jan,Transport and leisure,Leisure centres and gyms,Third Space (Islington) Limited,Informal action taken,Breach recorded - regulatory action criteria not met,Advice given,No
Completed,GDPR,IC-356321-Y5F9,16/01/2025,2025,2024/25,Q4,10-Jan,17/01/2025,2025,2024/25,Q4,10-Jan,Education and childcare,Higher education,University of Plymouth,Informal action taken,Breach recorded - regulatory action criteria not met,Advice given,No
Completed,GDPR,IC-306266-C5N8,10/05/2024,2024,2024/25,Q1,02-May,18/01/2025,2025,2024/25,Q4,10-Jan,Land or property services,Housing association,Accord Housing Association Limited,Informal action taken,Breach recorded - regulatory action criteria not met,Advice given,No
Completed,GDPR,IC-310147-Y2L0,30/05/2024,2024,2024/25,Q1,02-May,18/01/2025,2025,2024/25,Q4,10-Jan,Transport and leisure,Entertainment providers,Adventure Leisure Limited,Informal action taken,Breach recorded - regulatory action criteria not met,Advice given,No
Completed,GDPR,IC-307550-J6D1,17/05/2024,2024,2024/25,Q1,02-May,18/01/2025,2025,2024/25,Q4,10-Jan,Education and childcare,Training Company,ALBA FORKLIFT TRAINING LIMITED,Informal action taken,Breach recorded - regulatory action criteria not met,Advice given,No
Completed,GDPR,IC-263813-D8Q1,12/10/2023,2023,2023/24,Q3,07-Oct,18/01/2025,2025,2024/25,Q4,10-Jan,"Finance, insurance and credit",Accountancy and Payroll,Barbara's bookkeeping and treasurer for Haslemere Natural History society,Informal action taken,Breach recorded - regulatory action criteria not met,Advice given,Yes
Completed,GDPR,IC-307251-N2Q1,15/05/2024,2024,2024/25,Q1,02-May,18/01/2025,2025,2024/25,Q4,10-Jan,Legal,Legal professionals,Bates & Mountain Solicitors,Informal action taken,Breach recorded - regulatory action criteria not met,Advice given,No
Completed,GDPR,IC-310218-S9C4,31/05/2024,2024,2024/25,Q1,02-May,18/01/2025,2025,2024/25,Q4,10-Jan,Education and childcare,Private schools,Bell Concord Educational Trust Limited,Informal action taken,Breach recorded - regulatory action criteria not met,Advice given,No
Completed,GDPR,IC-310213-P3W4,31/05/2024,2024,2024/25,Q1,02-May,18/01/2025,2025,2024/25,Q4,10-Jan,Legal,Legal professionals,Bolt Burdon Kemp Llp,Informal action taken,Breach recorded - regulatory action criteria not met,Advice given,No
Completed,GDPR,IC-312119-C1M6,06/06/2024,2024,2024/25,Q1,03-Jun,18/01/2025,2025,2024/25,Q4,10-Jan,Central Government,Non-departmental public body,British Broadcasting Corporation (BBC),Informal action taken,Breach recorded - regulatory action criteria not met,Advice given,No
Completed,GDPR,IC-304753-K2F0,03/05/2024,2024,2024/25,Q1,02-May,18/01/2025,2025,2024/25,Q4,10-Jan,Local government,"Unitary Authority (London Borough, Mets and Councils in Scotland and Wales)",Calderdale Metropolitan Borough Council,Informal action taken,Breach recorded - regulatory action criteria not met,Advice given,No
Completed,GDPR,IC-273942-L2L0,30/11/2023,2023,2023/24,Q3,08-Nov,18/01/2025,2025,2024/25,Q4,10-Jan,Health,Healthcare and pharmaceuticals,Cardiff & Vale University Local Health Board,Informal action taken,Breach recorded - regulatory action criteria not met,Advice given,No
Completed,GDPR,IC-304081-H7V9,29/04/2024,2024,2024/25,Q1,01-Apr,18/01/2025,2025,2024/25,Q4,10-Jan,Charitable and voluntary,National charities,Change Grow Live,Informal action taken,Breach recorded - regulatory action criteria not met,Advice given,No
Completed,GDPR,IC-308639-N2H3,23/05/2024,2024,2024/25,Q1,02-May,18/01/2025,2025,2024/25,Q4,10-Jan,Transport and leisure,Bar and restaurant,Ichibanya UK Ltd ,Informal action taken,Breach recorded - regulatory action criteria not met,Advice given,Yes
Completed,GDPR,IC-304066-Z3K4,29/04/2024,2024,2024/25,Q1,01-Apr,18/01/2025,2025,2024/25,Q4,10-Jan,Social care,Residential care,Maslow Residential Support Services Ltd,Informal action taken,Breach recorded - regulatory action criteria not met,Advice given,No
Completed,GDPR,IC-304680-F4Q2,02/05/2024,2024,2024/25,Q1,02-May,18/01/2025,2025,2024/25,Q4,10-Jan,Retail and manufacture,Supplier of services,My Window Cleaner Franchising Limited,Informal action taken,Breach recorded - regulatory action criteria not met,Advice given,No
Completed,GDPR,IC-306278-C8W5,11/05/2024,2024,2024/25,Q1,02-May,18/01/2025,2025,2024/25,Q4,10-Jan,Local government,"Parish, community and town councils",Nettleton Parish Council,Informal action taken,Breach recorded - regulatory action criteria not met,Advice given,No
Completed,GDPR,IC-305522-Q1F5,07/05/2024,2024,2024/25,Q1,02-May,18/01/2025,2025,2024/25,Q4,10-Jan,Land or property services,Estate agency / letting agency,OLIVERS RESIDENTIAL LIMITED,Informal action taken,Breach recorded - regulatory action criteria not met,Advice given,No
Completed,GDPR,IC-309735-G6G9,28/05/2024,2024,2024/25,Q1,02-May,18/01/2025,2025,2024/25,Q4,10-Jan,Retail and manufacture,Supplier of services,Phase 3 Consulting Limited,Informal action taken,Breach recorded - regulatory action criteria not met,Advice given,No
Completed,GDPR,IC-304059-Z3F4,29/04/2024,2024,2024/25,Q1,01-Apr,18/01/2025,2025,2024/25,Q4,10-Jan,Land or property services,Estate agency / letting agency,Purplebricks Property Limited,Informal action taken,Breach recorded - regulatory action criteria not met,Advice given,No
Completed,GDPR,IC-308616-R1K7,23/05/2024,2024,2024/25,Q1,02-May,18/01/2025,2025,2024/25,Q4,10-Jan,Land or property services,Building and property construction,Scotts Property LLP,Informal action taken,Breach recorded - regulatory action criteria not met,Advice given,Yes
Completed,GDPR,IC-304062-B0T2,29/04/2024,2024,2024/25,Q1,01-Apr,18/01/2025,2025,2024/25,Q4,10-Jan,Health,Advisory boards and panels,SERVESOUL LIMITED,Informal action taken,Breach recorded - regulatory action criteria not met,Advice given,No
Completed,GDPR,IC-307353-Y0H2,16/05/2024,2024,2024/25,Q1,02-May,18/01/2025,2025,2024/25,Q4,10-Jan,Utilities,Utility companies,Severn Trent Water Limited,Informal action taken,Breach recorded - regulatory action criteria not met,Advice given,No
Completed,GDPR,IC-302467-Q4S8,22/04/2024,2024,2024/25,Q1,01-Apr,18/01/2025,2025,2024/25,Q4,10-Jan,"Finance, insurance and credit",Financial services and advice,Skerritt Consultants Ltd,Informal action taken,Breach recorded - regulatory action criteria not met,Advice given,Yes
Completed,GDPR,IC-305762-J7Q6,09/05/2024,2024,2024/25,Q1,02-May,18/01/2025,2025,2024/25,Q4,10-Jan,Health,Secondary care,Somerset NHS Foundation Trust,Informal action taken,Breach recorded - regulatory action criteria not met,Advice given,No
Completed,GDPR,IC-307152-J5H9,15/05/2024,2024,2024/25,Q1,02-May,18/01/2025,2025,2024/25,Q4,10-Jan,Health,Secondary care,Southern Health & Social Care Trust,Informal action taken,Breach recorded - regulatory action criteria not met,Advice given,No
Completed,GDPR,IC-307304-P6L5,16/05/2024,2024,2024/25,Q1,02-May,18/01/2025,2025,2024/25,Q4,10-Jan,Health,General Practitioner,Sydenham House Medical Group,Informal action taken,Breach recorded - regulatory action criteria not met,Advice given,No
Completed,GDPR,IC-313572-N3C9,14/06/2024,2024,2024/25,Q1,03-Jun,18/01/2025,2025,2024/25,Q4,10-Jan,Charitable and voluntary,Local charities,Youth Connect South West,Informal action taken,Breach recorded - regulatory action criteria not met,Advice given,No
Completed,GDPR,IC-316297-F0R8,27/06/2024,2024,2024/25,Q1,03-Jun,19/01/2025,2025,2024/25,Q4,10-Jan,Legal,Legal professionals,Brachers LLP,Informal action taken,Breach recorded - regulatory action criteria not met,Advice given,No
Completed,GDPR,IC-316592-H2L7,30/06/2024,2024,2024/25,Q1,03-Jun,19/01/2025,2025,2024/25,Q4,10-Jan,Religious,Religious organisations,Brighton and Hove Progressive Synagogue,Informal action taken,Breach recorded - regulatory action criteria not met,Advice given,No
Completed,GDPR,IC-315005-J5M0,21/06/2024,2024,2024/25,Q1,03-Jun,19/01/2025,2025,2024/25,Q4,10-Jan,Social care,Residential care,Castlethorpe Nursing Home,Informal action taken,Breach recorded - regulatory action criteria not met,Advice given,No
Completed,GDPR,IC-315559-Q8Z7,25/06/2024,2024,2024/25,Q1,03-Jun,19/01/2025,2025,2024/25,Q4,10-Jan,Justice,Police Forces,Chief Constable West Midlands Police,Informal action taken,Breach recorded - regulatory action criteria not met,Advice given,No
Completed,GDPR,IC-316302-S7K5,27/06/2024,2024,2024/25,Q1,03-Jun,19/01/2025,2025,2024/25,Q4,10-Jan,Legal,Legal professionals,Clarke Willmott LLP,Informal action taken,Breach recorded - regulatory action criteria not met,Advice given,No
Completed,GDPR,IC-314687-B8K8,20/06/2024,2024,2024/25,Q1,03-Jun,19/01/2025,2025,2024/25,Q4,10-Jan,Online Technology and Telecoms,Infrastructure and hardware providers,Face It Limited,Informal action taken,Breach recorded - regulatory action criteria not met,Advice given,No
Completed,GDPR,IC-318371-Q0R0,05/07/2024,2024,2024/25,Q2,04-Jul,19/01/2025,2025,2024/25,Q4,10-Jan,Local government,"Parish, community and town councils",Honiton Town Council,Informal action taken,Breach recorded - regulatory action criteria not met,Advice given,No
Completed,GDPR,IC-316472-C8M2,28/06/2024,2024,2024/25,Q1,03-Jun,19/01/2025,2025,2024/25,Q4,10-Jan,Retail and manufacture,Supplier of goods,Jo Loves Limited,Informal action taken,Breach recorded - regulatory action criteria not met,Advice given,No
Completed,GDPR,IC-316491-K2K8,28/06/2024,2024,2024/25,Q1,03-Jun,19/01/2025,2025,2024/25,Q4,10-Jan,Local government,"Unitary Authority (London Borough, Mets and Councils in Scotland and Wales)",London Borough Of Barking and Dagenham Council,Informal action taken,Breach recorded - regulatory action criteria not met,Advice given,Yes
Completed,GDPR,IC-314721-L8Y1,20/06/2024,2024,2024/25,Q1,03-Jun,19/01/2025,2025,2024/25,Q4,10-Jan,Land or property services,Property management,Multiplex Construction Europe Limited,Informal action taken,Breach recorded - regulatory action criteria not met,Advice given,No
Completed,GDPR,IC-315372-Q0L1,24/06/2024,2024,2024/25,Q1,03-Jun,19/01/2025,2025,2024/25,Q4,10-Jan,Health,Pharmacist,Personal Homecare Pharmacy ltd,Informal action taken,Breach recorded - regulatory action criteria not met,Advice given,No
Completed,GDPR,IC-316073-M6T3,26/06/2024,2024,2024/25,Q1,03-Jun,19/01/2025,2025,2024/25,Q4,10-Jan,Local government,"Unitary Authority (London Borough, Mets and Councils in Scotland and Wales)",Peterborough City Council,Informal action taken,Breach recorded - regulatory action criteria not met,Advice given,No
Completed,GDPR,IC-317711-H4K5,03/07/2024,2024,2024/25,Q2,04-Jul,19/01/2025,2025,2024/25,Q4,10-Jan,Social care,Residential care,Royal Court Care Home,Informal action taken,Breach recorded - regulatory action criteria not met,Advice given,No
Completed,GDPR,IC-316497-R5Z4,28/06/2024,2024,2024/25,Q1,03-Jun,19/01/2025,2025,2024/25,Q4,10-Jan,Local government,"Unitary Authority (London Borough, Mets and Councils in Scotland and Wales)",Thurrock Council,Informal action taken,Breach recorded - regulatory action criteria not met,Advice given,No
Completed,GDPR,IC-315783-Q6Y0,25/06/2024,2024,2024/25,Q1,03-Jun,19/01/2025,2025,2024/25,Q4,10-Jan,Religious,Religious organisations,United Reformed Church Trust,Informal action taken,Breach recorded - regulatory action criteria not met,Advice given,No
Completed,GDPR,IC-316299-X9V9,27/06/2024,2024,2024/25,Q1,03-Jun,19/01/2025,2025,2024/25,Q4,10-Jan,Education and childcare,Academy and Free Schools,West Derby School,Informal action taken,Breach recorded - regulatory action criteria not met,Advice given,No
Completed,GDPR,IC-316079-Q8J3,26/06/2024,2024,2024/25,Q1,03-Jun,19/01/2025,2025,2024/25,Q4,10-Jan,Charitable and voluntary,Local charities,Wimbledon Guild of Social Welfare,Informal action taken,Breach recorded - regulatory action criteria not met,Advice given,No
Completed,GDPR,IC-356445-R8S2,17/01/2025,2025,2024/25,Q4,10-Jan,20/01/2025,2025,2024/25,Q4,10-Jan,Transport and leisure,Unassigned,Ambassador Cruise Line Ltd,Informal action taken,Breach recorded - regulatory action criteria not met,Advice given,No
Completed,GDPR,IC-356769-V4H3,17/01/2025,2025,2024/25,Q4,10-Jan,20/01/2025,2025,2024/25,Q4,10-Jan,Local government,"Unitary Authority (London Borough, Mets and Councils in Scotland and Wales)",Angus Council,Informal action taken,Breach recorded - regulatory action criteria not met,Advice given,No
Completed,GDPR,IC-259547-C4V8,20/09/2023,2023,2023/24,Q2,06-Sep,20/01/2025,2025,2024/25,Q4,10-Jan,Health,General Practitioner,Anon DC,Informal action taken,Breach recorded - regulatory action criteria not met,Advice given,No
Completed,GDPR,IC-356550-G2F7,17/01/2025,2025,2024/25,Q4,10-Jan,20/01/2025,2025,2024/25,Q4,10-Jan,General business,Supplier of services,Ansa Environmental Services Limited,Informal action taken,Breach recorded - regulatory action criteria not met,Advice given,No
Completed,GDPR,IC-356641-N8D6,17/01/2025,2025,2024/25,Q4,10-Jan,20/01/2025,2025,2024/25,Q4,10-Jan,Online Technology and Telecoms,Service providers,Atlantic Data Ltd,Informal action taken,Breach recorded - regulatory action criteria not met,Advice given,No
Completed,GDPR,IC-356364-T6P5,17/01/2025,2025,2024/25,Q4,10-Jan,20/01/2025,2025,2024/25,Q4,10-Jan,Health,Unassigned,Baronsmede Support Services Ltd,Informal action taken,Breach recorded - regulatory action criteria not met,Advice given,No
Completed,GDPR,IC-356649-L1G0,17/01/2025,2025,2024/25,Q4,10-Jan,20/01/2025,2025,2024/25,Q4,10-Jan,Land or property services,Housing association,Blackwood Homes and Care,Informal action taken,Breach recorded - regulatory action criteria not met,Advice given,No
Completed,GDPR,IC-356486-Q5V7,17/01/2025,2025,2024/25,Q4,10-Jan,20/01/2025,2025,2024/25,Q4,10-Jan,Charitable and voluntary,Local charities,Bloomsbury Football Foundation,Informal action taken,Breach recorded - regulatory action criteria not met,Advice given,Yes
Completed,GDPR,IC-356513-P7G9,17/01/2025,2025,2024/25,Q4,10-Jan,20/01/2025,2025,2024/25,Q4,10-Jan,Land or property services,Housing association,Cardiff Community Housing Association,Informal action taken,Breach recorded - regulatory action criteria not met,Advice given,No
Completed,GDPR,IC-356678-N8J3,17/01/2025,2025,2024/25,Q4,10-Jan,20/01/2025,2025,2024/25,Q4,10-Jan,Justice,Police Forces,Chief Constable Nottinghamshire Police,Informal action taken,Breach recorded - regulatory action criteria not met,Advice given,No
Completed,GDPR,IC-354799-D0R0,09/01/2025,2025,2024/25,Q4,10-Jan,20/01/2025,2025,2024/25,Q4,10-Jan,Central Government,Government Department,Department for Work and Pensions (DWP),Informal action taken,Breach recorded - regulatory action criteria not met,Advice given,No
Completed,GDPR,IC-356753-C4W6,17/01/2025,2025,2024/25,Q4,10-Jan,20/01/2025,2025,2024/25,Q4,10-Jan,Local government,District Council,Derry City and Strabane District Council,Informal action taken,Breach recorded - regulatory action criteria not met,Advice given,No
Completed,GDPR,IC-356761-T7P5,17/01/2025,2025,2024/25,Q4,10-Jan,20/01/2025,2025,2024/25,Q4,10-Jan,Central Government,Non-departmental public body,Food Standards Scotland,Informal action taken,Breach recorded - regulatory action criteria not met,Advice given,No
Completed,GDPR,IC-356487-G7V2,17/01/2025,2025,2024/25,Q4,10-Jan,20/01/2025,2025,2024/25,Q4,10-Jan,General business,Business advice and consultancy,General Practice Solutions,Informal action taken,Breach recorded - regulatory action criteria not met,Advice given,No
Completed,GDPR,IC-356150-M7K5,16/01/2025,2025,2024/25,Q4,10-Jan,20/01/2025,2025,2024/25,Q4,10-Jan,Local government,County Council,Gloucestershire County Council,Informal action taken,Breach recorded - regulatory action criteria not met,Advice given,No
Completed,GDPR,IC-356413-S9F3,17/01/2025,2025,2024/25,Q4,10-Jan,20/01/2025,2025,2024/25,Q4,10-Jan,Retail and manufacture,Supplier of services,Investing In Women Limited,Informal action taken,Breach recorded - regulatory action criteria not met,Advice given,No
Completed,GDPR,IC-356572-V1K3,18/01/2025,2025,2024/25,Q4,10-Jan,20/01/2025,2025,2024/25,Q4,10-Jan,Education and childcare,Training Company,Ki People Consulting Ltd,Informal action taken,Breach recorded - regulatory action criteria not met,Advice given,Yes
Completed,GDPR,IC-356535-R3Q9,17/01/2025,2025,2024/25,Q4,10-Jan,20/01/2025,2025,2024/25,Q4,10-Jan,Education and childcare,Unassigned,Kirkham and Wesham Primary ,Informal action taken,Breach recorded - regulatory action criteria not met,Advice given,Yes
Completed,GDPR,IC-356059-Q2R6,16/01/2025,2025,2024/25,Q4,10-Jan,20/01/2025,2025,2024/25,Q4,10-Jan,Education and childcare,Further education,Kirklees College,Informal action taken,Breach recorded - regulatory action criteria not met,Advice given,No
Completed,GDPR,IC-356358-S5J6,17/01/2025,2025,2024/25,Q4,10-Jan,20/01/2025,2025,2024/25,Q4,10-Jan,"Finance, insurance and credit",Financial services and advice,KW Wealth Planning,Informal action taken,Breach recorded - regulatory action criteria not met,Advice given,No
Completed,GDPR,IC-260663-T8G9,26/09/2023,2023,2023/24,Q2,06-Sep,20/01/2025,2025,2024/25,Q4,10-Jan,Social care,Domiciliary care,Management Brigade Ltd,Informal action taken,Breach recorded - regulatory action criteria not met,Advice given,No
Completed,GDPR,IC-356773-W2D1,13/06/2024,2024,2024/25,Q1,03-Jun,20/01/2025,2025,2024/25,Q4,10-Jan,"Finance, insurance and credit",Banks and Building Societies,National Westminster Bank PLC,Informal action taken,Breach recorded - regulatory action criteria not met,Advice given,No
Completed,GDPR,IC-356596-Z4F6,17/01/2025,2025,2024/25,Q4,10-Jan,20/01/2025,2025,2024/25,Q4,10-Jan,Health,General Practitioner,Newton Drive Health Centre,Informal action taken,Breach recorded - regulatory action criteria not met,Advice given,No
Completed,GDPR,IC-356817-B3X0,17/01/2025,2025,2024/25,Q4,10-Jan,20/01/2025,2025,2024/25,Q4,10-Jan,Local government,"Unitary Authority (London Borough, Mets and Councils in Scotland and Wales)",North Lanarkshire Council,Informal action taken,Breach recorded - regulatory action criteria not met,Advice given,No
Completed,GDPR,IC-259610-R2S1,20/09/2023,2023,2023/24,Q2,06-Sep,20/01/2025,2025,2024/25,Q4,10-Jan,Social care,Residential care,Outlook Care Limited,Informal action taken,Breach recorded - regulatory action criteria not met,Advice given,No
Completed,GDPR,IC-259568-F1C5,20/09/2023,2023,2023/24,Q2,06-Sep,20/01/2025,2025,2024/25,Q4,10-Jan,Social care,Residential care,PENNINE CAMPHILL COMMUNITY LIMITED,Informal action taken,Breach recorded - regulatory action criteria not met,Advice given,No
Completed,GDPR,IC-353466-P4Q2,03/01/2025,2025,2024/25,Q4,10-Jan,20/01/2025,2025,2024/25,Q4,10-Jan,Retail and manufacture,Supplier of services,Royal Mail Group Ltd,Informal action taken,Breach recorded - regulatory action criteria not met,Advice given,No
Completed,GDPR,IC-353636-H6G6,03/01/2025,2025,2024/25,Q4,10-Jan,20/01/2025,2025,2024/25,Q4,10-Jan,Health,Secondary care,The Dudley Group NHS Foundation Trust,Informal action taken,Breach recorded - regulatory action criteria not met,Advice given,No
Completed,GDPR,IC-260632-K2G3,26/09/2023,2023,2023/24,Q2,06-Sep,20/01/2025,2025,2024/25,Q4,10-Jan,Regulators,Regulatory Body,The Nursing and Midwifery Council,Informal action taken,Breach recorded - regulatory action criteria not met,Advice given,No
Completed,GDPR,IC-356733-N8H1,17/01/2025,2025,2024/25,Q4,10-Jan,20/01/2025,2025,2024/25,Q4,10-Jan,Education and childcare,Academy and Free Schools,The Thinking Schools Academy Trust,Informal action taken,Breach recorded - regulatory action criteria not met,Advice given,No
Completed,GDPR,IC-259878-K4R4,22/09/2023,2023,2023/24,Q2,06-Sep,20/01/2025,2025,2024/25,Q4,10-Jan,Online Technology and Telecoms,Social media,Twitter International Unlimited Company,Informal action taken,Breach recorded - regulatory action criteria not met,Advice given,No
Completed,GDPR,IC-260634-P6Q0,26/09/2023,2023,2023/24,Q2,06-Sep,20/01/2025,2025,2024/25,Q4,10-Jan,General business,Business advice and consultancy,Utility Savings Group Ltd,Informal action taken,Breach recorded - regulatory action criteria not met,Advice given,No
Completed,GDPR,IC-356590-Z2Y5,17/01/2025,2025,2024/25,Q4,10-Jan,20/01/2025,2025,2024/25,Q4,10-Jan,Local government,District Council,Uttlesford District Council,Informal action taken,Breach recorded - regulatory action criteria not met,Advice given,No
Completed,GDPR,IC-356618-M4G2,17/01/2025,2025,2024/25,Q4,10-Jan,20/01/2025,2025,2024/25,Q4,10-Jan,Charitable and voluntary,Local charities,Voice of Young People in Care,Informal action taken,Breach recorded - regulatory action criteria not met,Advice given,No
Completed,GDPR,IC-356553-Q0C4,17/01/2025,2025,2024/25,Q4,10-Jan,20/01/2025,2025,2024/25,Q4,10-Jan,Retail and manufacture,Supplier of services,Yazdan 9 Limited,Informal action taken,Breach recorded - regulatory action criteria not met,Advice given,No
Completed,GDPR,IC-356736-P5Q7,17/01/2025,2025,2024/25,Q4,10-Jan,20/01/2025,2025,2024/25,Q4,10-Jan,Health,General Practitioner,Ystradgynlais Group Practice,Informal action taken,Breach recorded - regulatory action criteria not met,Advice given,No
Completed,GDPR,IC-356916-T9H3,17/01/2025,2025,2024/25,Q4,10-Jan,21/01/2025,2025,2024/25,Q4,10-Jan,Legal,Unassigned,Anon DC,Informal action taken,Breach recorded - regulatory action criteria not met,Advice given,No
Completed,GDPR,IC-356860-W6Y9,17/01/2025,2025,2024/25,Q4,10-Jan,21/01/2025,2025,2024/25,Q4,10-Jan,Health,General Practitioner,ATTENBOROUGH SURGERY,Informal action taken,Breach recorded - regulatory action criteria not met,Advice given,No
Completed,GDPR,IC-356586-H3W3,17/01/2025,2025,2024/25,Q4,10-Jan,21/01/2025,2025,2024/25,Q4,10-Jan,Local government,District Council,Bolsover District Council,Informal action taken,Breach recorded - regulatory action criteria not met,Advice given,No
Completed,GDPR,IC-355895-J8D8,15/01/2025,2025,2024/25,Q4,10-Jan,21/01/2025,2025,2024/25,Q4,10-Jan,Social care,Independent Social Worker,Brighter Futures for Children Limited,Informal action taken,Breach recorded - regulatory action criteria not met,Advice given,No
Case Officer Review Completed,GDPR,IC-345269-G4S7,18/11/2024,2024,2024/25,Q3,08-Nov,21/01/2025,2025,2024/25,Q4,10-Jan,Land or property services,Housing association,Brighter Places,Informal action taken,Breach recorded - regulatory action criteria not met,Advice given,No
Completed,Hybrid,IC-355282-R2D3,13/01/2025,2025,2024/25,Q4,10-Jan,21/01/2025,2025,2024/25,Q4,10-Jan,Online Technology and Telecoms,Software developers,Carveco Ltd,Informal action taken,Breach recorded - regulatory action criteria not met,Advice given,No
Completed,GDPR,IC-356675-Z8V5,20/01/2025,2025,2024/25,Q4,10-Jan,21/01/2025,2025,2024/25,Q4,10-Jan,Utilities,Utility companies,Centara Ltd,Informal action taken,Breach recorded - regulatory action criteria not met,Advice given,Yes
Completed,Hybrid,IC-355325-D7P9,14/01/2025,2025,2024/25,Q4,10-Jan,21/01/2025,2025,2024/25,Q4,10-Jan,Justice,Police Forces,Chief Constable Wiltshire Constabulary,Informal action taken,Breach recorded - regulatory action criteria not met,Advice given,No
Completed,GDPR,IC-357118-T4B9,17/01/2025,2025,2024/25,Q4,10-Jan,21/01/2025,2025,2024/25,Q4,10-Jan,Land or property services,Housing association,Clarion Housing Association Limited,Informal action taken,Breach recorded - regulatory action criteria not met,Advice given,No
Completed,GDPR,IC-354507-J8L9,09/01/2025,2025,2024/25,Q4,10-Jan,21/01/2025,2025,2024/25,Q4,10-Jan,Charitable and voluntary,National charities,CONTAMINATED LAND: APPLICATIONS IN REAL ENVIRONMENTS ,Informal action taken,Breach recorded - regulatory action criteria not met,Advice given,Don't know
Completed,GDPR,IC-351224-C5D5,16/12/2024,2024,2024/25,Q3,09-Dec,21/01/2025,2025,2024/25,Q4,10-Jan,Legal,Legal professionals,Coulthursts Limited,Informal action taken,Breach recorded - regulatory action criteria not met,Advice given,No
Completed,GDPR,IC-357058-W9B2,21/01/2025,2025,2024/25,Q4,10-Jan,21/01/2025,2025,2024/25,Q4,10-Jan,Transport and leisure,Accommodation providers,Daniel Thwaites PLC,Informal action taken,Breach recorded - regulatory action criteria not met,Advice given,Yes
Completed,GDPR,IC-354843-V1H2,10/01/2025,2025,2024/25,Q4,10-Jan,21/01/2025,2025,2024/25,Q4,10-Jan,Central Government,Government Department,Department For Education (DFE),Informal action taken,Breach recorded - regulatory action criteria not met,Advice given,No
Completed,GDPR,IC-356988-V4F2,17/01/2025,2025,2024/25,Q4,10-Jan,21/01/2025,2025,2024/25,Q4,10-Jan,Health,Healthcare and pharmaceuticals,GlaxoSmithKline Services Unlimited,Informal action taken,Breach recorded - regulatory action criteria not met,Advice given,No
Completed,GDPR,IC-356357-X8Z8,16/01/2025,2025,2024/25,Q4,10-Jan,21/01/2025,2025,2024/25,Q4,10-Jan,Social care,Residential care,Green Light PBS Ltd,Informal action taken,Breach recorded - regulatory action criteria not met,Advice given,No
Completed,GDPR,IC-355286-M5R5,14/01/2025,2025,2024/25,Q4,10-Jan,21/01/2025,2025,2024/25,Q4,10-Jan,Education and childcare,Academy and Free Schools,Horncastle Education Trust,Informal action taken,Breach recorded - regulatory action criteria not met,Advice given,No
Completed,GDPR,IC-356319-T7Y3,16/01/2025,2025,2024/25,Q4,10-Jan,21/01/2025,2025,2024/25,Q4,10-Jan,Retail and manufacture,Manufacturing,ICU Medical International Limited,Informal action taken,Breach recorded - regulatory action criteria not met,Advice given,No
Completed,GDPR,IC-356790-Z7H5,17/01/2025,2025,2024/25,Q4,10-Jan,21/01/2025,2025,2024/25,Q4,10-Jan,Education and childcare,Higher education,Imperial College London,Informal action taken,Breach recorded - regulatory action criteria not met,Advice given,No
Completed,GDPR,IC-356659-F6F3,20/01/2025,2025,2024/25,Q4,10-Jan,21/01/2025,2025,2024/25,Q4,10-Jan,Retail and manufacture,Supplier of goods,Let It Bee Limited,Informal action taken,Breach recorded - regulatory action criteria not met,Advice given,Yes
Completed,GDPR,IC-357095-M2J6,17/01/2025,2025,2024/25,Q4,10-Jan,21/01/2025,2025,2024/25,Q4,10-Jan,"Finance, insurance and credit",Insurance,Lloyds Bank General Insurance Limited,Informal action taken,Breach recorded - regulatory action criteria not met,Advice given,No
Completed,GDPR,IC-356908-T0J8,17/01/2025,2025,2024/25,Q4,10-Jan,21/01/2025,2025,2024/25,Q4,10-Jan,Legal,Legal professionals,Manor Law Family Solicitors,Informal action taken,Breach recorded - regulatory action criteria not met,Advice given,No
Completed,GDPR,IC-356895-P6K0,20/01/2025,2025,2024/25,Q4,10-Jan,21/01/2025,2025,2024/25,Q4,10-Jan,Legal,Legal professionals,Napthens LLP,Informal action taken,Breach recorded - regulatory action criteria not met,Advice given,No
Completed,GDPR,IC-356598-T1F4,17/01/2025,2025,2024/25,Q4,10-Jan,21/01/2025,2025,2024/25,Q4,10-Jan,Education and childcare,Higher education,NCH at Northeastern Limited,Informal action taken,Breach recorded - regulatory action criteria not met,Advice given,Yes
Completed,GDPR,IC-356959-F8R3,21/01/2025,2025,2024/25,Q4,10-Jan,21/01/2025,2025,2024/25,Q4,10-Jan,Health,Public health,NHS Tayside,Informal action taken,Breach recorded - regulatory action criteria not met,Advice given,No
Completed,GDPR,IC-351560-C4C9,17/12/2024,2024,2024/25,Q3,09-Dec,21/01/2025,2025,2024/25,Q4,10-Jan,Retail and manufacture,Supplier of goods,Pets and Friends Trading Limited,Informal action taken,Breach recorded - regulatory action criteria not met,Advice given,Yes
Completed,GDPR,IC-352070-L1M2,18/12/2024,2024,2024/25,Q3,09-Dec,21/01/2025,2025,2024/25,Q4,10-Jan,Retail and manufacture,Manufacturing,Portmeirion Group UK Ltd,Informal action taken,Breach recorded - regulatory action criteria not met,Advice given,Yes
Completed,GDPR,IC-356310-C7Q0,16/01/2025,2025,2024/25,Q4,10-Jan,21/01/2025,2025,2024/25,Q4,10-Jan,Health,Secondary care,Royal United Hospitals Bath NHS Trust,Informal action taken,Breach recorded - regulatory action criteria not met,Advice given,No
Completed,GDPR,IC-356611-T7J6,17/01/2025,2025,2024/25,Q4,10-Jan,21/01/2025,2025,2024/25,Q4,10-Jan,Transport and leisure,Unassigned,Sea Containers Hotel Ltd,Informal action taken,Breach recorded - regulatory action criteria not met,Advice given,Don't know
Completed,GDPR,IC-352574-T3B6,19/12/2024,2024,2024/25,Q3,09-Dec,21/01/2025,2025,2024/25,Q4,10-Jan,Transport and leisure,Accommodation providers,Signature Pubs Limited,Informal action taken,Breach recorded - regulatory action criteria not met,Advice given,Yes
Completed,GDPR,IC-345757-N0P8,21/11/2024,2024,2024/25,Q3,08-Nov,21/01/2025,2025,2024/25,Q4,10-Jan,Health,Secondary care,South West Yorkshire Partnership NHS Foundation Trust,Informal action taken,Breach recorded - regulatory action criteria not met,Advice given,No
Completed,GDPR,IC-357012-J2C8,20/01/2025,2025,2024/25,Q4,10-Jan,21/01/2025,2025,2024/25,Q4,10-Jan,"Finance, insurance and credit",Financial services and advice,St James's Place Wealth Management,Informal action taken,Breach recorded - regulatory action criteria not met,Advice given,No
Completed,GDPR,IC-352843-V1M3,21/12/2024,2024,2024/25,Q3,09-Dec,21/01/2025,2025,2024/25,Q4,10-Jan,Retail and manufacture,Manufacturing,Supply Plus Ltd,Informal action taken,Unassigned,Unassigned,Yes
Completed,GDPR,IC-260748-J6V2,27/09/2023,2023,2023/24,Q2,06-Sep,21/01/2025,2025,2024/25,Q4,10-Jan,Health,Primary care,Taurus Healthcare Ltd,Informal action taken,Breach recorded - regulatory action criteria not met,Advice given,No
Completed,GDPR,IC-352831-S3B0,20/12/2024,2024,2024/25,Q3,09-Dec,21/01/2025,2025,2024/25,Q4,10-Jan,Charitable and voluntary,National charities,The Environmental Association for Universities and Colleges,Informal action taken,Unassigned,Unassigned,Yes
Completed,GDPR,IC-356889-K6D2,17/01/2025,2025,2024/25,Q4,10-Jan,21/01/2025,2025,2024/25,Q4,10-Jan,Transport and leisure,Entertainment providers,The Liverpool Football Club and Athletic Grounds Limited,Informal action taken,Breach recorded - regulatory action criteria not met,Advice given,No
Completed,GDPR,IC-356912-M7G6,19/01/2025,2025,2024/25,Q4,10-Jan,21/01/2025,2025,2024/25,Q4,10-Jan,Transport and leisure,Accommodation providers,The Resident Soho Limited,Informal action taken,Breach recorded - regulatory action criteria not met,Advice given,Don't know
Completed,GDPR,IC-355890-Z2G0,15/01/2025,2025,2024/25,Q4,10-Jan,21/01/2025,2025,2024/25,Q4,10-Jan,Health,Secondary care,The Walton Centre NHS Foundation Trust,Informal action taken,Breach recorded - regulatory action criteria not met,Advice given,No
Completed,GDPR,IC-355598-H9V2,15/01/2025,2025,2024/25,Q4,10-Jan,21/01/2025,2025,2024/25,Q4,10-Jan,"Finance, insurance and credit",Financial services and advice,Threadneedle Management Limited,Informal action taken,Breach recorded - regulatory action criteria not met,Advice given,No
Completed,GDPR,IC-260798-M8S4,27/09/2023,2023,2023/24,Q2,06-Sep,21/01/2025,2025,2024/25,Q4,10-Jan,Health,General Practitioner,Woodville Surgery (C81060),Informal action taken,Breach recorded - regulatory action criteria not met,Advice given,No
Completed,GDPR,IC-356852-X4V7,17/01/2025,2025,2024/25,Q4,10-Jan,21/01/2025,2025,2024/25,Q4,10-Jan,Education and childcare,Academy and Free Schools,Wyvern College Academy Trust,Informal action taken,Breach recorded - regulatory action criteria not met,Advice given,No
Completed,GDPR,IC-356799-D6X7,17/01/2025,2025,2024/25,Q4,10-Jan,21/01/2025,2025,2024/25,Q4,10-Jan,Utilities,Utility companies,Yorkshire Water Services Ltd,Informal action taken,Breach recorded - regulatory action criteria not met,Advice given,No
Completed,GDPR,IC-356894-G0L1,18/01/2025,2025,2024/25,Q4,10-Jan,21/01/2025,2025,2024/25,Q4,10-Jan,Retail and manufacture,Supplier of goods,Young Living Europe Ltd,Informal action taken,Breach recorded - regulatory action criteria not met,Advice given,Yes
Completed,GDPR,IC-351460-J5Q0,16/12/2024,2024,2024/25,Q3,09-Dec,21/01/2025,2025,2024/25,Q4,10-Jan,Social care,Domiciliary care,Care Central Ltd,No Further Action,Not PDB,Unassigned,No
Completed,GDPR,IC-357289-F2M1,20/01/2025,2025,2024/25,Q4,10-Jan,22/01/2025,2025,2024/25,Q4,10-Jan,Transport and leisure,Leisure centres and gyms,3D Leisure Limited,Informal action taken,Breach recorded - regulatory action criteria not met,Advice given,No
Completed,GDPR,IC-357383-F9M9,19/01/2025,2025,2024/25,Q4,10-Jan,22/01/2025,2025,2024/25,Q4,10-Jan,Charitable and voluntary,Local charities,Abbeyfield Northumbria,Informal action taken,Breach recorded - regulatory action criteria not met,Advice given,No
Completed,GDPR,IC-357318-C4R8,20/01/2025,2025,2024/25,Q4,10-Jan,22/01/2025,2025,2024/25,Q4,10-Jan,Health,General Practitioner,Anon DC,Informal action taken,Breach recorded - regulatory action criteria not met,Advice given,No
Completed,GDPR,IC-357170-N5N6,17/01/2025,2025,2024/25,Q4,10-Jan,22/01/2025,2025,2024/25,Q4,10-Jan,Legal,Barristers,Anon DC,Informal action taken,Breach recorded - regulatory action criteria not met,Advice given,No
Completed,GDPR,IC-357251-J9Q1,18/01/2025,2025,2024/25,Q4,10-Jan,22/01/2025,2025,2024/25,Q4,10-Jan,Legal,Legal professionals,Beaumont Associates (Northumberland) Ltd,Informal action taken,Breach recorded - regulatory action criteria not met,Advice given,No
Completed,GDPR,IC-357527-C6S7,21/01/2025,2025,2024/25,Q4,10-Jan,22/01/2025,2025,2024/25,Q4,10-Jan,General business,Unassigned,Berks & Bucks Football Association Limited,Informal action taken,Breach recorded - regulatory action criteria not met,Advice given,No
Completed,GDPR,IC-357363-F2H7,20/01/2025,2025,2024/25,Q4,10-Jan,22/01/2025,2025,2024/25,Q4,10-Jan,Charitable and voluntary,National charities,British Dyslexia Association,Informal action taken,Breach recorded - regulatory action criteria not met,Advice given,No
Completed,GDPR,IC-357123-V9J7,21/01/2025,2025,2024/25,Q4,10-Jan,22/01/2025,2025,2024/25,Q4,10-Jan,Retail and manufacture,Manufacturing,Camerons Brewery Limited,Informal action taken,Breach recorded - regulatory action criteria not met,Advice given,Yes
Completed,GDPR,IC-357447-Q4S8,21/01/2025,2025,2024/25,Q4,10-Jan,22/01/2025,2025,2024/25,Q4,10-Jan,Education and childcare,"Nursery, playgroups and After School club",CC's Nursery LTD,Informal action taken,Breach recorded - regulatory action criteria not met,Advice given,No
Completed,GDPR,IC-357476-C9Y3,21/01/2025,2025,2024/25,Q4,10-Jan,22/01/2025,2025,2024/25,Q4,10-Jan,Social care,Independent Social Worker,CF Social Work,Informal action taken,Breach recorded - regulatory action criteria not met,Advice given,No
Completed,GDPR,IC-357232-L6C5,17/01/2025,2025,2024/25,Q4,10-Jan,22/01/2025,2025,2024/25,Q4,10-Jan,Central Government,Government Department,Department for Business & Trade (DBT),Informal action taken,Breach recorded - regulatory action criteria not met,Advice given,No
Completed,GDPR,IC-343951-G6V4,12/11/2024,2024,2024/25,Q3,08-Nov,22/01/2025,2025,2024/25,Q4,10-Jan,Local government,County Council,Devon County Council,Informal action taken,Breach recorded - regulatory action criteria not met,Advice given,No
Completed,GDPR,IC-354608-R1Q4,09/01/2025,2025,2024/25,Q4,10-Jan,22/01/2025,2025,2024/25,Q4,10-Jan,Education and childcare,Academy and Free Schools,Eastern Multi-Academy Trust,Informal action taken,Breach recorded - regulatory action criteria not met,Advice given,No
Completed,GDPR,IC-357523-R8D7,21/01/2025,2025,2024/25,Q4,10-Jan,22/01/2025,2025,2024/25,Q4,10-Jan,Utilities,Utility companies,Elexon Ltd,Informal action taken,Breach recorded - regulatory action criteria not met,Advice given,No
Completed,GDPR,IC-355781-B5K5,15/01/2025,2025,2024/25,Q4,10-Jan,22/01/2025,2025,2024/25,Q4,10-Jan,Legal,Legal professionals,Fairweather Law Limited,Informal action taken,Breach recorded - regulatory action criteria not met,Advice given,No
Completed,GDPR,IC-357379-M0C9,20/01/2025,2025,2024/25,Q4,10-Jan,22/01/2025,2025,2024/25,Q4,10-Jan,Land or property services,Housing association,Flagship Housing Group Limited,Informal action taken,Breach recorded - regulatory action criteria not met,Advice given,No
Completed,GDPR,IC-357477-N1S2,21/01/2025,2025,2024/25,Q4,10-Jan,22/01/2025,2025,2024/25,Q4,10-Jan,Health,Unassigned,Garden House Hospice Care,Informal action taken,Breach recorded - regulatory action criteria not met,Advice given,No
Completed,GDPR,IC-357187-S3Y0,20/01/2025,2025,2024/25,Q4,10-Jan,22/01/2025,2025,2024/25,Q4,10-Jan,General business,Unassigned,Haberdashers' Aske's School for Girls,Informal action taken,Breach recorded - regulatory action criteria not met,Advice given,No
Completed,GDPR,IC-357180-S4Y8,17/01/2025,2025,2024/25,Q4,10-Jan,22/01/2025,2025,2024/25,Q4,10-Jan,Charitable and voluntary,Local charities,Hammersmith and Fulham Association for Mental Health,Informal action taken,Breach recorded - regulatory action criteria not met,Advice given,No
Completed,GDPR,IC-357284-K4G2,20/01/2025,2025,2024/25,Q4,10-Jan,22/01/2025,2025,2024/25,Q4,10-Jan,Local government,County Council,Hampshire County Council,Informal action taken,Breach recorded - regulatory action criteria not met,Advice given,No
Completed,GDPR,IC-354500-C3M9,08/01/2025,2025,2024/25,Q4,10-Jan,22/01/2025,2025,2024/25,Q4,10-Jan,Health,Secondary care,Imperial College Healthcare NHS Trust,Informal action taken,Breach recorded - regulatory action criteria not met,Advice given,No
Completed,GDPR,IC-357195-K9Q0,21/01/2025,2025,2024/25,Q4,10-Jan,22/01/2025,2025,2024/25,Q4,10-Jan,Legal,Legal professionals,Insight Legal Services Limited,Informal action taken,Breach recorded - regulatory action criteria not met,Advice given,No
Completed,GDPR,IC-357450-P2V4,21/01/2025,2025,2024/25,Q4,10-Jan,22/01/2025,2025,2024/25,Q4,10-Jan,"Finance, insurance and credit",Unassigned,MB Capital Ltd T/A Fountain Wealth Management,Informal action taken,Breach recorded - regulatory action criteria not met,Advice given,No
Completed,GDPR,IC-357275-W7S8,20/01/2025,2025,2024/25,Q4,10-Jan,22/01/2025,2025,2024/25,Q4,10-Jan,Health,General Practitioner,Muswell Hill Practice,Informal action taken,Breach recorded - regulatory action criteria not met,Advice given,No
Completed,GDPR,IC-357350-L1M9,20/01/2025,2025,2024/25,Q4,10-Jan,22/01/2025,2025,2024/25,Q4,10-Jan,Land or property services,Unassigned,Oyster Properties,Informal action taken,Breach recorded - regulatory action criteria not met,Advice given,No
Completed,GDPR,IC-357382-X6L6,21/01/2025,2025,2024/25,Q4,10-Jan,22/01/2025,2025,2024/25,Q4,10-Jan,Legal,Legal professionals,Phillips Solicitors,Informal action taken,Breach recorded - regulatory action criteria not met,Advice given,No
Completed,GDPR,IC-357060-F0C2,20/01/2025,2025,2024/25,Q4,10-Jan,22/01/2025,2025,2024/25,Q4,10-Jan,Social care,Residential care,PJL Healthcare Ltd,Informal action taken,Breach recorded - regulatory action criteria not met,Advice given,No
Completed,GDPR,IC-357319-J0F0,22/01/2025,2025,2024/25,Q4,10-Jan,22/01/2025,2025,2024/25,Q4,10-Jan,"Finance, insurance and credit",Unassigned,Privat 3 Money Ltd,Informal action taken,Breach recorded - regulatory action criteria not met,Advice given,Yes
Completed,GDPR,IC-357394-Q8S7,21/01/2025,2025,2024/25,Q4,10-Jan,22/01/2025,2025,2024/25,Q4,10-Jan,Health,Secondary care,Public Health Wales,Informal action taken,Breach recorded - regulatory action criteria not met,Advice given,No
Completed,GDPR,IC-355563-Y2S4,14/01/2025,2025,2024/25,Q4,10-Jan,22/01/2025,2025,2024/25,Q4,10-Jan,Health,Secondary care,Royal Cornwall Hospitals NHS Trust,Informal action taken,Breach recorded - regulatory action criteria not met,Advice given,No
Completed,GDPR,IC-357183-L3R6,20/01/2025,2025,2024/25,Q4,10-Jan,22/01/2025,2025,2024/25,Q4,10-Jan,Land or property services,Building and property construction,Royal Institution of Chartered Surveyors (RICS),Informal action taken,Breach recorded - regulatory action criteria not met,Advice given,No
Completed,GDPR,IC-357387-Z4L3,22/01/2025,2025,2024/25,Q4,10-Jan,22/01/2025,2025,2024/25,Q4,10-Jan,Education and childcare,Maintained schools,Sawtry Infant's School,Informal action taken,Breach recorded - regulatory action criteria not met,Advice given,Yes
Completed,GDPR,IC-357491-K8W8,21/01/2025,2025,2024/25,Q4,10-Jan,22/01/2025,2025,2024/25,Q4,10-Jan,Online Technology and Telecoms,Software developers,Silvadawn Ltd,Informal action taken,Breach recorded - regulatory action criteria not met,Advice given,No
Completed,GDPR,IC-356955-Q0W3,17/01/2025,2025,2024/25,Q4,10-Jan,22/01/2025,2025,2024/25,Q4,10-Jan,Local government,"Unitary Authority (London Borough, Mets and Councils in Scotland and Wales)",South Lanarkshire Council,Informal action taken,Breach recorded - regulatory action criteria not met,Advice given,No
Completed,GDPR,IC-357224-P2T8,19/01/2025,2025,2024/25,Q4,10-Jan,22/01/2025,2025,2024/25,Q4,10-Jan,Transport and leisure,Leisure centres and gyms,South Lanarkshire Leisure and Culture Ltd,Informal action taken,Breach recorded - regulatory action criteria not met,Advice given,No
Completed,GDPR,IC-356446-R1B3,17/01/2025,2025,2024/25,Q4,10-Jan,22/01/2025,2025,2024/25,Q4,10-Jan,Education and childcare,Community School,St Bernard's High School,Informal action taken,Breach recorded - regulatory action criteria not met,Advice given,No
Completed,GDPR,IC-357296-N2N6,20/01/2025,2025,2024/25,Q4,10-Jan,22/01/2025,2025,2024/25,Q4,10-Jan,Education and childcare,Academy and Free Schools,St Cuthbert's Roman Catholic Academy Trust,Informal action taken,Breach recorded - regulatory action criteria not met,Advice given,No
Completed,GDPR,IC-357384-L4Q6,21/01/2025,2025,2024/25,Q4,10-Jan,22/01/2025,2025,2024/25,Q4,10-Jan,Education and childcare,Maintained schools,St Katharines C of E (VA) School,Informal action taken,Breach recorded - regulatory action criteria not met,Advice given,No
Completed,GDPR,IC-357316-Q5X5,20/01/2025,2025,2024/25,Q4,10-Jan,22/01/2025,2025,2024/25,Q4,10-Jan,Legal,Legal professionals,Stantons,Informal action taken,Breach recorded - regulatory action criteria not met,Advice given,No
Completed,GDPR,IC-357197-V5G1,18/01/2025,2025,2024/25,Q4,10-Jan,22/01/2025,2025,2024/25,Q4,10-Jan,Legal,Legal professionals,Sterling Winshaw Solicitors Ltd,Informal action taken,Breach recorded - regulatory action criteria not met,Advice given,No
Completed,GDPR,IC-357524-Z5T4,21/01/2025,2025,2024/25,Q4,10-Jan,22/01/2025,2025,2024/25,Q4,10-Jan,Local government,"Unitary Authority (London Borough, Mets and Councils in Scotland and Wales)",Swindon Borough Council,Informal action taken,Breach recorded - regulatory action criteria not met,Advice given,No
Completed,GDPR,IC-357549-R8L9,21/01/2025,2025,2024/25,Q4,10-Jan,22/01/2025,2025,2024/25,Q4,10-Jan,Local government,Public office holder,The Lanarkshire Assessor & Electoral Registration Officer,Informal action taken,Breach recorded - regulatory action criteria not met,Advice given,No
Completed,GDPR,IC-357569-G0X2,21/01/2025,2025,2024/25,Q4,10-Jan,22/01/2025,2025,2024/25,Q4,10-Jan,Education and childcare,Academy and Free Schools,The White Horse Federation,Informal action taken,Breach recorded - regulatory action criteria not met,Advice given,No
Completed,GDPR,IC-357368-Q3X2,21/01/2025,2025,2024/25,Q4,10-Jan,22/01/2025,2025,2024/25,Q4,10-Jan,Local government,"Parish, community and town councils",Uppingham Town Council,Informal action taken,Breach recorded - regulatory action criteria not met,Advice given,No
Completed,GDPR,IC-357373-P8K1,20/01/2025,2025,2024/25,Q4,10-Jan,22/01/2025,2025,2024/25,Q4,10-Jan,Social care,Residential care,Upton Manor Care Home,Informal action taken,Breach recorded - regulatory action criteria not met,Advice given,No
Completed,GDPR,IC-357335-C2Z1,20/01/2025,2025,2024/25,Q4,10-Jan,22/01/2025,2025,2024/25,Q4,10-Jan,Local government,"Unitary Authority (London Borough, Mets and Councils in Scotland and Wales)",West Lothian Council,Informal action taken,Breach recorded - regulatory action criteria not met,Advice given,No
Completed,GDPR,IC-347520-D7R0,29/11/2024,2024,2024/25,Q3,08-Nov,22/01/2025,2025,2024/25,Q4,10-Jan,Education and childcare,Academy and Free Schools,Weston College,Informal action taken,Breach recorded - regulatory action criteria not met,Advice given,No
Completed,GDPR,IC-357175-T5N3,21/01/2025,2025,2024/25,Q4,10-Jan,22/01/2025,2025,2024/25,Q4,10-Jan,Health,General Practitioner,Wickham Market Medical Centre,Informal action taken,Breach recorded - regulatory action criteria not met,Advice given,No
Completed,GDPR,IC-354958-V7J2,10/01/2025,2025,2024/25,Q4,10-Jan,22/01/2025,2025,2024/25,Q4,10-Jan,Health,Secondary care,"Wrightington, Wigan and Leigh Teaching Hospitals NHS Foundation Trust",Informal action taken,Breach recorded - regulatory action criteria not met,Advice given,No
Completed,GDPR,IC-353947-T0D8,07/01/2025,2025,2024/25,Q4,10-Jan,22/01/2025,2025,2024/25,Q4,10-Jan,Education and childcare,Community School,CARLISLE INFANT SCHOOL,No Further Action,Not PDB,Unassigned,Yes
Completed,GDPR,IC-357408-H7Q5,21/01/2025,2025,2024/25,Q4,10-Jan,22/01/2025,2025,2024/25,Q4,10-Jan,Health,Secondary care,Cwm Taf Morgannwg University Health Board,No Further Action,Not PDB,Unassigned,No
Completed,GDPR,IC-357847-T1W1,22/01/2025,2025,2024/25,Q4,10-Jan,23/01/2025,2025,2024/25,Q4,10-Jan,Education and childcare,Private schools,Alleyn's School,Informal action taken,Breach recorded - regulatory action criteria not met,Advice given,No
Completed,GDPR,IC-357743-J9T7,22/01/2025,2025,2024/25,Q4,10-Jan,23/01/2025,2025,2024/25,Q4,10-Jan,Health,General Practitioner,Anon DC,Informal action taken,Breach recorded - regulatory action criteria not met,Advice given,No
Completed,GDPR,IC-357902-R3V2,22/01/2025,2025,2024/25,Q4,10-Jan,23/01/2025,2025,2024/25,Q4,10-Jan,Education and childcare,Maintained schools,Benton Park School,Informal action taken,Breach recorded - regulatory action criteria not met,Advice given,No
Completed,GDPR,IC-355182-N4D2,12/01/2025,2025,2024/25,Q4,10-Jan,23/01/2025,2025,2024/25,Q4,10-Jan,Health,Healthcare and pharmaceuticals,Boehringer Ingelheim Limited,Informal action taken,Breach recorded - regulatory action criteria not met,Advice given,No
Completed,GDPR,IC-357856-G4K6,22/01/2025,2025,2024/25,Q4,10-Jan,23/01/2025,2025,2024/25,Q4,10-Jan,Local government,Unassigned,Brooke Park Tenant Co Operative,Informal action taken,Breach recorded - regulatory action criteria not met,Advice given,No
Completed,GDPR,IC-357637-T9N1,22/01/2025,2025,2024/25,Q4,10-Jan,23/01/2025,2025,2024/25,Q4,10-Jan,Legal,Legal professionals,Charles Strachan Solicitors,Informal action taken,Breach recorded - regulatory action criteria not met,Advice given,No
Completed,GDPR,IC-357671-Q3L1,22/01/2025,2025,2024/25,Q4,10-Jan,23/01/2025,2025,2024/25,Q4,10-Jan,Justice,Police Forces,Chief Constable Commissioner for the Metropolis (Metropolitan Police Service),Informal action taken,Breach recorded - regulatory action criteria not met,Advice given,No
Completed,GDPR,IC-357880-G3D6,22/01/2025,2025,2024/25,Q4,10-Jan,23/01/2025,2025,2024/25,Q4,10-Jan,Charitable and voluntary,National charities,Clybiau Plant Cymru Kids Clubs,Informal action taken,Breach recorded - regulatory action criteria not met,Advice given,No
Completed,GDPR,IC-357848-F4B8,23/01/2025,2025,2024/25,Q4,10-Jan,23/01/2025,2025,2024/25,Q4,10-Jan,"Finance, insurance and credit",Accountancy and Payroll,Courts & Co ,Informal action taken,Breach recorded - regulatory action criteria not met,Advice given,Yes
Completed,GDPR,IC-357829-J8P9,23/01/2025,2025,2024/25,Q4,10-Jan,23/01/2025,2025,2024/25,Q4,10-Jan,"Finance, insurance and credit",Financial services and advice,Crystal HR & Payroll Ltd,Informal action taken,Breach recorded - regulatory action criteria not met,Advice given,No
Completed,GDPR,IC-357686-Z8G8,22/01/2025,2025,2024/25,Q4,10-Jan,23/01/2025,2025,2024/25,Q4,10-Jan,Charitable and voluntary,Local charities,Derby County Community Trust,Informal action taken,Breach recorded - regulatory action criteria not met,Advice given,Yes
Completed,GDPR,IC-357339-G1V8,20/01/2025,2025,2024/25,Q4,10-Jan,23/01/2025,2025,2024/25,Q4,10-Jan,Legal,Legal professionals,Devonalds,Informal action taken,Breach recorded - regulatory action criteria not met,Advice given,No
Completed,GDPR,IC-357630-M5J7,22/01/2025,2025,2024/25,Q4,10-Jan,23/01/2025,2025,2024/25,Q4,10-Jan,Education and childcare,Academy and Free Schools,Diocese Of Chichester Academy Trust,Informal action taken,Breach recorded - regulatory action criteria not met,Advice given,Yes
Completed,GDPR,IC-354617-Y2J7,09/01/2025,2025,2024/25,Q4,10-Jan,23/01/2025,2025,2024/25,Q4,10-Jan,Local government,"Unitary Authority (London Borough, Mets and Councils in Scotland and Wales)",Doncaster Metropolitan Borough Council,Informal action taken,Breach recorded - regulatory action criteria not met,Advice given,No
Completed,GDPR,IC-260907-S5V4,28/09/2023,2023,2023/24,Q2,06-Sep,23/01/2025,2025,2024/25,Q4,10-Jan,Social care,Residential care,HC-One Limited,Informal action taken,Breach recorded - regulatory action criteria not met,Advice given,No
Completed,GDPR,IC-294608-Y0M2,13/03/2024,2024,2023/24,Q4,12-Mar,23/01/2025,2025,2024/25,Q4,10-Jan,Health,General Practitioner,Highland Local Medical Committee Limited,Informal action taken,Breach recorded - regulatory action criteria not met,Advice given,No
Completed,GDPR,IC-301990-G6H3,19/04/2024,2024,2024/25,Q1,01-Apr,23/01/2025,2025,2024/25,Q4,10-Jan,Central Government,Government Department,HM Revenue and Customs (HMRC),Informal action taken,Breach recorded - regulatory action criteria not met,Advice given,No
Completed,GDPR,IC-357615-D4R6,22/01/2025,2025,2024/25,Q4,10-Jan,23/01/2025,2025,2024/25,Q4,10-Jan,"Finance, insurance and credit",Financial services and advice,Houlihan Lokey UK Limited,Informal action taken,Breach recorded - regulatory action criteria not met,Advice given,No
Completed,GDPR,IC-357344-V9M4,18/01/2025,2025,2024/25,Q4,10-Jan,23/01/2025,2025,2024/25,Q4,10-Jan,Education and childcare,Academy and Free Schools,Laidlaw Schools Trust,Informal action taken,Breach recorded - regulatory action criteria not met,Advice given,No
Completed,GDPR,IC-357661-B9Z6,22/01/2025,2025,2024/25,Q4,10-Jan,23/01/2025,2025,2024/25,Q4,10-Jan,Health,General Practitioner,Mendlesham Health Centre,Informal action taken,Breach recorded - regulatory action criteria not met,Advice given,No
Completed,GDPR,IC-356386-K9Q0,17/01/2025,2025,2024/25,Q4,10-Jan,23/01/2025,2025,2024/25,Q4,10-Jan,Retail and manufacture,Supplier of goods,MODAMUSE LTD,Informal action taken,Unassigned,Unassigned,Yes
Completed,GDPR,IC-357471-D5L9,21/01/2025,2025,2024/25,Q4,10-Jan,23/01/2025,2025,2024/25,Q4,10-Jan,Legal,Legal professionals,Moss Law Limited,Informal action taken,Breach recorded - regulatory action criteria not met,Advice given,No
Completed,GDPR,IC-356390-P3K6,17/01/2025,2025,2024/25,Q4,10-Jan,23/01/2025,2025,2024/25,Q4,10-Jan,Health,Healthcare and pharmaceuticals,My Medical Department Ltd,Informal action taken,Breach recorded - regulatory action criteria not met,Advice given,Yes
Completed,GDPR,IC-357825-P7M5,22/01/2025,2025,2024/25,Q4,10-Jan,23/01/2025,2025,2024/25,Q4,10-Jan,Legal,Legal professionals,National Legal Service Limited,Informal action taken,Breach recorded - regulatory action criteria not met,Advice given,No
Completed,GDPR,IC-260993-M6K2,28/09/2023,2023,2023/24,Q2,06-Sep,23/01/2025,2025,2024/25,Q4,10-Jan,Utilities,Utility companies,OVO Electricity Ltd,Informal action taken,Breach recorded - regulatory action criteria not met,Advice given,No
Completed,GDPR,IC-357916-P1H3,22/01/2025,2025,2024/25,Q4,10-Jan,23/01/2025,2025,2024/25,Q4,10-Jan,Charitable and voluntary,Local charities,Saltbox,Informal action taken,Breach recorded - regulatory action criteria not met,Advice given,Yes
Completed,GDPR,IC-357905-G8W3,22/01/2025,2025,2024/25,Q4,10-Jan,23/01/2025,2025,2024/25,Q4,10-Jan,Health,Healthcare and pharmaceuticals,Synbiotix Solutions Ltd,Informal action taken,Breach recorded - regulatory action criteria not met,Advice given,No
Completed,GDPR,IC-357583-N6F2,21/01/2025,2025,2024/25,Q4,10-Jan,23/01/2025,2025,2024/25,Q4,10-Jan,Legal,Legal professionals,TAKK AND CO SOLICITORS LIMITED,Informal action taken,Breach recorded - regulatory action criteria not met,Advice given,No
Completed,GDPR,IC-357842-J6M5,22/01/2025,2025,2024/25,Q4,10-Jan,23/01/2025,2025,2024/25,Q4,10-Jan,Local government,"Parish, community and town councils",Tavistock Town Council,Informal action taken,Breach recorded - regulatory action criteria not met,Advice given,No
Completed,GDPR,IC-357582-G0H7,21/01/2025,2025,2024/25,Q4,10-Jan,23/01/2025,2025,2024/25,Q4,10-Jan,Education and childcare,Academy and Free Schools,The Bay Learning Trust,Informal action taken,Breach recorded - regulatory action criteria not met,Advice given,No
Completed,GDPR,IC-297504-W7N5,28/03/2024,2024,2023/24,Q4,12-Mar,23/01/2025,2025,2024/25,Q4,10-Jan,Education and childcare,Academy and Free Schools,The Forge Trust,Informal action taken,Breach recorded - regulatory action criteria not met,Advice given,Don't know
Completed,GDPR,IC-357886-M8S3,22/01/2025,2025,2024/25,Q4,10-Jan,23/01/2025,2025,2024/25,Q4,10-Jan,Health,Unassigned,The Mill Med Practice,Informal action taken,Breach recorded - regulatory action criteria not met,Advice given,No
Completed,GDPR,IC-357479-F1M5,21/01/2025,2025,2024/25,Q4,10-Jan,23/01/2025,2025,2024/25,Q4,10-Jan,Legal,Legal professionals,Tuckers Solicitors LLP,Informal action taken,Breach recorded - regulatory action criteria not met,Advice given,No
Completed,GDPR,IC-305870-Z9P4,09/05/2024,2024,2024/25,Q1,02-May,23/01/2025,2025,2024/25,Q4,10-Jan,Social care,Residential care,WCS Care Group Limited,Informal action taken,Breach recorded - regulatory action criteria not met,Advice given,No
Completed,GDPR,IC-355266-Q4M1,13/01/2025,2025,2024/25,Q4,10-Jan,23/01/2025,2025,2024/25,Q4,10-Jan,"Finance, insurance and credit",Accountancy and Payroll,Wharfside Accountancy Services Ltd,Informal action taken,Breach recorded - regulatory action criteria not met,Advice given,No
Completed,GDPR,IC-357803-D4Q3,22/01/2025,2025,2024/25,Q4,10-Jan,23/01/2025,2025,2024/25,Q4,10-Jan,Health,Primary care,Whiteacres Medical Centre (M81039),Informal action taken,Breach recorded - regulatory action criteria not met,Advice given,No
Completed,GDPR,IC-260899-F2Q8,27/09/2023,2023,2023/24,Q2,06-Sep,23/01/2025,2025,2024/25,Q4,10-Jan,Membership association,Clubs,Winchester Archaeology Rescue Group,Informal action taken,Breach recorded - regulatory action criteria not met,Advice given,No
Completed,GDPR,IC-357757-L8M8,22/01/2025,2025,2024/25,Q4,10-Jan,23/01/2025,2025,2024/25,Q4,10-Jan,Education and childcare,Academy and Free Schools,XP School Trust Limited,Informal action taken,Breach recorded - regulatory action criteria not met,Advice given,No
Completed,GDPR,IC-357120-J6F0,17/01/2025,2025,2024/25,Q4,10-Jan,23/01/2025,2025,2024/25,Q4,10-Jan,Health,Secondary care,Consensus Support Services Ltd. ,No Further Action,Not PDB,Unassigned,No
Completed,GDPR,IC-357438-Q8G3,20/01/2025,2025,2024/25,Q4,10-Jan,23/01/2025,2025,2024/25,Q4,10-Jan,"Finance, insurance and credit",Credit referencing,Equifax LTD,No Further Action,Breach recorded - regulatory action criteria not met,Unassigned,Yes
Completed,GDPR,IC-357125-X1P9,20/01/2025,2025,2024/25,Q4,10-Jan,23/01/2025,2025,2024/25,Q4,10-Jan,Legal,Legal professionals,Expert Law Limited,No Further Action,Breach recorded - regulatory action criteria not met,Unassigned,Yes
Completed,GDPR,IC-356525-D4W5,17/01/2025,2025,2024/25,Q4,10-Jan,23/01/2025,2025,2024/25,Q4,10-Jan,"Finance, insurance and credit",Insolvency Practitioners,Herron Fisher Insolvency and Business Recovery,No Further Action,Breach recorded - regulatory action criteria not met,Unassigned,Yes
Completed,GDPR,IC-357631-H4Y2,22/01/2025,2025,2024/25,Q4,10-Jan,23/01/2025,2025,2024/25,Q4,10-Jan,Education and childcare,Private schools,St Peter's School,No Further Action,Not PDB,Unassigned,Yes
Completed,GDPR,IC-357306-S4D5,18/01/2025,2025,2024/25,Q4,10-Jan,23/01/2025,2025,2024/25,Q4,10-Jan,Retail and manufacture,Manufacturing,"Tekni-Plex, Inc",No Further Action,Breach recorded - regulatory action criteria not met,Unassigned,Yes
Completed,GDPR,IC-356966-T8S3,18/01/2025,2025,2024/25,Q4,10-Jan,23/01/2025,2025,2024/25,Q4,10-Jan,Online Technology and Telecoms,Software developers,Wacom Europe Gmbh,No Further Action,Breach recorded - regulatory action criteria not met,Unassigned,Yes
Completed,GDPR,IC-357960-D3V6,23/01/2025,2025,2024/25,Q4,10-Jan,24/01/2025,2025,2024/25,Q4,10-Jan,Health,Private Healthcare providers,Accessibility Partners Ltd,Informal action taken,Breach recorded - regulatory action criteria not met,Advice given,No
Completed,GDPR,IC-358036-J4S8,23/01/2025,2025,2024/25,Q4,10-Jan,24/01/2025,2025,2024/25,Q4,10-Jan,Health,Secondary care,Cambridgeshire and Peterborough NHS Foundation Trust,Informal action taken,Breach recorded - regulatory action criteria not met,Advice given,No
Completed,GDPR,IC-356367-M9S1,16/01/2025,2025,2024/25,Q4,10-Jan,24/01/2025,2025,2024/25,Q4,10-Jan,Education and childcare,Higher education,City of Bristol College,Informal action taken,Breach recorded - regulatory action criteria not met,Advice given,No
Completed,GDPR,IC-357978-T4M6,24/01/2025,2025,2024/25,Q4,10-Jan,24/01/2025,2025,2024/25,Q4,10-Jan,Retail and manufacture,Supplier of services,Concept Information Technology Limited,Informal action taken,Breach recorded - regulatory action criteria not met,Advice given,Yes
Completed,GDPR,IC-355200-S5N6,12/01/2025,2025,2024/25,Q4,10-Jan,24/01/2025,2025,2024/25,Q4,10-Jan,Retail and manufacture,Manufacturing,Conocophillips (U.K.) Holdings Limited,Informal action taken,Breach recorded - regulatory action criteria not met,Advice given,No
Completed,GDPR,IC-358054-L6C4,23/01/2025,2025,2024/25,Q4,10-Jan,24/01/2025,2025,2024/25,Q4,10-Jan,Central Government,Government Department,Department For Education (DFE),Informal action taken,Breach recorded - regulatory action criteria not met,Advice given,No
Completed,GDPR,IC-356467-N0Q5,17/01/2025,2025,2024/25,Q4,10-Jan,24/01/2025,2025,2024/25,Q4,10-Jan,Local government,District Council,Dorset Council,Informal action taken,Breach recorded - regulatory action criteria not met,Advice given,No
Completed,GDPR,IC-357961-M3J3,22/01/2025,2025,2024/25,Q4,10-Jan,24/01/2025,2025,2024/25,Q4,10-Jan,Retail and manufacture,Supplier of services,F.E.S. EX Ltd,Informal action taken,Breach recorded - regulatory action criteria not met,Advice given,Yes
Completed,GDPR,IC-357969-H9B3,23/01/2025,2025,2024/25,Q4,10-Jan,24/01/2025,2025,2024/25,Q4,10-Jan,Education and childcare,Private schools,Giggleswick Services Limited,Informal action taken,Breach recorded - regulatory action criteria not met,Advice given,Yes
Completed,GDPR,IC-357995-Q9V8,22/01/2025,2025,2024/25,Q4,10-Jan,24/01/2025,2025,2024/25,Q4,10-Jan,Health,Secondary care,Greater Manchester Mental Health NHS Foundation Trust,Informal action taken,Breach recorded - regulatory action criteria not met,Advice given,No
Completed,GDPR,IC-357806-S8P5,23/01/2025,2025,2024/25,Q4,10-Jan,24/01/2025,2025,2024/25,Q4,10-Jan,"Finance, insurance and credit",Financial services and advice,GT Wealth Management Ltd,Informal action taken,Breach recorded - regulatory action criteria not met,Advice given,No
Completed,GDPR,IC-358076-F2T5,23/01/2025,2025,2024/25,Q4,10-Jan,24/01/2025,2025,2024/25,Q4,10-Jan,Charitable and voluntary,Local charities,Heard Organisation Limited,Informal action taken,Breach recorded - regulatory action criteria not met,Advice given,No
Completed,GDPR,IC-358115-C4R8,23/01/2025,2025,2024/25,Q4,10-Jan,24/01/2025,2025,2024/25,Q4,10-Jan,Education and childcare,Maintained schools,Heene CE Primary School,Informal action taken,Breach recorded - regulatory action criteria not met,Advice given,No
Completed,GDPR,IC-262954-C4Z2,05/10/2023,2023,2023/24,Q3,07-Oct,24/01/2025,2025,2024/25,Q4,10-Jan,Health,Secondary care,Leeds and York Partnership NHS Foundation Trust,Informal action taken,Breach recorded - regulatory action criteria not met,Advice given,No
Completed,GDPR,IC-358108-K8L7,23/01/2025,2025,2024/25,Q4,10-Jan,24/01/2025,2025,2024/25,Q4,10-Jan,Health,General Practitioner,Old Mill Surgery,Informal action taken,Breach recorded - regulatory action criteria not met,Advice given,No
Completed,GDPR,IC-358183-M1G5,24/01/2025,2025,2024/25,Q4,10-Jan,24/01/2025,2025,2024/25,Q4,10-Jan,Retail and manufacture,Supplier of services,Orchard Engraving Solutions,Informal action taken,Breach recorded - regulatory action criteria not met,Advice given,Yes
Completed,GDPR,IC-358070-B8T9,23/01/2025,2025,2024/25,Q4,10-Jan,24/01/2025,2025,2024/25,Q4,10-Jan,Regulators,Regulatory Body (EU),Personal Injuries Resolution Board,Informal action taken,Breach recorded - regulatory action criteria not met,Advice given,No
Completed,GDPR,IC-358163-K8R1,23/01/2025,2025,2024/25,Q4,10-Jan,24/01/2025,2025,2024/25,Q4,10-Jan,Social care,Residential care,Premier Care Management Limited,Informal action taken,Breach recorded - regulatory action criteria not met,Advice given,No
Completed,GDPR,IC-357976-Z2V9,22/01/2025,2025,2024/25,Q4,10-Jan,24/01/2025,2025,2024/25,Q4,10-Jan,Health,General Practitioner,Priory Medical Group,Informal action taken,Breach recorded - regulatory action criteria not met,Advice given,No
Completed,GDPR,IC-357944-C5Y4,22/01/2025,2025,2024/25,Q4,10-Jan,24/01/2025,2025,2024/25,Q4,10-Jan,Health,General Practitioner,Rothschild House Group,Informal action taken,Breach recorded - regulatory action criteria not met,Advice given,No
Completed,GDPR,IC-354694-C2Y5,10/01/2025,2025,2024/25,Q4,10-Jan,24/01/2025,2025,2024/25,Q4,10-Jan,Retail and manufacture,Supplier of services,Royal Mail Group Ltd,Informal action taken,Breach recorded - regulatory action criteria not met,Advice given,No
Completed,GDPR,IC-357841-S4R9,22/01/2025,2025,2024/25,Q4,10-Jan,24/01/2025,2025,2024/25,Q4,10-Jan,Local government,"Parish, community and town councils",Ruddington Parish Council,Informal action taken,Breach recorded - regulatory action criteria not met,Advice given,No
Completed,GDPR,IC-356376-S9G2,16/01/2025,2025,2024/25,Q4,10-Jan,24/01/2025,2025,2024/25,Q4,10-Jan,Charitable and voluntary,National charities,"Sense, The National Deafblind and Rubella Association",Informal action taken,Breach recorded - regulatory action criteria not met,Advice given,No
Completed,GDPR,IC-356412-W6S2,16/01/2025,2025,2024/25,Q4,10-Jan,24/01/2025,2025,2024/25,Q4,10-Jan,Local government,"Unitary Authority (London Borough, Mets and Councils in Scotland and Wales)",Shropshire Council,Informal action taken,Breach recorded - regulatory action criteria not met,Advice given,No
Completed,GDPR,IC-358011-P6S8,21/01/2025,2025,2024/25,Q4,10-Jan,24/01/2025,2025,2024/25,Q4,10-Jan,Health,General Practitioner,TAVYSIDE HEALTH CENTRE,Informal action taken,Breach recorded - regulatory action criteria not met,Advice given,No
Completed,GDPR,IC-357977-M5W8,22/01/2025,2025,2024/25,Q4,10-Jan,24/01/2025,2025,2024/25,Q4,10-Jan,Retail and manufacture,Supplier of services,Tercus Hr Ltd,Informal action taken,Breach recorded - regulatory action criteria not met,Advice given,No
Completed,GDPR,IC-357963-K3G2,22/01/2025,2025,2024/25,Q4,10-Jan,24/01/2025,2025,2024/25,Q4,10-Jan,Health,General Practitioner,The Abingdon Surgery,Informal action taken,Breach recorded - regulatory action criteria not met,Advice given,No
Completed,GDPR,IC-358148-P0J9,23/01/2025,2025,2024/25,Q4,10-Jan,24/01/2025,2025,2024/25,Q4,10-Jan,Land or property services,Estate agency / letting agency,The Chancellors Group of Estate Agents Ltd,Informal action taken,Breach recorded - regulatory action criteria not met,Advice given,Yes
Completed,GDPR,IC-358120-M5H6,23/01/2025,2025,2024/25,Q4,10-Jan,24/01/2025,2025,2024/25,Q4,10-Jan,Education and childcare,Academy and Free Schools,The Forest School,Informal action taken,Breach recorded - regulatory action criteria not met,Advice given,No
Completed,GDPR,IC-358175-D0V4,23/01/2025,2025,2024/25,Q4,10-Jan,24/01/2025,2025,2024/25,Q4,10-Jan,Local government,District Council,Tunbridge Wells Borough Council,Informal action taken,Breach recorded - regulatory action criteria not met,Advice given,No
Completed,GDPR,IC-358126-K6Y5,23/01/2025,2025,2024/25,Q4,10-Jan,24/01/2025,2025,2024/25,Q4,10-Jan,Health,Secondary care,University Hospital Southampton NHS Foundation Trust,Informal action taken,Breach recorded - regulatory action criteria not met,Advice given,No
Completed,GDPR,IC-261152-F5H4,29/09/2023,2023,2023/24,Q2,06-Sep,24/01/2025,2025,2024/25,Q4,10-Jan,Health,Secondary care,University Hospitals Sussex NHS Foundation Trust,Informal action taken,Breach recorded - regulatory action criteria not met,Advice given,No
Completed,GDPR,IC-358089-C3P9,23/01/2025,2025,2024/25,Q4,10-Jan,24/01/2025,2025,2024/25,Q4,10-Jan,Retail and manufacture,Supplier of services,Utility Aid Limited,Informal action taken,Breach recorded - regulatory action criteria not met,Advice given,No
Completed,GDPR,IC-357957-T1Z0,22/01/2025,2025,2024/25,Q4,10-Jan,24/01/2025,2025,2024/25,Q4,10-Jan,Education and childcare,Academy and Free Schools,Watergrove Trust,Informal action taken,Breach recorded - regulatory action criteria not met,Advice given,No
Completed,GDPR,IC-358136-K2L4,23/01/2025,2025,2024/25,Q4,10-Jan,24/01/2025,2025,2024/25,Q4,10-Jan,Health,Secondary care,West London NHS Trust,Informal action taken,Breach recorded - regulatory action criteria not met,Advice given,No
Completed,GDPR,IC-358085-B0W9,23/01/2025,2025,2024/25,Q4,10-Jan,24/01/2025,2025,2024/25,Q4,10-Jan,Health,Secondary care,West London NHS Trust,Informal action taken,Breach recorded - regulatory action criteria not met,Advice given,No
Completed,GDPR,IC-261007-F8N4,28/09/2023,2023,2023/24,Q2,06-Sep,24/01/2025,2025,2024/25,Q4,10-Jan,Local government,"Unitary Authority (London Borough, Mets and Councils in Scotland and Wales)",Westmorland and Furness Council,Informal action taken,Breach recorded - regulatory action criteria not met,Advice given,No
Completed,GDPR,IC-357937-J0P5,22/01/2025,2025,2024/25,Q4,10-Jan,24/01/2025,2025,2024/25,Q4,10-Jan,Legal,Legal professionals,YVA SOLICITORS LLP,Informal action taken,Breach recorded - regulatory action criteria not met,Advice given,No
Completed,GDPR,IC-357799-K7D9,22/01/2025,2025,2024/25,Q4,10-Jan,24/01/2025,2025,2024/25,Q4,10-Jan,Retail and manufacture,Manufacturing,AE Rodda & Son Ltd,No Further Action,Breach recorded - regulatory action criteria not met,Unassigned,Yes
Completed,GDPR,IC-358022-Q6F1,23/01/2025,2025,2024/25,Q4,10-Jan,24/01/2025,2025,2024/25,Q4,10-Jan,General business,Unassigned,Africa House,No Further Action,Not PDB,Unassigned,No
Completed,GDPR,IC-357654-H6S5,22/01/2025,2025,2024/25,Q4,10-Jan,24/01/2025,2025,2024/25,Q4,10-Jan,Charitable and voluntary,Local charities,Alcohol & Drugs Action,No Further Action,Breach recorded - regulatory action criteria not met,Unassigned,Yes
Case Officer Review Completed,GDPR,IC-354779-T4Q5,09/01/2025,2025,2024/25,Q4,10-Jan,24/01/2025,2025,2024/25,Q4,10-Jan,Health,General Practitioner,Castle Donington Surgery,No Further Action,Not PDB,Unassigned,No
Completed,GDPR,IC-357598-S4R2,22/01/2025,2025,2024/25,Q4,10-Jan,24/01/2025,2025,2024/25,Q4,10-Jan,Education and childcare,Community School,Corby Glen Community Primary School,No Further Action,Breach recorded - regulatory action criteria not met,Unassigned,Yes
Completed,GDPR,IC-357711-F4W2,22/01/2025,2025,2024/25,Q4,10-Jan,24/01/2025,2025,2024/25,Q4,10-Jan,General business,Recruitment agencies,Excel Technical Resourcing Solutions Limited,No Further Action,Breach recorded - regulatory action criteria not met,Unassigned,Yes
Completed,GDPR,IC-357891-P4X7,22/01/2025,2025,2024/25,Q4,10-Jan,24/01/2025,2025,2024/25,Q4,10-Jan,Charitable and voluntary,Local charities,La Petite Ecole De Leicester,No Further Action,Breach recorded - regulatory action criteria not met,Unassigned,Yes
Completed,GDPR,IC-358140-F5Z7,23/01/2025,2025,2024/25,Q4,10-Jan,24/01/2025,2025,2024/25,Q4,10-Jan,Land or property services,Estate agency / letting agency,Robert Irving Burns Limited,No Further Action,Not PDB,Unassigned,No
Completed,GDPR,IC-357975-B3Y2,22/01/2025,2025,2024/25,Q4,10-Jan,24/01/2025,2025,2024/25,Q4,10-Jan,Retail and manufacture,Supplier of services,Royal Mail Group Ltd,No Further Action,Breach recorded - regulatory action criteria not met,Unassigned,Yes
Completed,GDPR,IC-357830-X7W6,22/01/2025,2025,2024/25,Q4,10-Jan,24/01/2025,2025,2024/25,Q4,10-Jan,Retail and manufacture,Supplier of goods,Wild Cosmetics Limited,No Further Action,Breach recorded - regulatory action criteria not met,Unassigned,Yes
Completed,GDPR,IC-319479-B6T8,11/07/2024,2024,2024/25,Q2,04-Jul,26/01/2025,2025,2024/25,Q4,10-Jan,Health,Healthcare and pharmaceuticals,Anon DC,Informal action taken,Breach recorded - regulatory action criteria not met,Advice given,No
Completed,GDPR,IC-319326-G5Y3,10/07/2024,2024,2024/25,Q2,04-Jul,26/01/2025,2025,2024/25,Q4,10-Jan,Health,Healthcare and pharmaceuticals,Blossom Home Care Harrogate & Ripon,Informal action taken,Breach recorded - regulatory action criteria not met,Advice given,No
Completed,GDPR,IC-319257-D4V2,09/07/2024,2024,2024/25,Q2,04-Jul,26/01/2025,2025,2024/25,Q4,10-Jan,Local government,"Unitary Authority (London Borough, Mets and Councils in Scotland and Wales)",Cardiff Council,Informal action taken,Breach recorded - regulatory action criteria not met,Advice given,No
Completed,GDPR,IC-308728-T1L7,23/05/2024,2024,2024/25,Q1,02-May,26/01/2025,2025,2024/25,Q4,10-Jan,Central Government,Government Department,Department for Work and Pensions (DWP),Informal action taken,Breach recorded - regulatory action criteria not met,Advice given,No
Completed,GDPR,IC-311893-D1C3,06/06/2024,2024,2024/25,Q1,03-Jun,26/01/2025,2025,2024/25,Q4,10-Jan,Central Government,Government Department,Department for Work and Pensions (DWP),Informal action taken,Breach recorded - regulatory action criteria not met,Advice given,No
Completed,GDPR,IC-327312-Z5T9,20/08/2024,2024,2024/25,Q2,05-Aug,26/01/2025,2025,2024/25,Q4,10-Jan,Central Government,Government Department,Department for Work and Pensions (DWP),Informal action taken,Breach recorded - regulatory action criteria not met,Advice given,No
Completed,GDPR,IC-321811-M5Q5,22/07/2024,2024,2024/25,Q2,04-Jul,26/01/2025,2025,2024/25,Q4,10-Jan,Legal,Legal professionals,DWF (Northern Ireland) LLP,Informal action taken,Breach recorded - regulatory action criteria not met,Advice given,No
Completed,GDPR,IC-321025-W9L1,18/07/2024,2024,2024/25,Q2,04-Jul,26/01/2025,2025,2024/25,Q4,10-Jan,Education and childcare,Academy and Free Schools,Education for the 21ST Century,Informal action taken,Breach recorded - regulatory action criteria not met,Advice given,No
Completed,GDPR,IC-321440-H0N6,19/07/2024,2024,2024/25,Q2,04-Jul,26/01/2025,2025,2024/25,Q4,10-Jan,Legal,Legal professionals,Everys Solicitors LLP,Informal action taken,Breach recorded - regulatory action criteria not met,Advice given,No
Completed,GDPR,IC-319339-S0H2,10/07/2024,2024,2024/25,Q2,04-Jul,26/01/2025,2025,2024/25,Q4,10-Jan,Health,General Practitioner,Holmhurst Medical Centre,Informal action taken,Breach recorded - regulatory action criteria not met,Advice given,No
Completed,GDPR,IC-321410-Q4J4,19/07/2024,2024,2024/25,Q2,04-Jul,26/01/2025,2025,2024/25,Q4,10-Jan,Local government,County Council,Kent County Council,Informal action taken,Breach recorded - regulatory action criteria not met,Advice given,No
Completed,GDPR,IC-319387-P3M7,10/07/2024,2024,2024/25,Q2,04-Jul,26/01/2025,2025,2024/25,Q4,10-Jan,Legal,Legal professionals,Knocker & Foskett Solicitors,Informal action taken,Breach recorded - regulatory action criteria not met,Advice given,No
Completed,GDPR,IC-318467-W2F0,05/07/2024,2024,2024/25,Q2,04-Jul,26/01/2025,2025,2024/25,Q4,10-Jan,Health,General Practitioner,Meddygfa Penygroes Surgery,Informal action taken,Breach recorded - regulatory action criteria not met,Advice given,No
Completed,GDPR,IC-319336-T6Z9,10/07/2024,2024,2024/25,Q2,04-Jul,26/01/2025,2025,2024/25,Q4,10-Jan,Retail and manufacture,Supplier of goods,Og Exclusives London Limited,Informal action taken,Breach recorded - regulatory action criteria not met,Advice given,No
Completed,GDPR,IC-319284-N3X1,09/07/2024,2024,2024/25,Q2,04-Jul,26/01/2025,2025,2024/25,Q4,10-Jan,Justice,Police Commissioners,Police and Crime Commissioner for Northamptonshire,Informal action taken,Breach recorded - regulatory action criteria not met,Advice given,No
Completed,GDPR,IC-321814-C6N1,22/07/2024,2024,2024/25,Q2,04-Jul,26/01/2025,2025,2024/25,Q4,10-Jan,Health,General Practitioner,Roman Road Health Centre,Informal action taken,Breach recorded - regulatory action criteria not met,Advice given,No
Completed,GDPR,IC-319815-C4C9,12/07/2024,2024,2024/25,Q2,04-Jul,26/01/2025,2025,2024/25,Q4,10-Jan,Justice,Police Authority,Scottish Police Authority (SPA),Informal action taken,Breach recorded - regulatory action criteria not met,Advice given,No
Completed,GDPR,IC-319269-H7G6,09/07/2024,2024,2024/25,Q2,04-Jul,26/01/2025,2025,2024/25,Q4,10-Jan,Charitable and voluntary,Local charities,SurvivorsUK,Informal action taken,Breach recorded - regulatory action criteria not met,Advice given,No
Completed,GDPR,IC-320411-P0F8,15/07/2024,2024,2024/25,Q2,04-Jul,26/01/2025,2025,2024/25,Q4,10-Jan,Central Government,Ombudsman,The Health and Care Professions Council,Informal action taken,Breach recorded - regulatory action criteria not met,Advice given,No
Completed,GDPR,IC-319276-X4L7,09/07/2024,2024,2024/25,Q2,04-Jul,26/01/2025,2025,2024/25,Q4,10-Jan,Education and childcare,Academy and Free Schools,Thomas Deacon Education Trust,Informal action taken,Breach recorded - regulatory action criteria not met,Advice given,No
Completed,GDPR,IC-358314-L6J0,24/01/2025,2025,2024/25,Q4,10-Jan,27/01/2025,2025,2024/25,Q4,10-Jan,"Finance, insurance and credit",Financial services and advice,Advies Private Clients LLP,Informal action taken,Breach recorded - regulatory action criteria not met,Advice given,Yes
Completed,GDPR,IC-358302-M6T4,24/01/2025,2025,2024/25,Q4,10-Jan,27/01/2025,2025,2024/25,Q4,10-Jan,Education and childcare,Maintained schools,Alderwood School,Informal action taken,Breach recorded - regulatory action criteria not met,Advice given,No
Completed,GDPR,IC-358547-P4L2,24/01/2025,2025,2024/25,Q4,10-Jan,27/01/2025,2025,2024/25,Q4,10-Jan,Health,Private Healthcare providers,Aston Hearing Services Ltd.,Informal action taken,Breach recorded - regulatory action criteria not met,Advice given,No
Completed,GDPR,IC-358571-L2W2,24/01/2025,2025,2024/25,Q4,10-Jan,27/01/2025,2025,2024/25,Q4,10-Jan,Land or property services,Property management,Battersea Power Station Development Company Limited,Informal action taken,Breach recorded - regulatory action criteria not met,Advice given,No
Completed,GDPR,IC-358328-F6L3,24/01/2025,2025,2024/25,Q4,10-Jan,27/01/2025,2025,2024/25,Q4,10-Jan,Health,Secondary care,Blackpool Teaching Hospitals NHS Foundation Trust,Informal action taken,Breach recorded - regulatory action criteria not met,Advice given,No
Completed,GDPR,IC-358562-Q4B6,24/01/2025,2025,2024/25,Q4,10-Jan,27/01/2025,2025,2024/25,Q4,10-Jan,Legal,Legal professionals,Bowling & Co,Informal action taken,Breach recorded - regulatory action criteria not met,Advice given,No
Completed,GDPR,IC-352803-K6P3,20/12/2024,2024,2024/25,Q3,09-Dec,27/01/2025,2025,2024/25,Q4,10-Jan,Legal,Legal professionals,Claimsmiths Law Llp,Informal action taken,Breach recorded - regulatory action criteria not met,Advice given,No
Completed,GDPR,IC-358232-C0H0,24/01/2025,2025,2024/25,Q4,10-Jan,27/01/2025,2025,2024/25,Q4,10-Jan,Charitable and voluntary,National charities,Crisis UK,Informal action taken,Breach recorded - regulatory action criteria not met,Advice given,Yes
Completed,GDPR,IC-358433-Q4Y4,24/01/2025,2025,2024/25,Q4,10-Jan,27/01/2025,2025,2024/25,Q4,10-Jan,Retail and manufacture,Supplier of services,Datashredders Ltd,Informal action taken,Breach recorded - regulatory action criteria not met,Advice given,No
Completed,GDPR,IC-358585-W9W9,24/01/2025,2025,2024/25,Q4,10-Jan,27/01/2025,2025,2024/25,Q4,10-Jan,Local government,"Unitary Authority (London Borough, Mets and Councils in Scotland and Wales)",Doncaster Metropolitan Borough Council,Informal action taken,Breach recorded - regulatory action criteria not met,Advice given,No
Completed,GDPR,IC-358316-Y2L5,23/01/2025,2025,2024/25,Q4,10-Jan,27/01/2025,2025,2024/25,Q4,10-Jan,Charitable and voluntary,Local charities,Edan Lincs,Informal action taken,Breach recorded - regulatory action criteria not met,Advice given,No
Completed,GDPR,IC-358455-G1K5,24/01/2025,2025,2024/25,Q4,10-Jan,27/01/2025,2025,2024/25,Q4,10-Jan,"Finance, insurance and credit",Accountancy and Payroll,Galloways Accounting (Hove) Limited,Informal action taken,Breach recorded - regulatory action criteria not met,Advice given,No
Completed,GDPR,IC-355033-Q4Q4,10/01/2025,2025,2024/25,Q4,10-Jan,27/01/2025,2025,2024/25,Q4,10-Jan,Local government,"Unitary Authority (London Borough, Mets and Councils in Scotland and Wales)",Gateshead Metropolitan Borough Council,Informal action taken,Unassigned,Unassigned,Yes
Completed,GDPR,IC-353006-C6K9,23/12/2024,2024,2024/25,Q3,09-Dec,27/01/2025,2025,2024/25,Q4,10-Jan,Retail and manufacture,Supplier of services,Gnosjo Konstsmide AB,Informal action taken,Unassigned,Unassigned,Yes
Completed,GDPR,IC-358114-J4W1,23/01/2025,2025,2024/25,Q4,10-Jan,27/01/2025,2025,2024/25,Q4,10-Jan,Charitable and voluntary,Local charities,Goldsmiths Students' Union,Informal action taken,Breach recorded - regulatory action criteria not met,Advice given,No
Completed,GDPR,IC-358414-B6B5,24/01/2025,2025,2024/25,Q4,10-Jan,27/01/2025,2025,2024/25,Q4,10-Jan,Land or property services,Housing association,Havebury Housing Partnership,Informal action taken,Breach recorded - regulatory action criteria not met,Advice given,No
Completed,GDPR,IC-358565-W6C2,24/01/2025,2025,2024/25,Q4,10-Jan,27/01/2025,2025,2024/25,Q4,10-Jan,Health,General Practitioner,Hope Citadel Healthcare Community Interest Company,Informal action taken,Breach recorded - regulatory action criteria not met,Advice given,No
Completed,GDPR,IC-358330-R1V3,24/01/2025,2025,2024/25,Q4,10-Jan,27/01/2025,2025,2024/25,Q4,10-Jan,Education and childcare,Private schools,Hutchesons' Educational Trust,Informal action taken,Breach recorded - regulatory action criteria not met,Advice given,No
Completed,GDPR,IC-358274-C0J2,23/01/2025,2025,2024/25,Q4,10-Jan,27/01/2025,2025,2024/25,Q4,10-Jan,Health,Representative and arm's length bodies,International Society of Hypertension,Informal action taken,Breach recorded - regulatory action criteria not met,Advice given,Yes
Completed,GDPR,IC-358355-J2X1,24/01/2025,2025,2024/25,Q4,10-Jan,27/01/2025,2025,2024/25,Q4,10-Jan,"Finance, insurance and credit",Unassigned,James Hay Wrap Managers Limited,Informal action taken,Breach recorded - regulatory action criteria not met,Advice given,No
Completed,GDPR,IC-358368-S6X2,24/01/2025,2025,2024/25,Q4,10-Jan,27/01/2025,2025,2024/25,Q4,10-Jan,Health,General Practitioner,Kings Medical Centre,Informal action taken,Breach recorded - regulatory action criteria not met,Advice given,No
Completed,GDPR,IC-354904-G1B9,10/01/2025,2025,2024/25,Q4,10-Jan,27/01/2025,2025,2024/25,Q4,10-Jan,Health,Secondary care,Lancashire and South Cumbria NHS Foundation Trust,Informal action taken,Breach recorded - regulatory action criteria not met,Advice given,No
Completed,GDPR,IC-358446-H4R0,24/01/2025,2025,2024/25,Q4,10-Jan,27/01/2025,2025,2024/25,Q4,10-Jan,Social care,Residential care,Leaf Complex Care,Informal action taken,Breach recorded - regulatory action criteria not met,Advice given,No
Completed,GDPR,IC-358171-G2P8,24/01/2025,2025,2024/25,Q4,10-Jan,27/01/2025,2025,2024/25,Q4,10-Jan,Transport and leisure,Entertainment providers,LiveScore Group Limited,Informal action taken,Breach recorded - regulatory action criteria not met,Advice given,Yes
Completed,GDPR,IC-349935-J8L2,09/12/2024,2024,2024/25,Q3,09-Dec,27/01/2025,2025,2024/25,Q4,10-Jan,Membership association,Employment and Trade Unions,National Union of Journalists,Informal action taken,Breach recorded - regulatory action criteria not met,Advice given,No
Completed,GDPR,IC-358400-Z5P2,24/01/2025,2025,2024/25,Q4,10-Jan,27/01/2025,2025,2024/25,Q4,10-Jan,Legal,Legal professionals,Notary Abc Limited,Informal action taken,Breach recorded - regulatory action criteria not met,Advice given,Yes
Completed,GDPR,IC-358480-R9H1,24/01/2025,2025,2024/25,Q4,10-Jan,27/01/2025,2025,2024/25,Q4,10-Jan,General business,Business advice and consultancy,One Education Ltd,Informal action taken,Breach recorded - regulatory action criteria not met,Advice given,Yes
Completed,GDPR,IC-358459-Y1M0,24/01/2025,2025,2024/25,Q4,10-Jan,27/01/2025,2025,2024/25,Q4,10-Jan,Education and childcare,Academy and Free Schools,Pathfinder Multi Academy Trust,Informal action taken,Breach recorded - regulatory action criteria not met,Advice given,No
Completed,GDPR,IC-358555-T0L1,24/01/2025,2025,2024/25,Q4,10-Jan,27/01/2025,2025,2024/25,Q4,10-Jan,Charitable and voluntary,Local charities,Peabody Trust,Informal action taken,Breach recorded - regulatory action criteria not met,Advice given,No
Completed,GDPR,IC-358351-Q5F2,24/01/2025,2025,2024/25,Q4,10-Jan,27/01/2025,2025,2024/25,Q4,10-Jan,Health,General Practitioner,Pontprennau Medical Centre,Informal action taken,Breach recorded - regulatory action criteria not met,Advice given,No
Completed,GDPR,IC-358230-M9W4,23/01/2025,2025,2024/25,Q4,10-Jan,27/01/2025,2025,2024/25,Q4,10-Jan,Local government,"Unitary Authority (London Borough, Mets and Councils in Scotland and Wales)",Reading Borough Council,Informal action taken,Breach recorded - regulatory action criteria not met,Advice given,No
Completed,GDPR,IC-334545-T3Q6,27/09/2024,2024,2024/25,Q2,06-Sep,27/01/2025,2025,2024/25,Q4,10-Jan,Retail and manufacture,Supplier of goods,Simple Lighting Ltd,Informal action taken,Unassigned,Unassigned,Yes
Completed,GDPR,IC-358180-S4X0,23/01/2025,2025,2024/25,Q4,10-Jan,27/01/2025,2025,2024/25,Q4,10-Jan,Education and childcare,Academy and Free Schools,The Blue Kite Academy Trust,Informal action taken,Breach recorded - regulatory action criteria not met,Advice given,Don't know
Completed,GDPR,IC-358275-W6T0,23/01/2025,2025,2024/25,Q4,10-Jan,27/01/2025,2025,2024/25,Q4,10-Jan,Central Government,Executive agencies,The Coal Authority,Informal action taken,Breach recorded - regulatory action criteria not met,Advice given,No
Completed,GDPR,IC-358109-F1M8,23/01/2025,2025,2024/25,Q4,10-Jan,27/01/2025,2025,2024/25,Q4,10-Jan,Education and childcare,Academy and Free Schools,The Forest School,Informal action taken,Breach recorded - regulatory action criteria not met,Advice given,No
Completed,GDPR,IC-358426-J9D1,24/01/2025,2025,2024/25,Q4,10-Jan,27/01/2025,2025,2024/25,Q4,10-Jan,Local government,"Unitary Authority (London Borough, Mets and Councils in Scotland and Wales)",The Vale of Glamorgan Council,Informal action taken,Breach recorded - regulatory action criteria not met,Advice given,No
Completed,GDPR,IC-358257-X7X7,23/01/2025,2025,2024/25,Q4,10-Jan,27/01/2025,2025,2024/25,Q4,10-Jan,Legal,Legal professionals,Thompsons Solicitors LLP,Informal action taken,Breach recorded - regulatory action criteria not met,Advice given,No
Completed,GDPR,IC-358311-M9P0,24/01/2025,2025,2024/25,Q4,10-Jan,27/01/2025,2025,2024/25,Q4,10-Jan,Utilities,Utility companies,United Utilities Group PLC,Informal action taken,Breach recorded - regulatory action criteria not met,Advice given,No
Completed,GDPR,IC-355297-T6B6,13/01/2025,2025,2024/25,Q4,10-Jan,27/01/2025,2025,2024/25,Q4,10-Jan,Health,Secondary care,University Hospitals of Derby and Burton,Informal action taken,Breach recorded - regulatory action criteria not met,Advice given,No
Completed,GDPR,IC-349635-L8L2,06/12/2024,2024,2024/25,Q3,09-Dec,27/01/2025,2025,2024/25,Q4,10-Jan,Health,Secondary care,West London NHS Trust,Informal action taken,Breach recorded - regulatory action criteria not met,Advice given,No
Completed,GDPR,IC-358419-T3N3,24/01/2025,2025,2024/25,Q4,10-Jan,27/01/2025,2025,2024/25,Q4,10-Jan,Social care,Residential care,ZERO THREE CARE HOMES LLP,Informal action taken,Breach recorded - regulatory action criteria not met,Advice given,No
Case Officer Review Completed,GDPR,IC-358240-W9F0,23/01/2025,2025,2024/25,Q4,10-Jan,27/01/2025,2025,2024/25,Q4,10-Jan,Charitable and voluntary,Unassigned,Diverse Abilities Plus Ltd,No Further Action,Not PDB,Unassigned,No
Completed,GDPR,IC-358288-K3S5,23/01/2025,2025,2024/25,Q4,10-Jan,27/01/2025,2025,2024/25,Q4,10-Jan,Local government,District Council,Dorset Council,No Further Action,Not PDB,Unassigned,No
Completed,GDPR,IC-358603-P5L1,24/01/2025,2025,2024/25,Q4,10-Jan,28/01/2025,2025,2024/25,Q4,10-Jan,Education and childcare,Academy and Free Schools,Aldridge Education,Informal action taken,Breach recorded - regulatory action criteria not met,Advice given,No
Completed,GDPR,IC-358679-K9Q3,24/01/2025,2025,2024/25,Q4,10-Jan,28/01/2025,2025,2024/25,Q4,10-Jan,Education and childcare,Academy and Free Schools,Altus Education Partnership,Informal action taken,Breach recorded - regulatory action criteria not met,Advice given,No
Completed,GDPR,IC-358652-W3D1,24/01/2025,2025,2024/25,Q4,10-Jan,28/01/2025,2025,2024/25,Q4,10-Jan,"Finance, insurance and credit",Financial services and advice,Ambienta Ltd,Informal action taken,Breach recorded - regulatory action criteria not met,Advice given,Yes
Completed,GDPR,IC-358786-H4Q7,24/01/2025,2025,2024/25,Q4,10-Jan,28/01/2025,2025,2024/25,Q4,10-Jan,Political,Member of Parliament,Anon DC,Informal action taken,Breach recorded - regulatory action criteria not met,Advice given,No
Completed,GDPR,IC-358824-W1K1,27/01/2025,2025,2024/25,Q4,10-Jan,28/01/2025,2025,2024/25,Q4,10-Jan,Charitable and voluntary,Local charities,Ashenground Community Centre,Informal action taken,Breach recorded - regulatory action criteria not met,Advice given,Yes
Completed,GDPR,IC-358807-Z2H2,24/01/2025,2025,2024/25,Q4,10-Jan,28/01/2025,2025,2024/25,Q4,10-Jan,Land or property services,Property management,Aspen Park Road Management Company,Informal action taken,Breach recorded - regulatory action criteria not met,Advice given,No
Completed,GDPR,IC-358421-T4Y5,24/01/2025,2025,2024/25,Q4,10-Jan,28/01/2025,2025,2024/25,Q4,10-Jan,Charitable and voluntary,Local charities,Autism West Midlands,Informal action taken,Breach recorded - regulatory action criteria not met,Advice given,No
Completed,GDPR,IC-358623-H7N0,24/01/2025,2025,2024/25,Q4,10-Jan,28/01/2025,2025,2024/25,Q4,10-Jan,Transport and leisure,Accommodation providers,Badrutt's Palace Hotel AG,Informal action taken,Breach recorded - regulatory action criteria not met,Advice given,Yes
Completed,GDPR,IC-358744-D7F1,24/01/2025,2025,2024/25,Q4,10-Jan,28/01/2025,2025,2024/25,Q4,10-Jan,Retail and manufacture,Supplier of services,Bloomsbury Historical Consultancy Ltd,Informal action taken,Breach recorded - regulatory action criteria not met,Advice given,No
Completed,GDPR,IC-358629-T8J5,24/01/2025,2025,2024/25,Q4,10-Jan,28/01/2025,2025,2024/25,Q4,10-Jan,Local government,Borough Council,Borough Council of Pendle,Informal action taken,Breach recorded - regulatory action criteria not met,Advice given,No
Completed,GDPR,IC-358682-L7V1,25/01/2025,2025,2024/25,Q4,10-Jan,28/01/2025,2025,2024/25,Q4,10-Jan,Retail and manufacture,Supplier of goods,Buyur Ltd,Informal action taken,Breach recorded - regulatory action criteria not met,Advice given,No
Completed,GDPR,IC-358664-M6Q8,24/01/2025,2025,2024/25,Q4,10-Jan,28/01/2025,2025,2024/25,Q4,10-Jan,"Finance, insurance and credit",Debt collection/tracing,Cabot Credit Management Group Limited,Informal action taken,Breach recorded - regulatory action criteria not met,Advice given,Yes
Completed,GDPR,IC-358536-S9J1,24/01/2025,2025,2024/25,Q4,10-Jan,28/01/2025,2025,2024/25,Q4,10-Jan,Local government,"Unitary Authority (London Borough, Mets and Councils in Scotland and Wales)",Ceredigion County Council,Informal action taken,Breach recorded - regulatory action criteria not met,Advice given,No
Completed,GDPR,IC-358650-V6P7,24/01/2025,2025,2024/25,Q4,10-Jan,28/01/2025,2025,2024/25,Q4,10-Jan,Retail and manufacture,Supplier of goods,Clubhouse Golf Limited,Informal action taken,Breach recorded - regulatory action criteria not met,Advice given,Yes
Completed,GDPR,IC-358730-M9Q9,24/01/2025,2025,2024/25,Q4,10-Jan,28/01/2025,2025,2024/25,Q4,10-Jan,Education and childcare,Unassigned,Crigglestone St James CE Primary Academy,Informal action taken,Breach recorded - regulatory action criteria not met,Advice given,Don't know
Completed,GDPR,IC-358716-H2C4,24/01/2025,2025,2024/25,Q4,10-Jan,28/01/2025,2025,2024/25,Q4,10-Jan,Legal,Legal professionals,Duncan Lewis Solicitors Limited,Informal action taken,Breach recorded - regulatory action criteria not met,Advice given,No
Completed,GDPR,IC-358615-G5X2,24/01/2025,2025,2024/25,Q4,10-Jan,28/01/2025,2025,2024/25,Q4,10-Jan,Transport and leisure,Unassigned,Edinburgh Airport Limited,Informal action taken,Breach recorded - regulatory action criteria not met,Advice given,No
Completed,GDPR,IC-358738-N3N5,24/01/2025,2025,2024/25,Q4,10-Jan,28/01/2025,2025,2024/25,Q4,10-Jan,Health,Healthcare and pharmaceuticals,Elysium Neurological Services (Badby) Limited,Informal action taken,Breach recorded - regulatory action criteria not met,Advice given,No
Completed,GDPR,IC-358692-J8S2,24/01/2025,2025,2024/25,Q4,10-Jan,28/01/2025,2025,2024/25,Q4,10-Jan,Retail and manufacture,Manufacturing,English Braids Limited ,Informal action taken,Breach recorded - regulatory action criteria not met,Advice given,Yes
Completed,GDPR,IC-358706-N0Q8,24/01/2025,2025,2024/25,Q4,10-Jan,28/01/2025,2025,2024/25,Q4,10-Jan,Land or property services,Estate agency / letting agency,Estates & Management Limited,Informal action taken,Breach recorded - regulatory action criteria not met,Advice given,No
Completed,GDPR,IC-358689-Q7J0,24/01/2025,2025,2024/25,Q4,10-Jan,28/01/2025,2025,2024/25,Q4,10-Jan,Legal,Legal professionals,Freemans Solicitors,Informal action taken,Breach recorded - regulatory action criteria not met,Advice given,No
Completed,GDPR,IC-358842-L4D4,25/01/2025,2025,2024/25,Q4,10-Jan,28/01/2025,2025,2024/25,Q4,10-Jan,Legal,Legal professionals,Gatling Solicitors Limited,Informal action taken,Breach recorded - regulatory action criteria not met,Advice given,Yes
Completed,GDPR,IC-358641-P0V8,24/01/2025,2025,2024/25,Q4,10-Jan,28/01/2025,2025,2024/25,Q4,10-Jan,Education and childcare,Unassigned,Girls' Learning Trust,Informal action taken,Breach recorded - regulatory action criteria not met,Advice given,No
Completed,GDPR,IC-358634-D3M8,24/01/2025,2025,2024/25,Q4,10-Jan,28/01/2025,2025,2024/25,Q4,10-Jan,Charitable and voluntary,Local charities,Guy's and St Thomas' Foundation,Informal action taken,Breach recorded - regulatory action criteria not met,Advice given,Yes
Completed,GDPR,IC-358747-Y5X6,24/01/2025,2025,2024/25,Q4,10-Jan,28/01/2025,2025,2024/25,Q4,10-Jan,Land or property services,Housing association,Havebury Housing Partnership,Informal action taken,Breach recorded - regulatory action criteria not met,Advice given,No
Completed,GDPR,IC-358710-V7Y2,24/01/2025,2025,2024/25,Q4,10-Jan,28/01/2025,2025,2024/25,Q4,10-Jan,Land or property services,Estate agency / letting agency,Jamie Moore Limited,Informal action taken,Breach recorded - regulatory action criteria not met,Advice given,No
Completed,GDPR,IC-358671-Q7Y7,24/01/2025,2025,2024/25,Q4,10-Jan,28/01/2025,2025,2024/25,Q4,10-Jan,"Finance, insurance and credit",Financial services and advice,Johnston Carmichael Wealth Limited,Informal action taken,Breach recorded - regulatory action criteria not met,Advice given,No
Completed,GDPR,IC-358691-V7G7,24/01/2025,2025,2024/25,Q4,10-Jan,28/01/2025,2025,2024/25,Q4,10-Jan,Charitable and voluntary,National charities,MAG (Mines Advisory Group),Informal action taken,Breach recorded - regulatory action criteria not met,Advice given,No
Completed,GDPR,IC-358636-B4N7,24/01/2025,2025,2024/25,Q4,10-Jan,28/01/2025,2025,2024/25,Q4,10-Jan,Education and childcare,Academy and Free Schools,Marlow Education Trust,Informal action taken,Breach recorded - regulatory action criteria not met,Advice given,No
Completed,GDPR,IC-358737-L3Z0,24/01/2025,2025,2024/25,Q4,10-Jan,28/01/2025,2025,2024/25,Q4,10-Jan,Legal,Legal professionals,Payne Hicks Beach LLP,Informal action taken,Breach recorded - regulatory action criteria not met,Advice given,No
Completed,GDPR,IC-358489-P0T0,24/01/2025,2025,2024/25,Q4,10-Jan,28/01/2025,2025,2024/25,Q4,10-Jan,"Finance, insurance and credit",Accountancy and Payroll,Pendeen Accountants Limited,Informal action taken,Breach recorded - regulatory action criteria not met,Advice given,Don't know
Completed,GDPR,IC-358672-N2D6,25/01/2025,2025,2024/25,Q4,10-Jan,28/01/2025,2025,2024/25,Q4,10-Jan,General business,Not for profit companies,Public Library of Science,Informal action taken,Breach recorded - regulatory action criteria not met,Advice given,Yes
Completed,GDPR,IC-358858-Q5K2,26/01/2025,2025,2024/25,Q4,10-Jan,28/01/2025,2025,2024/25,Q4,10-Jan,Education and childcare,Academy and Free Schools,QEHC Academy Trust,Informal action taken,Breach recorded - regulatory action criteria not met,Advice given,No
Completed,GDPR,IC-358777-M1T9,24/01/2025,2025,2024/25,Q4,10-Jan,28/01/2025,2025,2024/25,Q4,10-Jan,Health,General Practitioner,Rothschild House Group,Informal action taken,Breach recorded - regulatory action criteria not met,Advice given,No
Completed,GDPR,IC-358622-R0T2,24/01/2025,2025,2024/25,Q4,10-Jan,28/01/2025,2025,2024/25,Q4,10-Jan,Health,Healthcare and pharmaceuticals,Sonderwell Bidco Limited,Informal action taken,Breach recorded - regulatory action criteria not met,Advice given,No
Completed,GDPR,IC-358640-C4T9,24/01/2025,2025,2024/25,Q4,10-Jan,28/01/2025,2025,2024/25,Q4,10-Jan,Education and childcare,Academy and Free Schools,South Pennine Academies,Informal action taken,Breach recorded - regulatory action criteria not met,Advice given,Yes
Completed,GDPR,IC-358667-F9S8,24/01/2025,2025,2024/25,Q4,10-Jan,28/01/2025,2025,2024/25,Q4,10-Jan,Retail and manufacture,Supplier of services,Staff Absence Management Limited,Informal action taken,Breach recorded - regulatory action criteria not met,Advice given,No
Completed,GDPR,IC-358735-X2B4,24/01/2025,2025,2024/25,Q4,10-Jan,28/01/2025,2025,2024/25,Q4,10-Jan,Charitable and voluntary,National charities,The National Autistic Society,Informal action taken,Breach recorded - regulatory action criteria not met,Advice given,No
Completed,GDPR,IC-358697-B2L3,27/01/2025,2025,2024/25,Q4,10-Jan,28/01/2025,2025,2024/25,Q4,10-Jan,Land or property services,Estate agency / letting agency,THE PHILIP JAMES PARTNERSHIP LIMITED,Informal action taken,Breach recorded - regulatory action criteria not met,Advice given,No
Completed,GDPR,IC-358624-X3P5,24/01/2025,2025,2024/25,Q4,10-Jan,28/01/2025,2025,2024/25,Q4,10-Jan,Education and childcare,Maintained schools,The Westgate School,Informal action taken,Breach recorded - regulatory action criteria not met,Advice given,No
Completed,GDPR,IC-358816-F2Q4,25/01/2025,2025,2024/25,Q4,10-Jan,28/01/2025,2025,2024/25,Q4,10-Jan,Education and childcare,Private schools,Threemilestone Education Limited,Informal action taken,Breach recorded - regulatory action criteria not met,Advice given,No
Completed,GDPR,IC-358668-H3V8,24/01/2025,2025,2024/25,Q4,10-Jan,28/01/2025,2025,2024/25,Q4,10-Jan,Legal,Legal professionals,TLT LLP,Informal action taken,Breach recorded - regulatory action criteria not met,Advice given,No
Completed,GDPR,IC-358616-S2W9,24/01/2025,2025,2024/25,Q4,10-Jan,28/01/2025,2025,2024/25,Q4,10-Jan,Membership association,Employment and Trade Unions,Unison,Informal action taken,Breach recorded - regulatory action criteria not met,Advice given,Yes
Completed,GDPR,IC-358630-R1Y3,24/01/2025,2025,2024/25,Q4,10-Jan,28/01/2025,2025,2024/25,Q4,10-Jan,Charitable and voluntary,National charities,UWC Atlantic College,Informal action taken,Breach recorded - regulatory action criteria not met,Advice given,No
Completed,GDPR,IC-358851-W8M7,27/01/2025,2025,2024/25,Q4,10-Jan,28/01/2025,2025,2024/25,Q4,10-Jan,Health,Secondary care,West London NHS Trust,Informal action taken,Breach recorded - regulatory action criteria not met,Advice given,No
Completed,GDPR,IC-358873-H4R4,24/01/2025,2025,2024/25,Q4,10-Jan,28/01/2025,2025,2024/25,Q4,10-Jan,Local government,"Unitary Authority (London Borough, Mets and Councils in Scotland and Wales)",West Northamptonshire Council,Informal action taken,Breach recorded - regulatory action criteria not met,Advice given,No
Completed,GDPR,IC-355337-L9Q2,13/01/2025,2025,2024/25,Q4,10-Jan,28/01/2025,2025,2024/25,Q4,10-Jan,Health,Secondary care,Wirral University Teaching Hospital NHS Foundation Trust,Informal action taken,Breach recorded - regulatory action criteria not met,Advice given,No
Completed,GDPR,IC-352838-K6Y1,20/12/2024,2024,2024/25,Q3,09-Dec,28/01/2025,2025,2024/25,Q4,10-Jan,Health,Healthcare and pharmaceuticals,"Intercept Pharmaceuticals, Inc.",No Further Action,Breach recorded - regulatory action criteria not met,Unassigned,Yes
Completed,GDPR,IC-358892-D4P6,27/01/2025,2025,2024/25,Q4,10-Jan,29/01/2025,2025,2024/25,Q4,10-Jan,Charitable and voluntary,Local charities,Alexander Devine Childrens Hospice,Informal action taken,Breach recorded - regulatory action criteria not met,Advice given,Yes
Completed,GDPR,IC-359102-X9F2,27/01/2025,2025,2024/25,Q4,10-Jan,29/01/2025,2025,2024/25,Q4,10-Jan,Health,General Practitioner,Asplands Medical Centre,Informal action taken,Breach recorded - regulatory action criteria not met,Advice given,No
Completed,GDPR,IC-358822-C5K7,24/01/2025,2025,2024/25,Q4,10-Jan,29/01/2025,2025,2024/25,Q4,10-Jan,Transport and leisure,Accommodation providers,Brama Hotels Limited,Informal action taken,Breach recorded - regulatory action criteria not met,Advice given,Yes
Completed,GDPR,IC-359190-D3D7,27/01/2025,2025,2024/25,Q4,10-Jan,29/01/2025,2025,2024/25,Q4,10-Jan,Legal,Legal professionals,Chattertons Legal Services Limited,Informal action taken,Breach recorded - regulatory action criteria not met,Advice given,No
Completed,GDPR,IC-359043-F3J1,27/01/2025,2025,2024/25,Q4,10-Jan,29/01/2025,2025,2024/25,Q4,10-Jan,Local government,"Unitary Authority (London Borough, Mets and Councils in Scotland and Wales)",Cheshire West and Chester Council,Informal action taken,Breach recorded - regulatory action criteria not met,Advice given,No
Completed,GDPR,IC-358976-C8B9,27/01/2025,2025,2024/25,Q4,10-Jan,29/01/2025,2025,2024/25,Q4,10-Jan,"Finance, insurance and credit",Insurance,CIM Management Limited,Informal action taken,Breach recorded - regulatory action criteria not met,Advice given,Yes
Completed,GDPR,IC-358826-K7X0,25/01/2025,2025,2024/25,Q4,10-Jan,29/01/2025,2025,2024/25,Q4,10-Jan,Charitable and voluntary,Local charities,Community360,Informal action taken,Breach recorded - regulatory action criteria not met,Advice given,No
Completed,GDPR,IC-357798-C1Q0,22/01/2025,2025,2024/25,Q4,10-Jan,29/01/2025,2025,2024/25,Q4,10-Jan,General business,Supplier of services,Darryl-Robert Aesthetics Ltd ,Informal action taken,Breach recorded - regulatory action criteria not met,Advice given,No
Completed,GDPR,IC-354649-M5J4,09/01/2025,2025,2024/25,Q4,10-Jan,29/01/2025,2025,2024/25,Q4,10-Jan,Local government,"Unitary Authority (London Borough, Mets and Councils in Scotland and Wales)",Doncaster Metropolitan Borough Council,Informal action taken,Breach recorded - regulatory action criteria not met,Advice given,No
Completed,GDPR,IC-358819-X4D9,24/01/2025,2025,2024/25,Q4,10-Jan,29/01/2025,2025,2024/25,Q4,10-Jan,"Finance, insurance and credit",Financial services and advice,Franklin Templeton Fund Management Limited,Informal action taken,Breach recorded - regulatory action criteria not met,Advice given,No
Completed,GDPR,IC-358886-X5J8,27/01/2025,2025,2024/25,Q4,10-Jan,29/01/2025,2025,2024/25,Q4,10-Jan,Education and childcare,Community School,HAYDN PRIMARY & NURSERY SCHOOL,Informal action taken,Breach recorded - regulatory action criteria not met,Advice given,No
Completed,GDPR,IC-358834-X4G3,26/01/2025,2025,2024/25,Q4,10-Jan,29/01/2025,2025,2024/25,Q4,10-Jan,Transport and leisure,Leisure centres and gyms,Hicks Family Martial Arts School,Informal action taken,Breach recorded - regulatory action criteria not met,Advice given,No
Completed,GDPR,IC-358830-J5M1,25/01/2025,2025,2024/25,Q4,10-Jan,29/01/2025,2025,2024/25,Q4,10-Jan,"Finance, insurance and credit",Insurance,Inspop.com Limited (Confused.com),Informal action taken,Breach recorded - regulatory action criteria not met,Advice given,No
Completed,GDPR,IC-358869-D7R0,25/01/2025,2025,2024/25,Q4,10-Jan,29/01/2025,2025,2024/25,Q4,10-Jan,"Finance, insurance and credit",Insurance,Inspop.com Limited (Confused.com),Informal action taken,Breach recorded - regulatory action criteria not met,Advice given,No
Completed,GDPR,IC-354445-C1X8,08/01/2025,2025,2024/25,Q4,10-Jan,29/01/2025,2025,2024/25,Q4,10-Jan,Charitable and voluntary,National charities,Islamic Help,Informal action taken,Breach recorded - regulatory action criteria not met,Advice given,No
Completed,GDPR,IC-359060-T3J5,28/01/2025,2025,2024/25,Q4,10-Jan,29/01/2025,2025,2024/25,Q4,10-Jan,Legal,Legal professionals,Jones Whyte Law Limited,Informal action taken,Breach recorded - regulatory action criteria not met,Advice given,No
Completed,GDPR,IC-359081-V0V4,27/01/2025,2025,2024/25,Q4,10-Jan,29/01/2025,2025,2024/25,Q4,10-Jan,Local government,"Unitary Authority (London Borough, Mets and Councils in Scotland and Wales)",London Borough of Bromley,Informal action taken,Breach recorded - regulatory action criteria not met,Advice given,No
Completed,GDPR,IC-358974-F3C2,27/01/2025,2025,2024/25,Q4,10-Jan,29/01/2025,2025,2024/25,Q4,10-Jan,Retail and manufacture,Supplier of services,MCS Personnel Ltd,Informal action taken,Breach recorded - regulatory action criteria not met,Advice given,Yes
Completed,GDPR,IC-358944-S4F4,27/01/2025,2025,2024/25,Q4,10-Jan,29/01/2025,2025,2024/25,Q4,10-Jan,Retail and manufacture,Manufacturing,Nicholsons Sealing Technologies Ltd,Informal action taken,Breach recorded - regulatory action criteria not met,Advice given,No
Completed,GDPR,IC-356299-K6Z8,16/01/2025,2025,2024/25,Q4,10-Jan,29/01/2025,2025,2024/25,Q4,10-Jan,Health,General Practitioner,Oakleigh Road Clinic,Informal action taken,Breach recorded - regulatory action criteria not met,Advice given,No
Completed,GDPR,IC-331068-J9B3,10/09/2024,2024,2024/25,Q2,06-Sep,29/01/2025,2025,2024/25,Q4,10-Jan,Regulators,Regulatory Body,Office of the Scottish Charity Regulator,Informal action taken,Breach recorded - regulatory action criteria not met,Advice given,No
Completed,GDPR,IC-359005-N6P5,27/01/2025,2025,2024/25,Q4,10-Jan,29/01/2025,2025,2024/25,Q4,10-Jan,Land or property services,Estate agency / letting agency,Reld Property,Informal action taken,Breach recorded - regulatory action criteria not met,Advice given,No
Completed,GDPR,IC-358994-Q7P3,27/01/2025,2025,2024/25,Q4,10-Jan,29/01/2025,2025,2024/25,Q4,10-Jan,Education and childcare,Unassigned,South Hampshire College Group,Informal action taken,Breach recorded - regulatory action criteria not met,Advice given,No
Completed,GDPR,IC-359085-G7W4,27/01/2025,2025,2024/25,Q4,10-Jan,29/01/2025,2025,2024/25,Q4,10-Jan,Charitable and voluntary,National charities,St Helen's Enterprises Limited,Informal action taken,Breach recorded - regulatory action criteria not met,Advice given,No
Completed,GDPR,IC-359084-K9N2,27/01/2025,2025,2024/25,Q4,10-Jan,29/01/2025,2025,2024/25,Q4,10-Jan,Education and childcare,Academy and Free Schools,Staploe Education Trust,Informal action taken,Breach recorded - regulatory action criteria not met,Advice given,No
Completed,GDPR,IC-358472-M8K6,24/01/2025,2025,2024/25,Q4,10-Jan,29/01/2025,2025,2024/25,Q4,10-Jan,Charitable and voluntary,Unassigned,The Sealed Knot Ltd,Informal action taken,Breach recorded - regulatory action criteria not met,Advice given,No
Completed,GDPR,IC-358662-Y8X0,24/01/2025,2025,2024/25,Q4,10-Jan,29/01/2025,2025,2024/25,Q4,10-Jan,Charitable and voluntary,National charities,The Trussell Trust,Informal action taken,Breach recorded - regulatory action criteria not met,Advice given,Yes
Completed,GDPR,IC-359063-J2H0,27/01/2025,2025,2024/25,Q4,10-Jan,29/01/2025,2025,2024/25,Q4,10-Jan,Education and childcare,Higher education,The University of Bath,Informal action taken,Breach recorded - regulatory action criteria not met,Advice given,No
Completed,GDPR,IC-356328-N1H1,16/01/2025,2025,2024/25,Q4,10-Jan,29/01/2025,2025,2024/25,Q4,10-Jan,Education and childcare,Academy and Free Schools,University of Brighton Academies Trust,Informal action taken,Breach recorded - regulatory action criteria not met,Advice given,No
Completed,GDPR,IC-359059-D0M3,27/01/2025,2025,2024/25,Q4,10-Jan,29/01/2025,2025,2024/25,Q4,10-Jan,"Finance, insurance and credit",Financial services and advice,Unum Limited,Informal action taken,Breach recorded - regulatory action criteria not met,Advice given,No
Completed,GDPR,IC-358870-W8Q5,25/01/2025,2025,2024/25,Q4,10-Jan,29/01/2025,2025,2024/25,Q4,10-Jan,Online Technology and Telecoms,Price comparison services,Uswitch Limited,Informal action taken,Breach recorded - regulatory action criteria not met,Advice given,No
Completed,GDPR,IC-358896-C3F0,27/01/2025,2025,2024/25,Q4,10-Jan,29/01/2025,2025,2024/25,Q4,10-Jan,Health,Secondary care,West London NHS Trust,Informal action taken,Breach recorded - regulatory action criteria not met,Advice given,No
Completed,GDPR,IC-359157-F2Z1,27/01/2025,2025,2024/25,Q4,10-Jan,29/01/2025,2025,2024/25,Q4,10-Jan,Health,General Practitioner,Whitemoor Medical Centre,Informal action taken,Breach recorded - regulatory action criteria not met,Advice given,No
Case Officer Review Completed,GDPR,IC-358894-M9S8,27/01/2025,2025,2024/25,Q4,10-Jan,29/01/2025,2025,2024/25,Q4,10-Jan,Social care,Residential care,Willoughby Place Limited,Informal action taken,Breach recorded - regulatory action criteria not met,Advice given,No
Completed,GDPR,IC-359034-M7M0,27/01/2025,2025,2024/25,Q4,10-Jan,29/01/2025,2025,2024/25,Q4,10-Jan,Education and childcare,Community School,Winnall Primary School,Informal action taken,Breach recorded - regulatory action criteria not met,Advice given,No
Completed,GDPR,IC-359445-P2D6,29/01/2025,2025,2024/25,Q4,10-Jan,30/01/2025,2025,2024/25,Q4,10-Jan,Health,General Practitioner,Anon DC,Informal action taken,Breach recorded - regulatory action criteria not met,Advice given,No
Completed,GDPR,IC-359470-L2X3,29/01/2025,2025,2024/25,Q4,10-Jan,30/01/2025,2025,2024/25,Q4,10-Jan,Health,General Practitioner,Anon DC,Informal action taken,Breach recorded - regulatory action criteria not met,Advice given,No
Completed,GDPR,IC-359355-N6X3,28/01/2025,2025,2024/25,Q4,10-Jan,30/01/2025,2025,2024/25,Q4,10-Jan,"Finance, insurance and credit",Insurance,AWP P&C SA - UK Branch,Informal action taken,Breach recorded - regulatory action criteria not met,Advice given,No
Completed,GDPR,IC-359449-R1D0,30/01/2025,2025,2024/25,Q4,10-Jan,30/01/2025,2025,2024/25,Q4,10-Jan,General business,Unassigned,Axis Europe ,Informal action taken,Breach recorded - regulatory action criteria not met,Advice given,No
Completed,GDPR,IC-358379-J7S4,24/01/2025,2025,2024/25,Q4,10-Jan,30/01/2025,2025,2024/25,Q4,10-Jan,Local government,"Unitary Authority (London Borough, Mets and Councils in Scotland and Wales)",Blaenau Gwent County Borough Council,Informal action taken,Breach recorded - regulatory action criteria not met,Advice given,No
Completed,GDPR,IC-359597-Z4S4,29/01/2025,2025,2024/25,Q4,10-Jan,30/01/2025,2025,2024/25,Q4,10-Jan,Health,Secondary care,Bradford Teaching Hospitals NHS Foundation Trust,Informal action taken,Breach recorded - regulatory action criteria not met,Advice given,No
Completed,GDPR,IC-359224-D8B8,27/01/2025,2025,2024/25,Q4,10-Jan,30/01/2025,2025,2024/25,Q4,10-Jan,Education and childcare,Maintained schools,Brentside High School,Informal action taken,Breach recorded - regulatory action criteria not met,Advice given,No
Completed,GDPR,IC-357854-N4T3,22/01/2025,2025,2024/25,Q4,10-Jan,30/01/2025,2025,2024/25,Q4,10-Jan,Utilities,Utility companies,British Gas Trading Limited,Informal action taken,Breach recorded - regulatory action criteria not met,Advice given,No
Completed,GDPR,IC-359280-R5K1,28/01/2025,2025,2024/25,Q4,10-Jan,30/01/2025,2025,2024/25,Q4,10-Jan,Education and childcare,"Nursery, playgroups and After School club",Busy Bees Nurseries Limited,Informal action taken,Breach recorded - regulatory action criteria not met,Advice given,No
Completed,GDPR,IC-359448-W7J5,28/01/2025,2025,2024/25,Q4,10-Jan,30/01/2025,2025,2024/25,Q4,10-Jan,Retail and manufacture,Supplier of services,Cambridge Office Environments Ltd,Informal action taken,Breach recorded - regulatory action criteria not met,Advice given,Yes
Completed,GDPR,IC-359362-L5Q9,28/01/2025,2025,2024/25,Q4,10-Jan,30/01/2025,2025,2024/25,Q4,10-Jan,Justice,Police Authority,Cambridgeshire Police Federation,Informal action taken,Breach recorded - regulatory action criteria not met,Advice given,No
Completed,GDPR,IC-336783-J4Z5,07/10/2024,2024,2024/25,Q3,07-Oct,30/01/2025,2025,2024/25,Q4,10-Jan,Justice,Police Forces,Chief Constable Derbyshire Constabulary,Informal action taken,Breach recorded - regulatory action criteria not met,Advice given,No
Completed,GDPR,IC-349572-Q4F9,06/12/2024,2024,2024/25,Q3,09-Dec,30/01/2025,2025,2024/25,Q4,10-Jan,Justice,Police Forces,Chief Constable Greater Manchester Police,Informal action taken,Breach recorded - regulatory action criteria not met,Advice given,No
Completed,GDPR,IC-358570-H0M7,24/01/2025,2025,2024/25,Q4,10-Jan,30/01/2025,2025,2024/25,Q4,10-Jan,Justice,Police Forces,Chief Constable Gwent Police,Informal action taken,Breach recorded - regulatory action criteria not met,Advice given,No
Completed,GDPR,IC-357428-Q9Z1,21/01/2025,2025,2024/25,Q4,10-Jan,30/01/2025,2025,2024/25,Q4,10-Jan,Justice,Police Forces,Chief Constable Kent Police,Informal action taken,Breach recorded - regulatory action criteria not met,Advice given,No
Completed,GDPR,IC-359428-B0X6,28/01/2025,2025,2024/25,Q4,10-Jan,30/01/2025,2025,2024/25,Q4,10-Jan,Health,Dentists,Clacton Dental Care Ltd,Informal action taken,Breach recorded - regulatory action criteria not met,Advice given,No
Completed,GDPR,IC-359605-B4L2,29/01/2025,2025,2024/25,Q4,10-Jan,30/01/2025,2025,2024/25,Q4,10-Jan,Education and childcare,Academy and Free Schools,Diocese of Norwich Education and Academies Trust,Informal action taken,Breach recorded - regulatory action criteria not met,Advice given,No
Completed,GDPR,IC-359244-H8X0,29/01/2025,2025,2024/25,Q4,10-Jan,30/01/2025,2025,2024/25,Q4,10-Jan,Land or property services,Estate agency / letting agency,Fenwicks Estate Agents Lee & Gosport,Informal action taken,Breach recorded - regulatory action criteria not met,Advice given,No
Completed,GDPR,IC-359604-B6C0,29/01/2025,2025,2024/25,Q4,10-Jan,30/01/2025,2025,2024/25,Q4,10-Jan,Charitable and voluntary,National charities,FitzRoy,Informal action taken,Breach recorded - regulatory action criteria not met,Advice given,No
Completed,GDPR,IC-359238-S7C9,28/01/2025,2025,2024/25,Q4,10-Jan,30/01/2025,2025,2024/25,Q4,10-Jan,Health,Pharmacist,Fleetwood Health Centre Limited,Informal action taken,Breach recorded - regulatory action criteria not met,Advice given,No
Completed,GDPR,IC-359520-R1Y5,29/01/2025,2025,2024/25,Q4,10-Jan,30/01/2025,2025,2024/25,Q4,10-Jan,Health,Secondary care,Greater Manchester Mental Health NHS Foundation Trust,Informal action taken,Breach recorded - regulatory action criteria not met,Advice given,No
Completed,GDPR,IC-359242-M5S8,28/01/2025,2025,2024/25,Q4,10-Jan,30/01/2025,2025,2024/25,Q4,10-Jan,Health,General Practitioner,Highcroft Surgery,Informal action taken,Breach recorded - regulatory action criteria not met,Advice given,No
Completed,GDPR,IC-359337-P4Q1,28/01/2025,2025,2024/25,Q4,10-Jan,30/01/2025,2025,2024/25,Q4,10-Jan,Legal,Legal professionals,Hindle Campbell Limited,Informal action taken,Breach recorded - regulatory action criteria not met,Advice given,No
Completed,GDPR,IC-359248-V3Y9,29/01/2025,2025,2024/25,Q4,10-Jan,30/01/2025,2025,2024/25,Q4,10-Jan,Land or property services,Housing association,Karbon Homes Limited,Informal action taken,Breach recorded - regulatory action criteria not met,Advice given,No
Completed,GDPR,IC-359341-R1P6,28/01/2025,2025,2024/25,Q4,10-Jan,30/01/2025,2025,2024/25,Q4,10-Jan,Health,Healthcare and pharmaceuticals,Komplex Care Limited,Informal action taken,Breach recorded - regulatory action criteria not met,Advice given,No
Completed,GDPR,IC-359387-K5J0,28/01/2025,2025,2024/25,Q4,10-Jan,30/01/2025,2025,2024/25,Q4,10-Jan,Health,Healthcare and pharmaceuticals,L&R Medical UK Limited,Informal action taken,Breach recorded - regulatory action criteria not met,Advice given,No
Completed,GDPR,IC-358453-W9K3,24/01/2025,2025,2024/25,Q4,10-Jan,30/01/2025,2025,2024/25,Q4,10-Jan,Social care,Unassigned,Newlands Care Angus Ltd,Informal action taken,Breach recorded - regulatory action criteria not met,Advice given,No
Completed,GDPR,IC-358872-H5Y6,28/01/2025,2025,2024/25,Q4,10-Jan,30/01/2025,2025,2024/25,Q4,10-Jan,Health,Private Healthcare providers,Nimbuscare Limited,Informal action taken,Breach recorded - regulatory action criteria not met,Advice given,No
Completed,GDPR,IC-359518-W2S9,30/01/2025,2025,2024/25,Q4,10-Jan,30/01/2025,2025,2024/25,Q4,10-Jan,Retail and manufacture,Supplier of services,Picture Locked Pictures Limited,Informal action taken,Breach recorded - regulatory action criteria not met,Advice given,Yes
Completed,GDPR,IC-359516-D5Z8,29/01/2025,2025,2024/25,Q4,10-Jan,30/01/2025,2025,2024/25,Q4,10-Jan,Health,Unassigned,Pinhoe & Broadclyst Medical Practice,Informal action taken,Breach recorded - regulatory action criteria not met,Advice given,No
Completed,GDPR,IC-359222-C5H8,29/01/2025,2025,2024/25,Q4,10-Jan,30/01/2025,2025,2024/25,Q4,10-Jan,Education and childcare,Academy and Free Schools,Sandhurst School,Informal action taken,Breach recorded - regulatory action criteria not met,Advice given,No
Completed,GDPR,IC-359253-R1B1,28/01/2025,2025,2024/25,Q4,10-Jan,30/01/2025,2025,2024/25,Q4,10-Jan,Legal,Legal professionals,Scullion Law Limited,Informal action taken,Breach recorded - regulatory action criteria not met,Advice given,No
Completed,GDPR,IC-359490-B8Z3,29/01/2025,2025,2024/25,Q4,10-Jan,30/01/2025,2025,2024/25,Q4,10-Jan,Health,General Practitioner,Snainton Surgery,Informal action taken,Breach recorded - regulatory action criteria not met,Advice given,No
Completed,GDPR,IC-359101-W4B3,27/01/2025,2025,2024/25,Q4,10-Jan,30/01/2025,2025,2024/25,Q4,10-Jan,Health,Secondary care,South Tyneside and Sunderland NHS Foundation Trust,Informal action taken,Breach recorded - regulatory action criteria not met,Advice given,No
Completed,GDPR,IC-359344-M6P2,28/01/2025,2025,2024/25,Q4,10-Jan,30/01/2025,2025,2024/25,Q4,10-Jan,Education and childcare,Training Company,The Working Knowledge Group Ltd,Informal action taken,Breach recorded - regulatory action criteria not met,Advice given,No
Completed,GDPR,IC-359246-W2S7,27/01/2025,2025,2024/25,Q4,10-Jan,30/01/2025,2025,2024/25,Q4,10-Jan,Charitable and voluntary,National charities,UNITED SYNAGOGUE,Informal action taken,Breach recorded - regulatory action criteria not met,Advice given,No
Completed,GDPR,IC-358912-V6G2,27/01/2025,2025,2024/25,Q4,10-Jan,30/01/2025,2025,2024/25,Q4,10-Jan,Health,Secondary care,West London NHS Trust,Informal action taken,Breach recorded - regulatory action criteria not met,Advice given,No
Completed,GDPR,IC-359454-P5H3,29/01/2025,2025,2024/25,Q4,10-Jan,30/01/2025,2025,2024/25,Q4,10-Jan,Health,Private Healthcare providers,Willow Medical Ltd,Informal action taken,Breach recorded - regulatory action criteria not met,Advice given,No
Completed,GDPR,IC-354579-G5V4,09/01/2025,2025,2024/25,Q4,10-Jan,30/01/2025,2025,2024/25,Q4,10-Jan,Education and childcare,Private schools,ACS International Schools,No Further Action,Breach recorded - regulatory action criteria not met,Unassigned,Yes
Completed,GDPR,IC-353226-S6Z5,27/12/2024,2024,2024/25,Q3,09-Dec,30/01/2025,2025,2024/25,Q4,10-Jan,"Finance, insurance and credit",Financial services and advice,Chadwick & Co (Manchester) Ltd,No Further Action,Breach recorded - regulatory action criteria not met,Unassigned,Yes
Completed,GDPR,IC-359236-M8D0,29/01/2025,2025,2024/25,Q4,10-Jan,30/01/2025,2025,2024/25,Q4,10-Jan,Education and childcare,Private schools,Coventry School Foundation,No Further Action,Not PDB,Unassigned,No
Completed,GDPR,IC-353412-N5P3,03/01/2025,2025,2024/25,Q4,10-Jan,30/01/2025,2025,2024/25,Q4,10-Jan,Education and childcare,Training Company,Kingdom Services Group Limited,No Further Action,Breach recorded - regulatory action criteria not met,Unassigned,Yes
Completed,GDPR,IC-353395-M0G7,03/01/2025,2025,2024/25,Q4,10-Jan,30/01/2025,2025,2024/25,Q4,10-Jan,Charitable and voluntary,National charities,The National Childbirth Trust,No Further Action,Breach recorded - regulatory action criteria not met,Unassigned,Yes
Completed,GDPR,IC-354769-Y3K2,10/01/2025,2025,2024/25,Q4,10-Jan,30/01/2025,2025,2024/25,Q4,10-Jan,Retail and manufacture,Supplier of services,"Unacast, Inc",No Further Action,Breach recorded - regulatory action criteria not met,Unassigned,Yes
Completed,GDPR,IC-359866-V2H0,30/01/2025,2025,2024/25,Q4,10-Jan,31/01/2025,2025,2024/25,Q4,10-Jan,Land or property services,Estate agency / letting agency,ANDREWS ESTATE AGENTS LIMITED,Informal action taken,Breach recorded - regulatory action criteria not met,Advice given,No
Completed,GDPR,IC-359780-C4X0,30/01/2025,2025,2024/25,Q4,10-Jan,31/01/2025,2025,2024/25,Q4,10-Jan,Health,General Practitioner,Anon DC,Informal action taken,Breach recorded - regulatory action criteria not met,Advice given,No
Completed,GDPR,IC-359514-T3X0,29/01/2025,2025,2024/25,Q4,10-Jan,31/01/2025,2025,2024/25,Q4,10-Jan,General business,Supplier of services,Archaeological Research Services,Informal action taken,Breach recorded - regulatory action criteria not met,Advice given,Yes
Completed,GDPR,IC-359633-J3P6,30/01/2025,2025,2024/25,Q4,10-Jan,31/01/2025,2025,2024/25,Q4,10-Jan,Retail and manufacture,Supplier of goods,Beards and Daisies Ltd,Informal action taken,Breach recorded - regulatory action criteria not met,Advice given,No
Completed,GDPR,IC-359647-G2J4,30/01/2025,2025,2024/25,Q4,10-Jan,31/01/2025,2025,2024/25,Q4,10-Jan,Education and childcare,"Nursery, playgroups and After School club",Benedict House Preparatory School,Informal action taken,Breach recorded - regulatory action criteria not met,Advice given,No
Completed,GDPR,IC-359765-N3J1,31/01/2025,2025,2024/25,Q4,10-Jan,31/01/2025,2025,2024/25,Q4,10-Jan,Retail and manufacture,Supplier of services,BJS Distribution Storage And Couriers Limited,Informal action taken,Breach recorded - regulatory action criteria not met,Advice given,No
Completed,GDPR,IC-358721-B9V6,24/01/2025,2025,2024/25,Q4,10-Jan,31/01/2025,2025,2024/25,Q4,10-Jan,Land or property services,Housing association,BPHA Limited,Informal action taken,Breach recorded - regulatory action criteria not met,Advice given,No
Completed,GDPR,IC-358732-K9W5,24/01/2025,2025,2024/25,Q4,10-Jan,31/01/2025,2025,2024/25,Q4,10-Jan,Local government,"Unitary Authority (London Borough, Mets and Councils in Scotland and Wales)",Cardiff Council,Informal action taken,Breach recorded - regulatory action criteria not met,Advice given,No
Completed,GDPR,IC-359794-D9R8,31/01/2025,2025,2024/25,Q4,10-Jan,31/01/2025,2025,2024/25,Q4,10-Jan,Charitable and voluntary,National charities,Citizens Advice East Berkshire,Informal action taken,Breach recorded - regulatory action criteria not met,Advice given,Yes
Completed,GDPR,IC-356341-X9H2,16/01/2025,2025,2024/25,Q4,10-Jan,31/01/2025,2025,2024/25,Q4,10-Jan,Local government,"Unitary Authority (London Borough, Mets and Councils in Scotland and Wales)",City of Bradford Metropolitan District Council,Informal action taken,Breach recorded - regulatory action criteria not met,Advice given,No
Completed,GDPR,IC-356050-L0Q4,16/01/2025,2025,2024/25,Q4,10-Jan,31/01/2025,2025,2024/25,Q4,10-Jan,Charitable and voluntary,Local charities,Clayhall Community Centre,Informal action taken,Breach recorded - regulatory action criteria not met,Advice given,No
Completed,GDPR,IC-359740-R2L3,28/01/2025,2025,2024/25,Q4,10-Jan,31/01/2025,2025,2024/25,Q4,10-Jan,Health,Healthcare and pharmaceuticals,Community Counselling North Yorkshire Ltd,Informal action taken,Breach recorded - regulatory action criteria not met,Advice given,No
Completed,GDPR,IC-359785-V1Y9,30/01/2025,2025,2024/25,Q4,10-Jan,31/01/2025,2025,2024/25,Q4,10-Jan,Social care,Residential care,Connaught Care,Informal action taken,Breach recorded - regulatory action criteria not met,Advice given,No
Completed,GDPR,IC-359286-P1H9,27/01/2025,2025,2024/25,Q4,10-Jan,31/01/2025,2025,2024/25,Q4,10-Jan,General business,Supplier of services,DTiQ Technologies,Informal action taken,Breach recorded - regulatory action criteria not met,Advice given,Yes
Completed,GDPR,IC-359824-P4S6,30/01/2025,2025,2024/25,Q4,10-Jan,31/01/2025,2025,2024/25,Q4,10-Jan,"Finance, insurance and credit",Financial services and advice,Financial Options Group,Informal action taken,Breach recorded - regulatory action criteria not met,Advice given,No
Completed,GDPR,IC-359653-W4F9,30/01/2025,2025,2024/25,Q4,10-Jan,31/01/2025,2025,2024/25,Q4,10-Jan,Legal,Legal professionals,Fmgs Law Limited,Informal action taken,Breach recorded - regulatory action criteria not met,Advice given,Yes
Completed,GDPR,IC-359728-F7V7,30/01/2025,2025,2024/25,Q4,10-Jan,31/01/2025,2025,2024/25,Q4,10-Jan,Land or property services,Housing association,ForHousing,Informal action taken,Breach recorded - regulatory action criteria not met,Advice given,No
Completed,GDPR,IC-359699-Z6N5,30/01/2025,2025,2024/25,Q4,10-Jan,31/01/2025,2025,2024/25,Q4,10-Jan,Land or property services,Property management,Gateway Property Management Ltd,Informal action taken,Breach recorded - regulatory action criteria not met,Advice given,No
Completed,GDPR,IC-356391-W3N3,17/01/2025,2025,2024/25,Q4,10-Jan,31/01/2025,2025,2024/25,Q4,10-Jan,Health,General Practitioner,Hedena Health,Informal action taken,Breach recorded - regulatory action criteria not met,Advice given,No
Completed,GDPR,IC-359872-H2R4,30/01/2025,2025,2024/25,Q4,10-Jan,31/01/2025,2025,2024/25,Q4,10-Jan,Health,General Practitioner,Lea Wharf Medical,Informal action taken,Breach recorded - regulatory action criteria not met,Advice given,No
Completed,GDPR,IC-359493-G7Q5,29/01/2025,2025,2024/25,Q4,10-Jan,31/01/2025,2025,2024/25,Q4,10-Jan,Health,Healthcare and pharmaceuticals,Lincolnshire Training Hub Limited,Informal action taken,Breach recorded - regulatory action criteria not met,Advice given,Yes
Completed,GDPR,IC-359466-G4B1,29/01/2025,2025,2024/25,Q4,10-Jan,31/01/2025,2025,2024/25,Q4,10-Jan,Retail and manufacture,Manufacturing,Marposs Limited,Informal action taken,Breach recorded - regulatory action criteria not met,Advice given,Yes
Completed,GDPR,IC-359660-P7Z0,29/01/2025,2025,2024/25,Q4,10-Jan,31/01/2025,2025,2024/25,Q4,10-Jan,Land or property services,Estate agency / letting agency,Moore & Partners Estates Limited,Informal action taken,Breach recorded - regulatory action criteria not met,Advice given,Yes
Completed,GDPR,IC-359439-Q5K6,29/01/2025,2025,2024/25,Q4,10-Jan,31/01/2025,2025,2024/25,Q4,10-Jan,Retail and manufacture,Manufacturing,NG Automatics Ltd,Informal action taken,Breach recorded - regulatory action criteria not met,Advice given,Yes
Completed,GDPR,IC-359772-F8D1,30/01/2025,2025,2024/25,Q4,10-Jan,31/01/2025,2025,2024/25,Q4,10-Jan,Education and childcare,"Nursery, playgroups and After School club",Nipperbout Limited,Informal action taken,Breach recorded - regulatory action criteria not met,Advice given,No
Completed,GDPR,IC-359625-X0D6,29/01/2025,2025,2024/25,Q4,10-Jan,31/01/2025,2025,2024/25,Q4,10-Jan,Health,General Practitioner,Park Practice,Informal action taken,Breach recorded - regulatory action criteria not met,Advice given,No
Completed,GDPR,IC-359789-L9S3,30/01/2025,2025,2024/25,Q4,10-Jan,31/01/2025,2025,2024/25,Q4,10-Jan,Local government,District Council,Reigate & Banstead Borough Council,Informal action taken,Breach recorded - regulatory action criteria not met,Advice given,No
Completed,GDPR,IC-355995-R8T9,15/01/2025,2025,2024/25,Q4,10-Jan,31/01/2025,2025,2024/25,Q4,10-Jan,Charitable and voluntary,National charities,Rethink Mental Illness,Informal action taken,Breach recorded - regulatory action criteria not met,Advice given,No
Completed,GDPR,IC-359652-G4R1,29/01/2025,2025,2024/25,Q4,10-Jan,31/01/2025,2025,2024/25,Q4,10-Jan,Legal,Legal professionals,Rhodes & Walker Limited,Informal action taken,Breach recorded - regulatory action criteria not met,Advice given,Yes
Completed,GDPR,IC-359755-M0T3,30/01/2025,2025,2024/25,Q4,10-Jan,31/01/2025,2025,2024/25,Q4,10-Jan,Online Technology and Telecoms,Service providers,Spotify AB,Informal action taken,Breach recorded - regulatory action criteria not met,Advice given,No
Completed,GDPR,IC-359169-H3W6,27/01/2025,2025,2024/25,Q4,10-Jan,31/01/2025,2025,2024/25,Q4,10-Jan,Health,Secondary care,The Clatterbridge Cancer Centre NHS Foundation Trust,Informal action taken,Breach recorded - regulatory action criteria not met,Advice given,No
Completed,GDPR,IC-359724-Z2B2,30/01/2025,2025,2024/25,Q4,10-Jan,31/01/2025,2025,2024/25,Q4,10-Jan,Charitable and voluntary,Local charities,The Harrow Development Trust,Informal action taken,Breach recorded - regulatory action criteria not met,Advice given,Yes
Completed,GDPR,IC-356362-Q0T1,16/01/2025,2025,2024/25,Q4,10-Jan,31/01/2025,2025,2024/25,Q4,10-Jan,Health,Secondary care,The Princess Alexandra Hospital NHS Trust,Informal action taken,Breach recorded - regulatory action criteria not met,Advice given,No
Completed,GDPR,IC-359720-H3D3,29/01/2025,2025,2024/25,Q4,10-Jan,31/01/2025,2025,2024/25,Q4,10-Jan,Retail and manufacture,Supplier of goods,Timage & Co. Limited,Informal action taken,Breach recorded - regulatory action criteria not met,Advice given,Yes
Completed,GDPR,IC-359231-Y7T2,27/01/2025,2025,2024/25,Q4,10-Jan,31/01/2025,2025,2024/25,Q4,10-Jan,Legal,Legal professionals,TJL Solicitors LLP,Informal action taken,Breach recorded - regulatory action criteria not met,Advice given,Yes
Completed,GDPR,IC-359664-Q7Q7,30/01/2025,2025,2024/25,Q4,10-Jan,31/01/2025,2025,2024/25,Q4,10-Jan,Education and childcare,Further education,Touchload Ltd,Informal action taken,Breach recorded - regulatory action criteria not met,Advice given,No
Completed,GDPR,IC-359677-Q2S8,30/01/2025,2025,2024/25,Q4,10-Jan,31/01/2025,2025,2024/25,Q4,10-Jan,Retail and manufacture,Manufacturing,Vertical Aerospace Ltd,Informal action taken,Breach recorded - regulatory action criteria not met,Advice given,No
Completed,GDPR,IC-359686-T9S1,29/01/2025,2025,2024/25,Q4,10-Jan,31/01/2025,2025,2024/25,Q4,10-Jan,Local government,"Unitary Authority (London Borough, Mets and Councils in Scotland and Wales)",West Northamptonshire Council,Informal action taken,Breach recorded - regulatory action criteria not met,Advice given,No
Completed,GDPR,IC-356433-F4P5,17/01/2025,2025,2024/25,Q4,10-Jan,31/01/2025,2025,2024/25,Q4,10-Jan,Health,Secondary care,Western Health and Social Care Trust,Informal action taken,Breach recorded - regulatory action criteria not met,Advice given,No
Completed,GDPR,IC-359240-T0S4,27/01/2025,2025,2024/25,Q4,10-Jan,31/01/2025,2025,2024/25,Q4,10-Jan,Legal,Legal professionals,WMC Legal LLP,Informal action taken,Breach recorded - regulatory action criteria not met,Advice given,No
Completed,GDPR,IC-359636-W2R6,29/01/2025,2025,2024/25,Q4,10-Jan,31/01/2025,2025,2024/25,Q4,10-Jan,Charitable and voluntary,Local charities,Woman’s Trust,Informal action taken,Breach recorded - regulatory action criteria not met,Advice given,No
Completed,GDPR,IC-359684-M9Q2,30/01/2025,2025,2024/25,Q4,10-Jan,31/01/2025,2025,2024/25,Q4,10-Jan,Health,Public health,East Midlands Ambulance Services NHS Trust,No Further Action,Not PDB,Unassigned,Yes
Completed,GDPR,IC-331638-T7G4,12/09/2024,2024,2024/25,Q2,06-Sep,01/02/2025,2025,2024/25,Q4,11-Feb,Charitable and voluntary,National charities,Alzheimer's Society,Informal action taken,Breach recorded - regulatory action criteria not met,Advice given,No
Completed,GDPR,IC-331905-M4Y8,13/09/2024,2024,2024/25,Q2,06-Sep,01/02/2025,2025,2024/25,Q4,11-Feb,Local government,District Council,Bassetlaw District Council,Informal action taken,Breach recorded - regulatory action criteria not met,Advice given,No
Completed,GDPR,IC-331968-C1M8,13/09/2024,2024,2024/25,Q2,06-Sep,01/02/2025,2025,2024/25,Q4,11-Feb,Local government,Borough Council,Charnwood Borough Council,Informal action taken,Breach recorded - regulatory action criteria not met,Advice given,No
Completed,GDPR,IC-332511-M3N5,17/09/2024,2024,2024/25,Q2,06-Sep,01/02/2025,2025,2024/25,Q4,11-Feb,Justice,Police Forces,Chief Constable North Wales Police,Informal action taken,Breach recorded - regulatory action criteria not met,Advice given,No
Completed,GDPR,IC-324743-C3L8,09/08/2024,2024,2024/25,Q2,05-Aug,01/02/2025,2025,2024/25,Q4,11-Feb,Health,General Practitioner,Clanfield Practice,Informal action taken,Breach recorded - regulatory action criteria not met,Advice given,No
Completed,GDPR,IC-322151-V2P3,24/07/2024,2024,2024/25,Q2,04-Jul,01/02/2025,2025,2024/25,Q4,11-Feb,Health,Secondary care,Derbyshire Healthcare NHS Foundation Trust,Informal action taken,Breach recorded - regulatory action criteria not met,Advice given,No
Completed,GDPR,IC-322345-N5L1,26/07/2024,2024,2024/25,Q2,04-Jul,01/02/2025,2025,2024/25,Q4,11-Feb,Charitable and voluntary,Local charities,EAST AYRSHIRE WOMENS AID,Informal action taken,Breach recorded - regulatory action criteria not met,Advice given,No
Completed,GDPR,IC-331633-Q1N0,12/09/2024,2024,2024/25,Q2,06-Sep,01/02/2025,2025,2024/25,Q4,11-Feb,Legal,Legal professionals,Eg.law Limited,Informal action taken,Breach recorded - regulatory action criteria not met,Advice given,No
Completed,GDPR,IC-321816-L8Z8,22/07/2024,2024,2024/25,Q2,04-Jul,01/02/2025,2025,2024/25,Q4,11-Feb,Local government,"Unitary Authority (London Borough, Mets and Councils in Scotland and Wales)",Flintshire County Council,Informal action taken,Breach recorded - regulatory action criteria not met,Advice given,No
Completed,GDPR,IC-326428-F0J5,16/08/2024,2024,2024/25,Q2,05-Aug,01/02/2025,2025,2024/25,Q4,11-Feb,Online Technology and Telecoms,Software developers,Hectare Agritech Limited,Informal action taken,Breach recorded - regulatory action criteria not met,Advice given,No
Completed,GDPR,IC-324717-G4R4,08/08/2024,2024,2024/25,Q2,05-Aug,01/02/2025,2025,2024/25,Q4,11-Feb,Education and childcare,Higher education,Leeds Arts University,Informal action taken,Breach recorded - regulatory action criteria not met,Advice given,No
Completed,GDPR,IC-323042-S3Z5,31/07/2024,2024,2024/25,Q2,04-Jul,01/02/2025,2025,2024/25,Q4,11-Feb,Retail and manufacture,Unassigned,Menwell Limited,Informal action taken,Breach recorded - regulatory action criteria not met,Advice given,No
Completed,GDPR,IC-323932-Y4Z2,05/08/2024,2024,2024/25,Q2,05-Aug,01/02/2025,2025,2024/25,Q4,11-Feb,Retail and manufacture,Supplier of goods,Nandos Chickenland Ltd,Informal action taken,Breach recorded - regulatory action criteria not met,Advice given,No
Completed,GDPR,IC-331755-N3F2,13/09/2024,2024,2024/25,Q2,06-Sep,01/02/2025,2025,2024/25,Q4,11-Feb,"Finance, insurance and credit",Banks and Building Societies,National Westminster Bank PLC,Informal action taken,Breach recorded - regulatory action criteria not met,Advice given,No
Completed,GDPR,IC-322083-L3P8,23/07/2024,2024,2024/25,Q2,04-Jul,01/02/2025,2025,2024/25,Q4,11-Feb,Local government,"Unitary Authority (London Borough, Mets and Councils in Scotland and Wales)",North Tyneside Metropolitan Borough Council,Informal action taken,Breach recorded - regulatory action criteria not met,Advice given,No
Completed,GDPR,IC-322085-N0K7,23/07/2024,2024,2024/25,Q2,04-Jul,01/02/2025,2025,2024/25,Q4,11-Feb,Justice,Police Commissioners,Office of the Police and Crime Commissioner for Wiltshire and Swindon,Informal action taken,Breach recorded - regulatory action criteria not met,Advice given,No
Completed,GDPR,IC-331658-M1B2,12/09/2024,2024,2024/25,Q2,06-Sep,01/02/2025,2025,2024/25,Q4,11-Feb,Social care,Domiciliary care,OXFORD AUNTS LIMITED,Informal action taken,Breach recorded - regulatory action criteria not met,Advice given,No
Completed,GDPR,IC-324770-T4C8,09/08/2024,2024,2024/25,Q2,05-Aug,01/02/2025,2025,2024/25,Q4,11-Feb,Retail and manufacture,Manufacturing,PepsiCo International Ltd ,Informal action taken,Breach recorded - regulatory action criteria not met,Advice given,No
Completed,GDPR,IC-322435-S4J6,26/07/2024,2024,2024/25,Q2,04-Jul,01/02/2025,2025,2024/25,Q4,11-Feb,Local government,Social services,Sandwell Children's Trust,Informal action taken,Breach recorded - regulatory action criteria not met,Advice given,No
Completed,GDPR,IC-330026-Q0W9,05/09/2024,2024,2024/25,Q2,06-Sep,01/02/2025,2025,2024/25,Q4,11-Feb,Local government,"Unitary Authority (London Borough, Mets and Councils in Scotland and Wales)",Tameside Metropolitan Borough Council,Informal action taken,Breach recorded - regulatory action criteria not met,Advice given,No
Completed,GDPR,IC-324398-C6D9,07/08/2024,2024,2024/25,Q2,05-Aug,01/02/2025,2025,2024/25,Q4,11-Feb,Retail and manufacture,Supplier of goods,The Change Group Corporation Ltd,Informal action taken,Breach recorded - regulatory action criteria not met,Advice given,No
Completed,GDPR,IC-336375-X4L8,04/10/2024,2024,2024/25,Q3,07-Oct,02/02/2025,2025,2024/25,Q4,11-Feb,Charitable and voluntary,Local charities,Alabare Christian Care and Support,Informal action taken,Breach recorded - regulatory action criteria not met,Advice given,No
Completed,GDPR,IC-336096-Z9X0,04/10/2024,2024,2024/25,Q3,07-Oct,02/02/2025,2025,2024/25,Q4,11-Feb,Local government,"Unitary Authority (London Borough, Mets and Councils in Scotland and Wales)",Angus Council,Informal action taken,Breach recorded - regulatory action criteria not met,Advice given,No
Completed,GDPR,IC-335495-R0R4,02/10/2024,2024,2024/25,Q3,07-Oct,02/02/2025,2025,2024/25,Q4,11-Feb,Education and childcare,Academy and Free Schools,Aspirations Academies Trust,Informal action taken,Breach recorded - regulatory action criteria not met,Advice given,No
Completed,GDPR,IC-335444-N9B6,01/10/2024,2024,2024/25,Q3,07-Oct,02/02/2025,2025,2024/25,Q4,11-Feb,Health,Healthcare and pharmaceuticals,CBC HEALTH FEDERATION - HQ,Informal action taken,Breach recorded - regulatory action criteria not met,Advice given,No
Completed,GDPR,IC-331986-M7C3,13/09/2024,2024,2024/25,Q2,06-Sep,02/02/2025,2025,2024/25,Q4,11-Feb,Local government,"Unitary Authority (London Borough, Mets and Councils in Scotland and Wales)",City of Edinburgh Council,Informal action taken,Breach recorded - regulatory action criteria not met,Advice given,No
Completed,GDPR,IC-336757-Z6P9,07/10/2024,2024,2024/25,Q3,07-Oct,02/02/2025,2025,2024/25,Q4,11-Feb,Education and childcare,Private schools,Clifton College,Informal action taken,Breach recorded - regulatory action criteria not met,Advice given,No
Completed,GDPR,IC-332114-N6R0,15/09/2024,2024,2024/25,Q2,06-Sep,02/02/2025,2025,2024/25,Q4,11-Feb,Online Technology and Telecoms,Software developers,Energysys Limited,Informal action taken,Breach recorded - regulatory action criteria not met,Advice given,No
Completed,GDPR,IC-332515-S8L6,16/09/2024,2024,2024/25,Q2,06-Sep,02/02/2025,2025,2024/25,Q4,11-Feb,"Finance, insurance and credit",Banks and Building Societies,HBOS PLC,Informal action taken,Breach recorded - regulatory action criteria not met,Advice given,No
Completed,GDPR,IC-334327-Z2X6,27/09/2024,2024,2024/25,Q2,06-Sep,02/02/2025,2025,2024/25,Q4,11-Feb,"Finance, insurance and credit",Accountancy and Payroll,HGR Accountants Limited,Informal action taken,Breach recorded - regulatory action criteria not met,Advice given,No
Completed,GDPR,IC-335487-L1V8,02/10/2024,2024,2024/25,Q3,07-Oct,02/02/2025,2025,2024/25,Q4,11-Feb,Education and childcare,Academy and Free Schools,Inspiration Trust,Informal action taken,Breach recorded - regulatory action criteria not met,Advice given,No
Completed,GDPR,IC-335454-T9S4,01/10/2024,2024,2024/25,Q3,07-Oct,02/02/2025,2025,2024/25,Q4,11-Feb,Media,Journalists,LADbible Group Limited,Informal action taken,Breach recorded - regulatory action criteria not met,Advice given,No
Completed,GDPR,IC-336213-B6P9,04/10/2024,2024,2024/25,Q3,07-Oct,02/02/2025,2025,2024/25,Q4,11-Feb,Health,Secondary care,Liverpool Heart & Chest NHS Foundation Trust,Informal action taken,Breach recorded - regulatory action criteria not met,Advice given,No
Completed,GDPR,IC-336626-W8W2,04/10/2024,2024,2024/25,Q3,07-Oct,02/02/2025,2025,2024/25,Q4,11-Feb,Local government,"Unitary Authority (London Borough, Mets and Councils in Scotland and Wales)",London Borough of Sutton,Informal action taken,Breach recorded - regulatory action criteria not met,Advice given,No
Completed,GDPR,IC-333257-F7D0,20/09/2024,2024,2024/25,Q2,06-Sep,02/02/2025,2025,2024/25,Q4,11-Feb,Health,Secondary care,Northern Care Alliance NHS Foundation Trust,Informal action taken,Breach recorded - regulatory action criteria not met,Advice given,No
Completed,GDPR,IC-335801-Z7X5,03/10/2024,2024,2024/25,Q3,07-Oct,02/02/2025,2025,2024/25,Q4,11-Feb,Education and childcare,Academy and Free Schools,Ormiston Academies Trust,Informal action taken,Breach recorded - regulatory action criteria not met,Advice given,No
Completed,GDPR,IC-336307-M2N6,04/10/2024,2024,2024/25,Q3,07-Oct,02/02/2025,2025,2024/25,Q4,11-Feb,Charitable and voluntary,Local charities,Peabody Trust,Informal action taken,Breach recorded - regulatory action criteria not met,Advice given,No
Completed,GDPR,IC-337076-V1J1,08/10/2024,2024,2024/25,Q3,07-Oct,02/02/2025,2025,2024/25,Q4,11-Feb,Education and childcare,Maintained schools,PolyMAT,Informal action taken,Breach recorded - regulatory action criteria not met,Advice given,No
Completed,GDPR,IC-334479-D4C2,27/09/2024,2024,2024/25,Q2,06-Sep,02/02/2025,2025,2024/25,Q4,11-Feb,Central Government,Non-departmental public body,Scottish Children's Reporter Administration,Informal action taken,Breach recorded - regulatory action criteria not met,Advice given,No
Completed,GDPR,IC-332983-X2G6,19/09/2024,2024,2024/25,Q2,06-Sep,02/02/2025,2025,2024/25,Q4,11-Feb,"Finance, insurance and credit",Insurance,Quilter Business Services Ltd,No Further Action,Not PDB,Unassigned,No
Completed,GDPR,IC-360015-L4T8,31/01/2025,2025,2024/25,Q4,10-Jan,03/02/2025,2025,2024/25,Q4,11-Feb,Legal,Barristers,Anon DC,Informal action taken,Breach recorded - regulatory action criteria not met,Advice given,No
Completed,GDPR,IC-360033-C5Y6,31/01/2025,2025,2024/25,Q4,10-Jan,03/02/2025,2025,2024/25,Q4,11-Feb,Education and childcare,Further education,Barnet and Southgate College,Informal action taken,Breach recorded - regulatory action criteria not met,Advice given,No
Completed,GDPR,IC-356607-Z5F0,17/01/2025,2025,2024/25,Q4,10-Jan,03/02/2025,2025,2024/25,Q4,11-Feb,Local government,District Council,Borough Council of King's Lynn & West Norfolk,Informal action taken,Breach recorded - regulatory action criteria not met,Advice given,No
Completed,GDPR,IC-360044-F5L5,31/01/2025,2025,2024/25,Q4,10-Jan,03/02/2025,2025,2024/25,Q4,11-Feb,Local government,"Unitary Authority (London Borough, Mets and Councils in Scotland and Wales)",Central Bedfordshire Council,Informal action taken,Breach recorded - regulatory action criteria not met,Advice given,No
Completed,GDPR,IC-360265-X9Y9,31/01/2025,2025,2024/25,Q4,10-Jan,03/02/2025,2025,2024/25,Q4,11-Feb,Education and childcare,Academy and Free Schools,Co-op Academies Trust,Informal action taken,Breach recorded - regulatory action criteria not met,Advice given,No
Completed,GDPR,IC-360040-W2X9,31/01/2025,2025,2024/25,Q4,10-Jan,03/02/2025,2025,2024/25,Q4,11-Feb,Land or property services,Housing association,Eastlight Community Homes Limited,Informal action taken,Breach recorded - regulatory action criteria not met,Advice given,No
Completed,GDPR,IC-360020-J5K2,31/01/2025,2025,2024/25,Q4,10-Jan,03/02/2025,2025,2024/25,Q4,11-Feb,Charitable and voluntary,Local charities,Fearfree Charity Limited    ,Informal action taken,Breach recorded - regulatory action criteria not met,Advice given,No
Completed,GDPR,IC-360260-V6T0,31/01/2025,2025,2024/25,Q4,10-Jan,03/02/2025,2025,2024/25,Q4,11-Feb,"Finance, insurance and credit",Accountancy and Payroll,GOLDWYNS GROUP LONDON LTD,Informal action taken,Breach recorded - regulatory action criteria not met,Advice given,No
Completed,GDPR,IC-360224-X7Z9,31/01/2025,2025,2024/25,Q4,10-Jan,03/02/2025,2025,2024/25,Q4,11-Feb,Health,General Practitioner,Grove House Surgery,Informal action taken,Breach recorded - regulatory action criteria not met,Advice given,No
Completed,GDPR,IC-359799-P5D9,31/01/2025,2025,2024/25,Q4,10-Jan,03/02/2025,2025,2024/25,Q4,11-Feb,Education and childcare,Maintained schools,Holne Chase Primary School,Informal action taken,Breach recorded - regulatory action criteria not met,Advice given,No
Completed,GDPR,IC-360103-G7V5,31/01/2025,2025,2024/25,Q4,10-Jan,03/02/2025,2025,2024/25,Q4,11-Feb,Health,Secondary care,HSC Business Services Organisation,Informal action taken,Breach recorded - regulatory action criteria not met,Advice given,No
Completed,GDPR,IC-360147-G8N8,31/01/2025,2025,2024/25,Q4,10-Jan,03/02/2025,2025,2024/25,Q4,11-Feb,Social care,Residential care,Ibc Quality Solutions Limited,Informal action taken,Breach recorded - regulatory action criteria not met,Advice given,No
Completed,GDPR,IC-359946-J8P3,16/01/2023,2023,2022/23,Q4,10-Jan,03/02/2025,2025,2024/25,Q4,11-Feb,General business,Supplier of services,IHJ Collection Ltd,Informal action taken,Breach recorded - regulatory action criteria not met,Advice given,No
Completed,GDPR,IC-360028-L8K2,31/01/2025,2025,2024/25,Q4,10-Jan,03/02/2025,2025,2024/25,Q4,11-Feb,Retail and manufacture,Supplier of goods,LifeVac Europe Limited,Informal action taken,Breach recorded - regulatory action criteria not met,Advice given,Yes
Completed,GDPR,IC-360061-G0D8,31/01/2025,2025,2024/25,Q4,10-Jan,03/02/2025,2025,2024/25,Q4,11-Feb,Local government,Representative and arm's length bodies,Merseyside Fire and Rescue Service,Informal action taken,Breach recorded - regulatory action criteria not met,Advice given,No
Completed,GDPR,IC-360254-X8Q1,31/01/2025,2025,2024/25,Q4,10-Jan,03/02/2025,2025,2024/25,Q4,11-Feb,"Finance, insurance and credit",Insolvency Practitioners,My Debt Plan Ltd,Informal action taken,Breach recorded - regulatory action criteria not met,Advice given,No
Completed,GDPR,IC-360195-Y6B0,31/01/2025,2025,2024/25,Q4,10-Jan,03/02/2025,2025,2024/25,Q4,11-Feb,Health,Primary care,NHS Professionals Ltd,Informal action taken,Breach recorded - regulatory action criteria not met,Advice given,No
Completed,GDPR,IC-359970-Z8N7,30/01/2025,2025,2024/25,Q4,10-Jan,03/02/2025,2025,2024/25,Q4,11-Feb,Local government,District Council,North West Leicestershire District Council,Informal action taken,Breach recorded - regulatory action criteria not met,Advice given,No
Completed,GDPR,IC-360141-S8P5,31/01/2025,2025,2024/25,Q4,10-Jan,03/02/2025,2025,2024/25,Q4,11-Feb,Education and childcare,Academy and Free Schools,Our Lady Help of Christians - All Hallows College,Informal action taken,Breach recorded - regulatory action criteria not met,Advice given,No
Completed,GDPR,IC-360281-Z0P6,31/01/2025,2025,2024/25,Q4,10-Jan,03/02/2025,2025,2024/25,Q4,11-Feb,Local government,County Council,Pembrokeshire County Council,Informal action taken,Breach recorded - regulatory action criteria not met,Advice given,No
Completed,GDPR,IC-360006-M1V9,31/01/2025,2025,2024/25,Q4,10-Jan,03/02/2025,2025,2024/25,Q4,11-Feb,Marketing,Marketing providers,Pentagram Design Ltd,Informal action taken,Breach recorded - regulatory action criteria not met,Advice given,Yes
Completed,GDPR,IC-360101-V4R7,31/01/2025,2025,2024/25,Q4,10-Jan,03/02/2025,2025,2024/25,Q4,11-Feb,Education and childcare,Maintained schools,Pirton Hill Primary School,Informal action taken,Breach recorded - regulatory action criteria not met,Advice given,No
Completed,GDPR,IC-359963-Z2Q8,30/01/2025,2025,2024/25,Q4,10-Jan,03/02/2025,2025,2024/25,Q4,11-Feb,General business,Supplier of services,Professional Game Match Officials Limited,Informal action taken,Breach recorded - regulatory action criteria not met,Advice given,Yes
Completed,GDPR,IC-359876-Q7J6,30/01/2025,2025,2024/25,Q4,10-Jan,03/02/2025,2025,2024/25,Q4,11-Feb,Health,General Practitioner,Rothschild House Group,Informal action taken,Breach recorded - regulatory action criteria not met,Advice given,No
Completed,GDPR,IC-359974-N9H3,31/01/2025,2025,2024/25,Q4,10-Jan,03/02/2025,2025,2024/25,Q4,11-Feb,Retail and manufacture,Unassigned,Snows Motor Group Ltd,Informal action taken,Breach recorded - regulatory action criteria not met,Advice given,Yes
Completed,GDPR,IC-359975-H3J1,30/01/2025,2025,2024/25,Q4,10-Jan,03/02/2025,2025,2024/25,Q4,11-Feb,Religious,Religious organisations,St Marys church Newick,Informal action taken,Breach recorded - regulatory action criteria not met,Advice given,No
Completed,GDPR,IC-359953-L1X4,30/01/2025,2025,2024/25,Q4,10-Jan,03/02/2025,2025,2024/25,Q4,11-Feb,Health,Healthcare and pharmaceuticals,The Mediation People,Informal action taken,Breach recorded - regulatory action criteria not met,Advice given,No
Completed,GDPR,IC-359972-F1S7,30/01/2025,2025,2024/25,Q4,10-Jan,03/02/2025,2025,2024/25,Q4,11-Feb,Education and childcare,Academy and Free Schools,The Rainbow Multi Academy Trust,Informal action taken,Breach recorded - regulatory action criteria not met,Advice given,No
Completed,GDPR,IC-360036-D4Q9,31/01/2025,2025,2024/25,Q4,10-Jan,03/02/2025,2025,2024/25,Q4,11-Feb,Education and childcare,Community School,Waterthorpe Nursery Infant School,Informal action taken,Breach recorded - regulatory action criteria not met,Advice given,No
Completed,GDPR,IC-360062-N4G9,31/01/2025,2025,2024/25,Q4,10-Jan,03/02/2025,2025,2024/25,Q4,11-Feb,Charitable and voluntary,National charities,York District Citizens Advice Bureau Ltd,Informal action taken,Breach recorded - regulatory action criteria not met,Advice given,No
Case Officer Review Completed,GDPR,IC-359434-Z2M9,28/01/2025,2025,2024/25,Q4,10-Jan,03/02/2025,2025,2024/25,Q4,11-Feb,"Finance, insurance and credit",Financial services and advice,Propp Ltd,No Further Action,Not PDB,Unassigned,No
Completed,GDPR,IC-360443-V7W3,31/01/2025,2025,2024/25,Q4,10-Jan,04/02/2025,2025,2024/25,Q4,11-Feb,Education and childcare,Academy and Free Schools,An Daras Multi Academy Trust,Informal action taken,Breach recorded - regulatory action criteria not met,Advice given,No
Completed,GDPR,IC-360569-L8G6,31/01/2025,2025,2024/25,Q4,10-Jan,04/02/2025,2025,2024/25,Q4,11-Feb,Education and childcare,Maintained schools,Anglesey Primary School,Informal action taken,Breach recorded - regulatory action criteria not met,Advice given,No
Completed,GDPR,IC-360587-D2H9,31/01/2025,2025,2024/25,Q4,10-Jan,04/02/2025,2025,2024/25,Q4,11-Feb,Health,General Practitioner,Anon DC,Informal action taken,Breach recorded - regulatory action criteria not met,Advice given,No
Completed,GDPR,IC-357361-W9H9,20/01/2025,2025,2024/25,Q4,10-Jan,04/02/2025,2025,2024/25,Q4,11-Feb,Education and childcare,Academy and Free Schools,Anthem Schools Trust (formerly CfBT Schools Trust),Informal action taken,Breach recorded - regulatory action criteria not met,Advice given,No
Completed,Hybrid,IC-351469-C2N7,16/12/2024,2024,2024/25,Q3,09-Dec,04/02/2025,2025,2024/25,Q4,11-Feb,Health,Secondary care,Barnsley Hospital NHS Foundation Trust,Informal action taken,Breach recorded - regulatory action criteria not met,Advice given,No
Completed,GDPR,IC-360375-C0F7,31/01/2025,2025,2024/25,Q4,10-Jan,04/02/2025,2025,2024/25,Q4,11-Feb,Education and childcare,Maintained schools,Benton Park School,Informal action taken,Breach recorded - regulatory action criteria not met,Advice given,No
Completed,GDPR,IC-360386-Z7J2,31/01/2025,2025,2024/25,Q4,10-Jan,04/02/2025,2025,2024/25,Q4,11-Feb,Health,General Practitioner,Blackhall And Peterlee Practice,Informal action taken,Breach recorded - regulatory action criteria not met,Advice given,No
Completed,GDPR,IC-360614-D9X4,31/01/2025,2025,2024/25,Q4,10-Jan,04/02/2025,2025,2024/25,Q4,11-Feb,Charitable and voluntary,National charities,British Red Cross,Informal action taken,Breach recorded - regulatory action criteria not met,Unassigned,Yes
Completed,GDPR,IC-358322-G8J3,23/01/2025,2025,2024/25,Q4,10-Jan,04/02/2025,2025,2024/25,Q4,11-Feb,Education and childcare,Further education,Brockenhurst College,Informal action taken,Breach recorded - regulatory action criteria not met,Advice given,No
Completed,GDPR,IC-358338-B4D2,23/01/2025,2025,2024/25,Q4,10-Jan,04/02/2025,2025,2024/25,Q4,11-Feb,Legal,Legal professionals,Carter Bells LLP,Informal action taken,Breach recorded - regulatory action criteria not met,Advice given,No
Completed,GDPR,IC-358093-W5B5,23/01/2025,2025,2024/25,Q4,10-Jan,04/02/2025,2025,2024/25,Q4,11-Feb,Education and childcare,Maintained schools,College Park School,Informal action taken,Breach recorded - regulatory action criteria not met,Advice given,No
Completed,GDPR,IC-360482-T5M5,31/01/2025,2025,2024/25,Q4,10-Jan,04/02/2025,2025,2024/25,Q4,11-Feb,Education and childcare,Unassigned,Cranbrook Primary School,Informal action taken,Breach recorded - regulatory action criteria not met,Advice given,No
Completed,GDPR,IC-358251-L1Y0,23/01/2025,2025,2024/25,Q4,10-Jan,04/02/2025,2025,2024/25,Q4,11-Feb,Central Government,Government Department,Department for Business & Trade (DBT),Informal action taken,Breach recorded - regulatory action criteria not met,Advice given,No
Completed,GDPR,IC-360420-F1J9,31/01/2025,2025,2024/25,Q4,10-Jan,04/02/2025,2025,2024/25,Q4,11-Feb,Central Government,Government Department,Department Of Justice,Informal action taken,Breach recorded - regulatory action criteria not met,Advice given,No
Completed,GDPR,IC-360582-W5B0,31/01/2025,2025,2024/25,Q4,10-Jan,04/02/2025,2025,2024/25,Q4,11-Feb,Local government,"Unitary Authority (London Borough, Mets and Councils in Scotland and Wales)",East Ayrshire Council,Informal action taken,Breach recorded - regulatory action criteria not met,Advice given,No
Completed,GDPR,IC-358264-J6X4,23/01/2025,2025,2024/25,Q4,10-Jan,04/02/2025,2025,2024/25,Q4,11-Feb,Retail and manufacture,Supplier of goods,EDMUND BELL & CO LIMITED,Informal action taken,Breach recorded - regulatory action criteria not met,Advice given,No
Completed,GDPR,IC-358921-N5G7,26/01/2025,2025,2024/25,Q4,10-Jan,04/02/2025,2025,2024/25,Q4,11-Feb,"Finance, insurance and credit",Accountancy and Payroll,Eesibookkeeping Ltd,Informal action taken,Breach recorded - regulatory action criteria not met,Advice given,Yes
Completed,GDPR,IC-360514-S9G7,31/01/2025,2025,2024/25,Q4,10-Jan,04/02/2025,2025,2024/25,Q4,11-Feb,Local government,Public office holder,Electoral Registration Officer Harlow District Council,Informal action taken,Breach recorded - regulatory action criteria not met,Advice given,No
Completed,GDPR,IC-360623-Q8W4,31/01/2025,2025,2024/25,Q4,10-Jan,04/02/2025,2025,2024/25,Q4,11-Feb,Social care,Residential care,Good Shepherd Centre Bishopton,Informal action taken,Breach recorded - regulatory action criteria not met,Advice given,No
Completed,GDPR,IC-357493-W6L7,21/01/2025,2025,2024/25,Q4,10-Jan,04/02/2025,2025,2024/25,Q4,11-Feb,Education and childcare,Maintained schools,Greenford High School,Informal action taken,Breach recorded - regulatory action criteria not met,Advice given,No
Completed,GDPR,IC-358246-X3W7,23/01/2025,2025,2024/25,Q4,10-Jan,04/02/2025,2025,2024/25,Q4,11-Feb,General business,Supplier of services,Harland And Wolff (Belfast) Limited,Informal action taken,Breach recorded - regulatory action criteria not met,Advice given,No
Completed,GDPR,IC-360528-B1K6,31/01/2025,2025,2024/25,Q4,10-Jan,04/02/2025,2025,2024/25,Q4,11-Feb,Education and childcare,Community School,HAYDN PRIMARY & NURSERY SCHOOL,Informal action taken,Breach recorded - regulatory action criteria not met,Advice given,No
Completed,GDPR,IC-357650-H3T1,22/01/2025,2025,2024/25,Q4,10-Jan,04/02/2025,2025,2024/25,Q4,11-Feb,Social care,Domiciliary care,HomeEase Care Solutions Limited,Informal action taken,Breach recorded - regulatory action criteria not met,Advice given,No
Completed,GDPR,IC-360643-J9G6,31/01/2025,2025,2024/25,Q4,10-Jan,04/02/2025,2025,2024/25,Q4,11-Feb,Retail and manufacture,Supplier of goods,Iceland Foods Ltd,Informal action taken,Breach recorded - regulatory action criteria not met,Advice given,No
Completed,GDPR,IC-360658-Y5R7,01/02/2025,2025,2024/25,Q4,11-Feb,04/02/2025,2025,2024/25,Q4,11-Feb,Health,Unassigned,Islamic Council Of Europe,Informal action taken,Breach recorded - regulatory action criteria not met,Advice given,No
Completed,GDPR,IC-360677-H0D1,01/02/2025,2025,2024/25,Q4,11-Feb,04/02/2025,2025,2024/25,Q4,11-Feb,General business,Business advice and consultancy,Kafico ltd,Informal action taken,Breach recorded - regulatory action criteria not met,Advice given,No
Completed,GDPR,IC-360084-X9Y9,01/02/2025,2025,2024/25,Q4,11-Feb,04/02/2025,2025,2024/25,Q4,11-Feb,"Finance, insurance and credit",Accountancy and Payroll,Makesworth Accountants,Informal action taken,Breach recorded - regulatory action criteria not met,Advice given,Yes
Completed,GDPR,IC-357851-Z6D8,22/01/2025,2025,2024/25,Q4,10-Jan,04/02/2025,2025,2024/25,Q4,11-Feb,Education and childcare,Maintained schools,Monkseaton High School,Informal action taken,Breach recorded - regulatory action criteria not met,Advice given,No
Completed,GDPR,IC-358389-Y9B7,24/01/2025,2025,2024/25,Q4,10-Jan,04/02/2025,2025,2024/25,Q4,11-Feb,Education and childcare,Maintained schools,Montacute Special School,Informal action taken,Breach recorded - regulatory action criteria not met,Advice given,No
Completed,GDPR,IC-357192-M3Y7,18/01/2025,2025,2024/25,Q4,10-Jan,04/02/2025,2025,2024/25,Q4,11-Feb,Local government,"Unitary Authority (London Borough, Mets and Councils in Scotland and Wales)",Perth & Kinross Council,Informal action taken,Breach recorded - regulatory action criteria not met,Advice given,No
Completed,GDPR,IC-357229-H6F8,19/01/2025,2025,2024/25,Q4,10-Jan,04/02/2025,2025,2024/25,Q4,11-Feb,Social care,Domiciliary care,PKL Care Ltd,Informal action taken,Breach recorded - regulatory action criteria not met,Advice given,No
Completed,GDPR,IC-360536-D5P9,31/01/2025,2025,2024/25,Q4,10-Jan,04/02/2025,2025,2024/25,Q4,11-Feb,Online Technology and Telecoms,Software developers,Polaris Software Limited,Informal action taken,Breach recorded - regulatory action criteria not met,Advice given,No
Completed,GDPR,IC-360659-N5H6,31/01/2025,2025,2024/25,Q4,10-Jan,04/02/2025,2025,2024/25,Q4,11-Feb,Social care,Domiciliary care,Prestige Nursing Limited,Informal action taken,Breach recorded - regulatory action criteria not met,Advice given,No
Completed,GDPR,IC-360583-W0W2,31/01/2025,2025,2024/25,Q4,10-Jan,04/02/2025,2025,2024/25,Q4,11-Feb,"Finance, insurance and credit",Accountancy and Payroll,Sapphire Finance Ltd,Informal action taken,Breach recorded - regulatory action criteria not met,Advice given,Don't know
Completed,GDPR,IC-360096-S1N1,03/02/2025,2025,2024/25,Q4,11-Feb,04/02/2025,2025,2024/25,Q4,11-Feb,Online Technology and Telecoms,Infrastructure and hardware providers,Targa Viasat UK Ltd,Informal action taken,Breach recorded - regulatory action criteria not met,Advice given,Yes
Completed,GDPR,IC-360603-V8C7,31/01/2025,2025,2024/25,Q4,10-Jan,04/02/2025,2025,2024/25,Q4,11-Feb,Health,Healthcare and pharmaceuticals,TDP BIDCO LTD,Informal action taken,Breach recorded - regulatory action criteria not met,Advice given,Yes
Completed,GDPR,IC-360455-J4F5,31/01/2025,2025,2024/25,Q4,10-Jan,04/02/2025,2025,2024/25,Q4,11-Feb,Health,Primary care,The Beacon Medical Group ,Informal action taken,Breach recorded - regulatory action criteria not met,Advice given,No
Completed,GDPR,IC-359807-B3N5,31/01/2025,2025,2024/25,Q4,10-Jan,04/02/2025,2025,2024/25,Q4,11-Feb,Education and childcare,Higher education,The University of Sheffield,Informal action taken,Breach recorded - regulatory action criteria not met,Advice given,Yes
Completed,GDPR,IC-355904-F9Y0,15/01/2025,2025,2024/25,Q4,10-Jan,04/02/2025,2025,2024/25,Q4,11-Feb,Local government,"Unitary Authority (London Borough, Mets and Councils in Scotland and Wales)",The Vale of Glamorgan Council,Informal action taken,Breach recorded - regulatory action criteria not met,Advice given,No
Completed,GDPR,IC-360584-V2V1,31/01/2025,2025,2024/25,Q4,10-Jan,04/02/2025,2025,2024/25,Q4,11-Feb,Online Technology and Telecoms,Social media,TikTok Information Technologies UK Limited,Informal action taken,Breach recorded - regulatory action criteria not met,Advice given,Yes
Completed,GDPR,IC-360612-C5P0,31/01/2025,2025,2024/25,Q4,10-Jan,04/02/2025,2025,2024/25,Q4,11-Feb,Education and childcare,Unassigned,University Schools Trust,Informal action taken,Breach recorded - regulatory action criteria not met,Advice given,No
Completed,GDPR,IC-360567-P1L6,31/01/2025,2025,2024/25,Q4,10-Jan,04/02/2025,2025,2024/25,Q4,11-Feb,Health,Secondary care,Derbyshire Healthcare NHS Foundation Trust,No Further Action,Not PDB,Unassigned,Don't know
Completed,GDPR,IC-360474-Q0V8,31/01/2025,2025,2024/25,Q4,10-Jan,04/02/2025,2025,2024/25,Q4,11-Feb,Utilities,Utility companies,Scottish Water Limited,No Further Action,Not PDB,Unassigned,No
Completed,GDPR,IC-346408-Q0T7,26/11/2024,2024,2024/25,Q3,08-Nov,04/02/2025,2025,2024/25,Q4,11-Feb,Health,Secondary care,Wirral University Teaching Hospital NHS Foundation Trust,No Further Action,Breach recorded - regulatory action criteria not met,Unassigned,Yes
Completed,GDPR,IC-360725-P7Y5,01/02/2025,2025,2024/25,Q4,11-Feb,05/02/2025,2025,2024/25,Q4,11-Feb,Charitable and voluntary,Local charities,1st Newmarket Scout Group,Informal action taken,Breach recorded - regulatory action criteria not met,Advice given,No
Completed,GDPR,IC-360855-F2P0,03/02/2025,2025,2024/25,Q4,11-Feb,05/02/2025,2025,2024/25,Q4,11-Feb,Local government,"Unitary Authority (London Borough, Mets and Councils in Scotland and Wales)",Aberdeenshire Council,Informal action taken,Breach recorded - regulatory action criteria not met,Advice given,No
Completed,GDPR,IC-360363-N5M2,31/01/2025,2025,2024/25,Q4,10-Jan,05/02/2025,2025,2024/25,Q4,11-Feb,Health,Secondary care,Barts Health NHS Trust,Informal action taken,Breach recorded - regulatory action criteria not met,Advice given,No
Completed,GDPR,IC-359828-T9M3,31/01/2025,2025,2024/25,Q4,10-Jan,05/02/2025,2025,2024/25,Q4,11-Feb,Retail and manufacture,Supplier of goods,Borough Kitchen Limited,Informal action taken,Breach recorded - regulatory action criteria not met,Advice given,Yes
Completed,Hybrid,IC-356683-G5K2,17/01/2025,2025,2024/25,Q4,10-Jan,05/02/2025,2025,2024/25,Q4,11-Feb,Land or property services,Housing association,Bromford Housing Group,Informal action taken,Breach recorded - regulatory action criteria not met,Advice given,No
Completed,GDPR,IC-360838-D0N8,03/02/2025,2025,2024/25,Q4,11-Feb,05/02/2025,2025,2024/25,Q4,11-Feb,Legal,Legal professionals,Burges Salmon LLP,Informal action taken,Breach recorded - regulatory action criteria not met,Advice given,No
Completed,GDPR,IC-360299-P2Z7,30/01/2025,2025,2024/25,Q4,10-Jan,05/02/2025,2025,2024/25,Q4,11-Feb,Land or property services,Housing association,Calvay Housing Association Ltd,Informal action taken,Breach recorded - regulatory action criteria not met,Advice given,No
Completed,GDPR,IC-356105-K3J9,16/01/2025,2025,2024/25,Q4,10-Jan,05/02/2025,2025,2024/25,Q4,11-Feb,Health,Healthcare and pharmaceuticals,Cardiff & Vale University Local Health Board,Informal action taken,Breach recorded - regulatory action criteria not met,Advice given,No
Completed,GDPR,IC-359775-X1W0,30/01/2025,2025,2024/25,Q4,10-Jan,05/02/2025,2025,2024/25,Q4,11-Feb,Land or property services,Housing association,Caredig Limited,Informal action taken,Breach recorded - regulatory action criteria not met,Advice given,No
Completed,GDPR,IC-358245-P2L8,23/01/2025,2025,2024/25,Q4,10-Jan,05/02/2025,2025,2024/25,Q4,11-Feb,Justice,Police Forces,Chief Constable Wiltshire Constabulary,Informal action taken,Breach recorded - regulatory action criteria not met,Advice given,No
Completed,GDPR,IC-358429-M5H5,24/01/2025,2025,2024/25,Q4,10-Jan,05/02/2025,2025,2024/25,Q4,11-Feb,Health,General Practitioner,Crosby House Surgery (K81034),Informal action taken,Breach recorded - regulatory action criteria not met,Advice given,No
Completed,GDPR,IC-358849-T1J8,26/01/2025,2025,2024/25,Q4,10-Jan,05/02/2025,2025,2024/25,Q4,11-Feb,Central Government,Government Department,Department Of Justice,Informal action taken,Breach recorded - regulatory action criteria not met,Advice given,No
Completed,GDPR,IC-358861-F3N8,26/01/2025,2025,2024/25,Q4,10-Jan,05/02/2025,2025,2024/25,Q4,11-Feb,Central Government,Government Department,Department Of Justice,Informal action taken,Breach recorded - regulatory action criteria not met,Advice given,No
Completed,GDPR,IC-358902-W1Z4,25/01/2025,2025,2024/25,Q4,10-Jan,05/02/2025,2025,2024/25,Q4,11-Feb,Transport and leisure,Unassigned,Estelle Manor,Informal action taken,Breach recorded - regulatory action criteria not met,Advice given,No
Completed,GDPR,IC-360821-Z7B2,02/02/2025,2025,2024/25,Q4,11-Feb,05/02/2025,2025,2024/25,Q4,11-Feb,Health,Private Healthcare providers,Foot Pain Clinic Ltd,Informal action taken,Breach recorded - regulatory action criteria not met,Advice given,No
Completed,GDPR,IC-358613-X2Y7,24/01/2025,2025,2024/25,Q4,10-Jan,05/02/2025,2025,2024/25,Q4,11-Feb,Local government,District Council,Harlow District Council,Informal action taken,Breach recorded - regulatory action criteria not met,Advice given,No
Completed,GDPR,IC-360986-B3Q4,03/02/2025,2025,2024/25,Q4,11-Feb,05/02/2025,2025,2024/25,Q4,11-Feb,Education and childcare,Academy and Free Schools,Hollingworth Learning Trust,Informal action taken,Breach recorded - regulatory action criteria not met,Advice given,No
Completed,GDPR,IC-356907-Q7B0,17/01/2025,2025,2024/25,Q4,10-Jan,05/02/2025,2025,2024/25,Q4,11-Feb,Retail and manufacture,Supplier of goods,Iceland Foods Ltd,Informal action taken,Breach recorded - regulatory action criteria not met,Advice given,No
Completed,GDPR,IC-360748-N7H5,03/02/2025,2025,2024/25,Q4,11-Feb,05/02/2025,2025,2024/25,Q4,11-Feb,Membership association,Industry associations,Institute Of Water,Informal action taken,Breach recorded - regulatory action criteria not met,Advice given,No
Completed,GDPR,IC-360877-C3R4,03/02/2025,2025,2024/25,Q4,11-Feb,05/02/2025,2025,2024/25,Q4,11-Feb,Retail and manufacture,Supplier of services,KL Venning Slaters Ltd,Informal action taken,Breach recorded - regulatory action criteria not met,Advice given,Yes
Completed,GDPR,IC-360839-V1N9,03/02/2025,2025,2024/25,Q4,11-Feb,05/02/2025,2025,2024/25,Q4,11-Feb,Land or property services,Property management,Leaf Living Limited,Informal action taken,Breach recorded - regulatory action criteria not met,Advice given,No
Completed,GDPR,IC-358726-X4H4,25/01/2025,2025,2024/25,Q4,10-Jan,05/02/2025,2025,2024/25,Q4,11-Feb,Charitable and voluntary,Unassigned,Level Playing Field,Informal action taken,Breach recorded - regulatory action criteria not met,Advice given,No
Completed,GDPR,IC-358028-F8P1,22/01/2025,2025,2024/25,Q4,10-Jan,05/02/2025,2025,2024/25,Q4,11-Feb,Retail and manufacture,Supplier of goods,Little Buddys Dog Grooming Ltd,Informal action taken,Breach recorded - regulatory action criteria not met,Advice given,No
Completed,GDPR,IC-319433-M3Y3,10/07/2024,2024,2024/25,Q2,04-Jul,05/02/2025,2025,2024/25,Q4,11-Feb,Land or property services,Housing association,LiveWest Homes Limited,Informal action taken,Breach recorded - regulatory action criteria not met,Advice given,No
Completed,GDPR,IC-360302-W2S1,30/01/2025,2025,2024/25,Q4,10-Jan,05/02/2025,2025,2024/25,Q4,11-Feb,Local government,"Unitary Authority (London Borough, Mets and Councils in Scotland and Wales)",London Borough of Enfield,Informal action taken,Breach recorded - regulatory action criteria not met,Advice given,No
Completed,GDPR,IC-360832-D0T5,03/02/2025,2025,2024/25,Q4,11-Feb,05/02/2025,2025,2024/25,Q4,11-Feb,Health,Primary care,Marbrook Care,Informal action taken,Breach recorded - regulatory action criteria not met,Advice given,Yes
Completed,GDPR,IC-360589-Z1J9,31/01/2025,2025,2024/25,Q4,10-Jan,05/02/2025,2025,2024/25,Q4,11-Feb,"Finance, insurance and credit",Accountancy and Payroll,Moore Kingston Smith LLP,Informal action taken,Breach recorded - regulatory action criteria not met,Advice given,No
Completed,GDPR,IC-360876-L5G5,03/02/2025,2025,2024/25,Q4,11-Feb,05/02/2025,2025,2024/25,Q4,11-Feb,Health,Public health,Orkney Health Board ,Informal action taken,Breach recorded - regulatory action criteria not met,Advice given,No
Completed,GDPR,IC-358683-R3J8,24/01/2025,2025,2024/25,Q4,10-Jan,05/02/2025,2025,2024/25,Q4,11-Feb,Charitable and voluntary,Local charities,People First Independent Advocacy,Informal action taken,Breach recorded - regulatory action criteria not met,Advice given,No
Completed,GDPR,IC-360736-Z1M1,02/02/2025,2025,2024/25,Q4,11-Feb,05/02/2025,2025,2024/25,Q4,11-Feb,Land or property services,Estate agency / letting agency,Pisoria Ltd,Informal action taken,Breach recorded - regulatory action criteria not met,Advice given,Yes
Completed,GDPR,IC-359710-L5V5,30/01/2025,2025,2024/25,Q4,10-Jan,05/02/2025,2025,2024/25,Q4,11-Feb,Education and childcare,"Nursery, playgroups and After School club",Pollyanna Pre-School,Informal action taken,Breach recorded - regulatory action criteria not met,Advice given,No
Completed,GDPR,IC-358655-F1V2,24/01/2025,2025,2024/25,Q4,10-Jan,05/02/2025,2025,2024/25,Q4,11-Feb,Education and childcare,Academy and Free Schools,River Learning Trust,Informal action taken,Breach recorded - regulatory action criteria not met,Advice given,No
Completed,GDPR,IC-358676-S3G3,24/01/2025,2025,2024/25,Q4,10-Jan,05/02/2025,2025,2024/25,Q4,11-Feb,Land or property services,Building and property construction,Royal Institution of Chartered Surveyors (RICS),Informal action taken,Breach recorded - regulatory action criteria not met,Advice given,No
Completed,GDPR,IC-358439-F3L2,24/01/2025,2025,2024/25,Q4,10-Jan,05/02/2025,2025,2024/25,Q4,11-Feb,Charitable and voluntary,Local charities,Safer Places,Informal action taken,Breach recorded - regulatory action criteria not met,Advice given,Yes
Completed,GDPR,IC-358746-F0M1,25/01/2025,2025,2024/25,Q4,10-Jan,05/02/2025,2025,2024/25,Q4,11-Feb,Land or property services,Unassigned,STRABAG UK Limited,Informal action taken,Breach recorded - regulatory action criteria not met,Advice given,No
Completed,GDPR,IC-358209-K9C6,23/01/2025,2025,2024/25,Q4,10-Jan,05/02/2025,2025,2024/25,Q4,11-Feb,Education and childcare,Training Company,STS Group Ltd,Informal action taken,Breach recorded - regulatory action criteria not met,Advice given,No
Completed,GDPR,IC-360706-M7F3,03/02/2025,2025,2024/25,Q4,11-Feb,05/02/2025,2025,2024/25,Q4,11-Feb,Health,Private Healthcare providers,The Lawrence House Psychological Service Ltd,Informal action taken,Breach recorded - regulatory action criteria not met,Advice given,Yes
Completed,GDPR,IC-360854-J3R2,03/02/2025,2025,2024/25,Q4,11-Feb,05/02/2025,2025,2024/25,Q4,11-Feb,Retail and manufacture,Supplier of goods,The Stevenson Group Holdings Limited,Informal action taken,Breach recorded - regulatory action criteria not met,Advice given,Yes
Completed,GDPR,IC-360277-G8B8,30/01/2025,2025,2024/25,Q4,10-Jan,05/02/2025,2025,2024/25,Q4,11-Feb,"Finance, insurance and credit",Credit referencing,TotallyMoney Limited,Informal action taken,Breach recorded - regulatory action criteria not met,Advice given,Yes
Completed,GDPR,IC-358943-B0J8,27/01/2025,2025,2024/25,Q4,10-Jan,05/02/2025,2025,2024/25,Q4,11-Feb,Health,General Practitioner,Tyntesfield Medical Group,Informal action taken,Breach recorded - regulatory action criteria not met,Advice given,No
Completed,GDPR,IC-359858-W4W4,30/01/2025,2025,2024/25,Q4,10-Jan,05/02/2025,2025,2024/25,Q4,11-Feb,Education and childcare,Academy and Free Schools,West Midlands Academy Trust ,Informal action taken,Breach recorded - regulatory action criteria not met,Advice given,No
Completed,GDPR,IC-360296-S3K3,30/01/2025,2025,2024/25,Q4,10-Jan,05/02/2025,2025,2024/25,Q4,11-Feb,Utilities,Utility companies,Workrate UK,Informal action taken,Breach recorded - regulatory action criteria not met,Advice given,No
Completed,GDPR,IC-353274-V7M8,30/12/2024,2024,2024/25,Q3,09-Dec,05/02/2025,2025,2024/25,Q4,11-Feb,Retail and manufacture,Supplier of goods,Bodypower Sports Plc,No Further Action,Breach recorded - regulatory action criteria not met,Unassigned,Yes
Completed,GDPR,IC-360852-N1Z7,02/02/2025,2025,2024/25,Q4,11-Feb,06/02/2025,2025,2024/25,Q4,11-Feb,Retail and manufacture,Supplier of goods, Angel Sense Limited,Informal action taken,Breach recorded - regulatory action criteria not met,Advice given,Yes
Completed,GDPR,IC-360902-D7T7,04/02/2025,2025,2024/25,Q4,11-Feb,06/02/2025,2025,2024/25,Q4,11-Feb,"Finance, insurance and credit",Unassigned,Adler Shine LLP,Informal action taken,Breach recorded - regulatory action criteria not met,Advice given,Yes
Completed,GDPR,IC-359366-G7Z1,28/01/2025,2025,2024/25,Q4,10-Jan,06/02/2025,2025,2024/25,Q4,11-Feb,Health,Unassigned,Advanced rheumatology Ltd,Informal action taken,Breach recorded - regulatory action criteria not met,Advice given,Yes
Completed,GDPR,IC-359083-B3D0,27/01/2025,2025,2024/25,Q4,10-Jan,06/02/2025,2025,2024/25,Q4,11-Feb,Charitable and voluntary,Unassigned,Albinism Fellowship,Informal action taken,Breach recorded - regulatory action criteria not met,Advice given,No
Completed,GDPR,IC-359788-W2S9,30/01/2025,2025,2024/25,Q4,10-Jan,06/02/2025,2025,2024/25,Q4,11-Feb,Legal,Legal professionals,Anon DC,Informal action taken,Breach recorded - regulatory action criteria not met,Advice given,No
Completed,GDPR,IC-361277-P4Z9,04/02/2025,2025,2024/25,Q4,11-Feb,06/02/2025,2025,2024/25,Q4,11-Feb,Legal,Legal professionals,Anon DC,Informal action taken,Breach recorded - regulatory action criteria not met,Advice given,No
Completed,GDPR,IC-361063-H1B8,05/02/2025,2025,2024/25,Q4,11-Feb,06/02/2025,2025,2024/25,Q4,11-Feb,Education and childcare,Maintained schools,Arkholme CofE Primary School,Informal action taken,Breach recorded - regulatory action criteria not met,Advice given,Yes
Completed,GDPR,IC-361195-L9T2,04/02/2025,2025,2024/25,Q4,11-Feb,06/02/2025,2025,2024/25,Q4,11-Feb,Transport and leisure,Holiday providers and services,BAI (UK) Ltd,Informal action taken,Breach recorded - regulatory action criteria not met,Advice given,No
Completed,GDPR,IC-354420-W3B8,08/01/2025,2025,2024/25,Q4,10-Jan,06/02/2025,2025,2024/25,Q4,11-Feb,Education and childcare,Higher education,Bath Spa University,Informal action taken,Breach recorded - regulatory action criteria not met,Advice given,Yes
Completed,GDPR,IC-359342-N1M6,28/01/2025,2025,2024/25,Q4,10-Jan,06/02/2025,2025,2024/25,Q4,11-Feb,Education and childcare,Higher education,Birkbeck College,Informal action taken,Breach recorded - regulatory action criteria not met,Advice given,No
Completed,GDPR,IC-361239-G0D2,04/02/2025,2025,2024/25,Q4,11-Feb,06/02/2025,2025,2024/25,Q4,11-Feb,Health,General Practitioner,Bishop's Close Medical Practice,Informal action taken,Breach recorded - regulatory action criteria not met,Advice given,No
Completed,GDPR,IC-358918-C1W3,27/01/2025,2025,2024/25,Q4,10-Jan,06/02/2025,2025,2024/25,Q4,11-Feb,General business,Business advice and consultancy,Bluethink UK Limited,Informal action taken,Breach recorded - regulatory action criteria not met,Advice given,No
Completed,GDPR,IC-361198-G9C3,05/02/2025,2025,2024/25,Q4,11-Feb,06/02/2025,2025,2024/25,Q4,11-Feb,Social care,Residential care,Catalyst Choices Community Interest Company,Informal action taken,Breach recorded - regulatory action criteria not met,Advice given,No
Completed,GDPR,IC-360911-N8K5,04/02/2025,2025,2024/25,Q4,11-Feb,06/02/2025,2025,2024/25,Q4,11-Feb,Legal,Legal professionals,Chattertons Legal Services Limited,Informal action taken,Breach recorded - regulatory action criteria not met,Advice given,No
Completed,GDPR,IC-358993-W0X9,27/01/2025,2025,2024/25,Q4,10-Jan,06/02/2025,2025,2024/25,Q4,11-Feb,Legal,Unassigned,Claire Richards (Dorset) Limited,Informal action taken,Breach recorded - regulatory action criteria not met,Advice given,No
Completed,GDPR,IC-360234-X8F8,31/01/2025,2025,2024/25,Q4,10-Jan,06/02/2025,2025,2024/25,Q4,11-Feb,Health,Secondary care,East Lancashire Hospitals NHS Trust,Informal action taken,Breach recorded - regulatory action criteria not met,Advice given,No
Completed,GDPR,IC-360917-M1Y9,03/02/2025,2025,2024/25,Q4,11-Feb,06/02/2025,2025,2024/25,Q4,11-Feb,Utilities,Utility companies,EDF Energy Limited,Informal action taken,Breach recorded - regulatory action criteria not met,Advice given,No
Completed,GDPR,IC-359391-Y5R3,28/01/2025,2025,2024/25,Q4,10-Jan,06/02/2025,2025,2024/25,Q4,11-Feb,Charitable and voluntary,Local charities,Enable Scotland (Leading the Way),Informal action taken,Breach recorded - regulatory action criteria not met,Advice given,No
Completed,GDPR,IC-361072-M2V0,03/02/2025,2025,2024/25,Q4,11-Feb,06/02/2025,2025,2024/25,Q4,11-Feb,Land or property services,Property management,Gateway Property Management Ltd,Informal action taken,Breach recorded - regulatory action criteria not met,Advice given,No
Completed,GDPR,IC-361159-Q7D1,04/02/2025,2025,2024/25,Q4,11-Feb,06/02/2025,2025,2024/25,Q4,11-Feb,Education and childcare,Academy and Free Schools,Greenwood Academies Trust,Informal action taken,Breach recorded - regulatory action criteria not met,Advice given,No
Completed,GDPR,IC-359883-X8M5,30/01/2025,2025,2024/25,Q4,10-Jan,06/02/2025,2025,2024/25,Q4,11-Feb,"Finance, insurance and credit",Insurance,International General Insurance Company (UK) Limited,Informal action taken,Breach recorded - regulatory action criteria not met,Advice given,No
Completed,GDPR,IC-361295-Q9C0,04/02/2025,2025,2024/25,Q4,11-Feb,06/02/2025,2025,2024/25,Q4,11-Feb,Retail and manufacture,Supplier of services,Jarvis Services Ltd,Informal action taken,Breach recorded - regulatory action criteria not met,Advice given,No
Completed,GDPR,IC-359321-T6V7,28/01/2025,2025,2024/25,Q4,10-Jan,06/02/2025,2025,2024/25,Q4,11-Feb,Transport and leisure,Holiday providers and services,Key Travel Holdings Ltd,Informal action taken,Breach recorded - regulatory action criteria not met,Advice given,Yes
Completed,GDPR,IC-361191-L7Z6,05/02/2025,2025,2024/25,Q4,11-Feb,06/02/2025,2025,2024/25,Q4,11-Feb,Legal,Legal professionals,Lawrence Stephens Limited,Informal action taken,Breach recorded - regulatory action criteria not met,Advice given,No
Completed,GDPR,IC-359777-M8F9,30/01/2025,2025,2024/25,Q4,10-Jan,06/02/2025,2025,2024/25,Q4,11-Feb,Local government,"Unitary Authority (London Borough, Mets and Councils in Scotland and Wales)",London Borough of Havering,Informal action taken,Breach recorded - regulatory action criteria not met,Advice given,No
Completed,GDPR,IC-360907-Y8J3,03/02/2025,2025,2024/25,Q4,11-Feb,06/02/2025,2025,2024/25,Q4,11-Feb,Health,Healthcare and pharmaceuticals,Man V Fat Ltd,Informal action taken,Breach recorded - regulatory action criteria not met,Advice given,No
Completed,GDPR,IC-359453-D1Q6,29/01/2025,2025,2024/25,Q4,10-Jan,06/02/2025,2025,2024/25,Q4,11-Feb,Land or property services,Housing association,Midland Heart Limited,Informal action taken,Breach recorded - regulatory action criteria not met,Advice given,No
Completed,GDPR,IC-360913-F7H1,04/02/2025,2025,2024/25,Q4,11-Feb,06/02/2025,2025,2024/25,Q4,11-Feb,Land or property services,Building and property construction,Miles Partitioning Industries Limited,Informal action taken,Breach recorded - regulatory action criteria not met,Advice given,Yes
Completed,GDPR,IC-361049-V3T9,03/02/2025,2025,2024/25,Q4,11-Feb,06/02/2025,2025,2024/25,Q4,11-Feb,Education and childcare,Private schools,Newcastle Upon Tyne Royal Grammar School,Informal action taken,Breach recorded - regulatory action criteria not met,Advice given,No
Completed,GDPR,IC-360868-Z6J0,03/02/2025,2025,2024/25,Q4,11-Feb,06/02/2025,2025,2024/25,Q4,11-Feb,Membership association,Clubs,Olton Golf Club Ltd,Informal action taken,Breach recorded - regulatory action criteria not met,Advice given,Yes
Completed,GDPR,IC-361278-W4M2,04/02/2025,2025,2024/25,Q4,11-Feb,06/02/2025,2025,2024/25,Q4,11-Feb,Education and childcare,Academy and Free Schools,Orchard Community Trust,Informal action taken,Breach recorded - regulatory action criteria not met,Advice given,Yes
Completed,GDPR,IC-356088-X8F4,16/01/2025,2025,2024/25,Q4,10-Jan,06/02/2025,2025,2024/25,Q4,11-Feb,Health,General Practitioner,Park Road Surgery,Informal action taken,Breach recorded - regulatory action criteria not met,Advice given,No
Completed,GDPR,IC-359271-D1M1,28/01/2025,2025,2024/25,Q4,10-Jan,06/02/2025,2025,2024/25,Q4,11-Feb,Retail and manufacture,Unassigned,Penny Irrigation UK Limited,Informal action taken,Breach recorded - regulatory action criteria not met,Advice given,No
Completed,GDPR,IC-360675-R0X8,02/02/2025,2025,2024/25,Q4,11-Feb,06/02/2025,2025,2024/25,Q4,11-Feb,Marketing,Marketing providers,Pentagram Design Ltd,Informal action taken,Breach recorded - regulatory action criteria not met,Advice given,Yes
Completed,GDPR,IC-358975-Y8C5,27/01/2025,2025,2024/25,Q4,10-Jan,06/02/2025,2025,2024/25,Q4,11-Feb,Health,Dentists,Portman Healthcare Limited,Informal action taken,Breach recorded - regulatory action criteria not met,Advice given,No
Completed,GDPR,IC-359061-R0M2,28/01/2025,2025,2024/25,Q4,10-Jan,06/02/2025,2025,2024/25,Q4,11-Feb,"Finance, insurance and credit",Financial services and advice,Private Finance Ltd,Informal action taken,Breach recorded - regulatory action criteria not met,Advice given,No
Completed,GDPR,IC-361073-H6Z7,05/02/2025,2025,2024/25,Q4,11-Feb,06/02/2025,2025,2024/25,Q4,11-Feb,Transport and leisure,Accommodation providers,Raasay Outdoor Centre Ltd,Informal action taken,Breach recorded - regulatory action criteria not met,Advice given,Yes
Completed,GDPR,IC-359373-X1H5,29/01/2025,2025,2024/25,Q4,10-Jan,06/02/2025,2025,2024/25,Q4,11-Feb,"Finance, insurance and credit",Financial services and advice,Ramsdens Financial Limited,Informal action taken,Breach recorded - regulatory action criteria not met,Advice given,No
Completed,GDPR,IC-360665-N9R1,01/02/2025,2025,2024/25,Q4,11-Feb,06/02/2025,2025,2024/25,Q4,11-Feb,Local government,"Unitary Authority (London Borough, Mets and Councils in Scotland and Wales)",Reading Borough Council,Informal action taken,Breach recorded - regulatory action criteria not met,Advice given,No
Completed,GDPR,IC-359208-J2Y0,27/01/2025,2025,2024/25,Q4,10-Jan,06/02/2025,2025,2024/25,Q4,11-Feb,Retail and manufacture,Unassigned,Robert Holdcroft Limited,Informal action taken,Breach recorded - regulatory action criteria not met,Advice given,No
Completed,GDPR,IC-359538-G4X3,28/01/2025,2025,2024/25,Q4,10-Jan,06/02/2025,2025,2024/25,Q4,11-Feb,Health,Secondary care,Royal Berkshire NHS Foundation Trust,Informal action taken,Breach recorded - regulatory action criteria not met,Advice given,No
Completed,GDPR,IC-359774-V1M3,30/01/2025,2025,2024/25,Q4,10-Jan,06/02/2025,2025,2024/25,Q4,11-Feb,Transport and leisure,Passenger transport,Scotrail Trains Limited,Informal action taken,Breach recorded - regulatory action criteria not met,Advice given,No
Completed,GDPR,IC-351077-B5V0,13/12/2024,2024,2024/25,Q3,09-Dec,06/02/2025,2025,2024/25,Q4,11-Feb,Education and childcare,Private schools,Serenity School Eltham Limited,Informal action taken,Breach recorded - regulatory action criteria not met,Advice given,No
Completed,GDPR,IC-361041-R6R8,03/02/2025,2025,2024/25,Q4,11-Feb,06/02/2025,2025,2024/25,Q4,11-Feb,Land or property services,Building and property construction,Shared Voice Ltd (Just Build Homes),Informal action taken,Breach recorded - regulatory action criteria not met,Advice given,No
Completed,GDPR,IC-359299-G3C8,28/01/2025,2025,2024/25,Q4,10-Jan,06/02/2025,2025,2024/25,Q4,11-Feb,Education and childcare,Maintained schools,"ST MARY'S PRITTLEWELL, CE PRIMARY SCHOOL",Informal action taken,Breach recorded - regulatory action criteria not met,Advice given,No
Completed,GDPR,IC-361153-V0K4,03/02/2025,2025,2024/25,Q4,11-Feb,06/02/2025,2025,2024/25,Q4,11-Feb,Local government,County Council,Staffordshire County Council,Informal action taken,Breach recorded - regulatory action criteria not met,Advice given,No
Completed,GDPR,IC-359094-B5D1,28/01/2025,2025,2024/25,Q4,10-Jan,06/02/2025,2025,2024/25,Q4,11-Feb,Legal,Legal professionals,Stephensons Solicitors LLP,Informal action taken,Breach recorded - regulatory action criteria not met,Advice given,No
Completed,GDPR,IC-361274-F1V6,04/02/2025,2025,2024/25,Q4,11-Feb,06/02/2025,2025,2024/25,Q4,11-Feb,Local government,"Unitary Authority (London Borough, Mets and Councils in Scotland and Wales)",Stockport Metropolitan Borough Council,Informal action taken,Breach recorded - regulatory action criteria not met,Advice given,No
Completed,GDPR,IC-361196-F9P9,05/02/2025,2025,2024/25,Q4,11-Feb,06/02/2025,2025,2024/25,Q4,11-Feb,"Finance, insurance and credit",Insurance,Tesco Underwriting,Informal action taken,Breach recorded - regulatory action criteria not met,Advice given,No
Completed,GDPR,IC-359261-K3T1,28/01/2025,2025,2024/25,Q4,10-Jan,06/02/2025,2025,2024/25,Q4,11-Feb,Health,General Practitioner,The Bassingham Surgery,Informal action taken,Breach recorded - regulatory action criteria not met,Advice given,No
Completed,GDPR,IC-359948-X4F3,31/01/2025,2025,2024/25,Q4,10-Jan,06/02/2025,2025,2024/25,Q4,11-Feb,Transport and leisure,Accommodation providers,The Store Oxford Limited,Informal action taken,Breach recorded - regulatory action criteria not met,Advice given,Yes
Completed,GDPR,IC-361282-K2N1,04/02/2025,2025,2024/25,Q4,11-Feb,06/02/2025,2025,2024/25,Q4,11-Feb,Health,Secondary care,The Walton Centre NHS Foundation Trust,Informal action taken,Breach recorded - regulatory action criteria not met,Advice given,No
Completed,GDPR,IC-354186-R8B1,07/01/2025,2025,2024/25,Q4,10-Jan,06/02/2025,2025,2024/25,Q4,11-Feb,Membership association,Clubs,The Weimaraner Association,Informal action taken,Breach recorded - regulatory action criteria not met,Advice given,No
Completed,GDPR,IC-361250-L0Q8,04/02/2025,2025,2024/25,Q4,11-Feb,06/02/2025,2025,2024/25,Q4,11-Feb,Health,General Practitioner,Thorpe-Le-Soken Surgery,Informal action taken,Breach recorded - regulatory action criteria not met,Advice given,No
Completed,GDPR,IC-359810-P9Q4,30/01/2025,2025,2024/25,Q4,10-Jan,06/02/2025,2025,2024/25,Q4,11-Feb,Education and childcare,Community School,Trimley St Martin Primary School,Informal action taken,Breach recorded - regulatory action criteria not met,Advice given,No
Completed,GDPR,IC-356469-L4L8,17/01/2025,2025,2024/25,Q4,10-Jan,06/02/2025,2025,2024/25,Q4,11-Feb,Health,Ambulance Service,West Midlands Ambulance Service Foundation Trust,Informal action taken,Breach recorded - regulatory action criteria not met,Advice given,No
Completed,GDPR,IC-359420-B5G8,28/01/2025,2025,2024/25,Q4,10-Jan,06/02/2025,2025,2024/25,Q4,11-Feb,Social care,Residential care,Westmoreland Care Group,Informal action taken,Breach recorded - regulatory action criteria not met,Advice given,No
Completed,GDPR,IC-358925-F3J0,27/01/2025,2025,2024/25,Q4,10-Jan,06/02/2025,2025,2024/25,Q4,11-Feb,Legal,Legal professionals,WHN Solcitors Ltd,Informal action taken,Breach recorded - regulatory action criteria not met,Advice given,No
Completed,GDPR,IC-361038-C7D4,03/02/2025,2025,2024/25,Q4,11-Feb,06/02/2025,2025,2024/25,Q4,11-Feb,Education and childcare,Training Company,Kingdom Services Group Limited,No Further Action,Not PDB,Unassigned,No
Completed,GDPR,IC-361292-M8X1,05/02/2025,2025,2024/25,Q4,11-Feb,06/02/2025,2025,2024/25,Q4,11-Feb,Regulators,Regulatory Body,The Law Society Of Scotland,No Further Action,Not PDB,Unassigned,Yes
Completed,GDPR,IC-361374-G1K1,05/02/2025,2025,2024/25,Q4,11-Feb,07/02/2025,2025,2024/25,Q4,11-Feb,Retail and manufacture,Supplier of services,Anon DC,Informal action taken,Breach recorded - regulatory action criteria not met,Advice given,Yes
Completed,GDPR,IC-361558-G3Y7,06/02/2025,2025,2024/25,Q4,11-Feb,07/02/2025,2025,2024/25,Q4,11-Feb,General business,Business advice and consultancy,Aperio Intelligence Limited,Informal action taken,Breach recorded - regulatory action criteria not met,Advice given,Yes
Completed,GDPR,IC-359096-M4J8,27/01/2025,2025,2024/25,Q4,10-Jan,07/02/2025,2025,2024/25,Q4,11-Feb,Education and childcare,Academy and Free Schools,Aston Community Education Trust,Informal action taken,Breach recorded - regulatory action criteria not met,Advice given,No
Completed,GDPR,IC-361454-X7R7,05/02/2025,2025,2024/25,Q4,11-Feb,07/02/2025,2025,2024/25,Q4,11-Feb,Education and childcare,Academy and Free Schools,BePart Educational Trust,Informal action taken,Breach recorded - regulatory action criteria not met,Advice given,No
Completed,GDPR,IC-359522-M8V4,30/01/2025,2025,2024/25,Q4,10-Jan,07/02/2025,2025,2024/25,Q4,11-Feb,Transport and leisure,Entertainment providers,BH Live,Informal action taken,Breach recorded - regulatory action criteria not met,Advice given,Yes
Completed,GDPR,IC-361432-D2L2,05/02/2025,2025,2024/25,Q4,11-Feb,07/02/2025,2025,2024/25,Q4,11-Feb,Local government,"Unitary Authority (London Borough, Mets and Councils in Scotland and Wales)",Blackpool Borough Council,Informal action taken,Breach recorded - regulatory action criteria not met,Advice given,No
Completed,GDPR,IC-361407-D3M8,06/02/2025,2025,2024/25,Q4,11-Feb,07/02/2025,2025,2024/25,Q4,11-Feb,Retail and manufacture,Supplier of goods,Boxxe,Informal action taken,Breach recorded - regulatory action criteria not met,Advice given,No
Completed,GDPR,IC-361395-D8F0,06/02/2025,2025,2024/25,Q4,11-Feb,07/02/2025,2025,2024/25,Q4,11-Feb,Retail and manufacture,Manufacturing,Britvic Soft Drinks Ltd,Informal action taken,Breach recorded - regulatory action criteria not met,Advice given,Yes
Completed,GDPR,IC-359776-F8Y9,30/01/2025,2025,2024/25,Q4,10-Jan,07/02/2025,2025,2024/25,Q4,11-Feb,Health,Healthcare and pharmaceuticals,Cardiff & Vale University Local Health Board,Informal action taken,Breach recorded - regulatory action criteria not met,Advice given,No
Completed,GDPR,IC-361542-Q9V1,05/02/2025,2025,2024/25,Q4,11-Feb,07/02/2025,2025,2024/25,Q4,11-Feb,Local government,"Unitary Authority (London Borough, Mets and Councils in Scotland and Wales)",City of Wakefield Metropolitan District Council,Informal action taken,Breach recorded - regulatory action criteria not met,Advice given,No
Completed,GDPR,IC-361533-K5T2,05/02/2025,2025,2024/25,Q4,11-Feb,07/02/2025,2025,2024/25,Q4,11-Feb,Education and childcare,Academy and Free Schools,COASTAL ACADEMIES TRUST,Informal action taken,Breach recorded - regulatory action criteria not met,Advice given,Yes
Completed,GDPR,IC-361243-P6Z2,04/02/2025,2025,2024/25,Q4,11-Feb,07/02/2025,2025,2024/25,Q4,11-Feb,Health,Secondary care,Coventry and Warwickshire Partnership NHS Trust,Informal action taken,Breach recorded - regulatory action criteria not met,Advice given,No
Completed,GDPR,IC-361299-H4V7,05/02/2025,2025,2024/25,Q4,11-Feb,07/02/2025,2025,2024/25,Q4,11-Feb,Retail and manufacture,Supplier of services,Datem Limited,Informal action taken,Breach recorded - regulatory action criteria not met,Advice given,Yes
Completed,GDPR,IC-361386-T6C2,06/02/2025,2025,2024/25,Q4,11-Feb,07/02/2025,2025,2024/25,Q4,11-Feb,"Finance, insurance and credit",Financial services and advice,Denyer Hill Limited,Informal action taken,Breach recorded - regulatory action criteria not met,Advice given,Yes
Completed,GDPR,IC-361399-D2K5,05/02/2025,2025,2024/25,Q4,11-Feb,07/02/2025,2025,2024/25,Q4,11-Feb,Health,Healthcare and pharmaceuticals,Dovehaven Residential Care Home Limited,Informal action taken,Breach recorded - regulatory action criteria not met,Advice given,No
Completed,GDPR,IC-359486-Y0L7,29/01/2025,2025,2024/25,Q4,10-Jan,07/02/2025,2025,2024/25,Q4,11-Feb,Health,Unassigned,"Dr Ajit Menon, Rheumadoc Ltd",Informal action taken,Breach recorded - regulatory action criteria not met,Advice given,No
Completed,GDPR,IC-360543-V0N0,31/01/2025,2025,2024/25,Q4,10-Jan,07/02/2025,2025,2024/25,Q4,11-Feb,Health,Healthcare and pharmaceuticals,Dr. Reddy's Laboratories (Eu) Limited,Informal action taken,Breach recorded - regulatory action criteria not met,Advice given,No
Completed,GDPR,IC-358416-Y9D3,24/01/2025,2025,2024/25,Q4,10-Jan,07/02/2025,2025,2024/25,Q4,11-Feb,Local government,"Unitary Authority (London Borough, Mets and Councils in Scotland and Wales)",East Lothian Council,Informal action taken,Breach recorded - regulatory action criteria not met,Advice given,No
Completed,GDPR,IC-361433-X7V1,05/02/2025,2025,2024/25,Q4,11-Feb,07/02/2025,2025,2024/25,Q4,11-Feb,Transport and leisure,Entertainment providers,F50 League LLC,Informal action taken,Breach recorded - regulatory action criteria not met,Advice given,No
Completed,GDPR,IC-361526-Y6Y4,05/02/2025,2025,2024/25,Q4,11-Feb,07/02/2025,2025,2024/25,Q4,11-Feb,Health,Advisory boards and panels,Faye Hammond Consultancy Limited,Informal action taken,Breach recorded - regulatory action criteria not met,Advice given,No
Completed,GDPR,IC-361453-Q0S4,05/02/2025,2025,2024/25,Q4,11-Feb,07/02/2025,2025,2024/25,Q4,11-Feb,Health,Opticians,Federation of Optometrists and Dispensing Opticians,Informal action taken,Breach recorded - regulatory action criteria not met,Advice given,Yes
Completed,GDPR,IC-359996-X1Z8,31/01/2025,2025,2024/25,Q4,10-Jan,07/02/2025,2025,2024/25,Q4,11-Feb,Land or property services,Unassigned,Fexco Property Services (Management) Limited,Informal action taken,Breach recorded - regulatory action criteria not met,Advice given,No
Completed,GDPR,IC-361273-L6V8,04/02/2025,2025,2024/25,Q4,11-Feb,07/02/2025,2025,2024/25,Q4,11-Feb,Health,General Practitioner,Fitzalan Medical Group,Informal action taken,Breach recorded - regulatory action criteria not met,Advice given,No
Completed,GDPR,IC-360899-V9H3,04/02/2025,2025,2024/25,Q4,11-Feb,07/02/2025,2025,2024/25,Q4,11-Feb,Retail and manufacture,Unassigned,Forest Drapery Hardware UK Ltd,Informal action taken,Breach recorded - regulatory action criteria not met,Advice given,Yes
Completed,GDPR,IC-354674-Y5L1,09/01/2025,2025,2024/25,Q4,10-Jan,07/02/2025,2025,2024/25,Q4,11-Feb,Health,Healthcare and pharmaceuticals,Health and Beyond Limited,Informal action taken,Breach recorded - regulatory action criteria not met,Advice given,No
Completed,GDPR,IC-361444-P3C6,05/02/2025,2025,2024/25,Q4,11-Feb,07/02/2025,2025,2024/25,Q4,11-Feb,Social care,Residential care,Hollycroft Care Limited,Informal action taken,Breach recorded - regulatory action criteria not met,Advice given,No
Completed,GDPR,IC-361462-G6M5,06/02/2025,2025,2024/25,Q4,11-Feb,07/02/2025,2025,2024/25,Q4,11-Feb,Health,Secondary care,Imperial College Healthcare NHS Trust,Informal action taken,Breach recorded - regulatory action criteria not met,Advice given,No
Completed,GDPR,IC-333136-Y2F1,20/09/2024,2024,2024/25,Q2,06-Sep,07/02/2025,2025,2024/25,Q4,11-Feb,Health,General Practitioner,Inchcruin Medical Practice,Informal action taken,Breach recorded - regulatory action criteria not met,Advice given,No
Completed,GDPR,IC-361544-T8H5,05/02/2025,2025,2024/25,Q4,11-Feb,07/02/2025,2025,2024/25,Q4,11-Feb,Education and childcare,Maintained schools,JAMES PEACOCK INFANT & NURSERY SCHOOL,Informal action taken,Breach recorded - regulatory action criteria not met,Advice given,No
Completed,GDPR,IC-361281-C0C2,04/02/2025,2025,2024/25,Q4,11-Feb,07/02/2025,2025,2024/25,Q4,11-Feb,Education and childcare,Academy and Free Schools,King Edward VI School,Informal action taken,Breach recorded - regulatory action criteria not met,Advice given,No
Completed,GDPR,IC-361380-C4D9,05/02/2025,2025,2024/25,Q4,11-Feb,07/02/2025,2025,2024/25,Q4,11-Feb,Education and childcare,"Nursery, playgroups and After School club",Lilybank Nurseries Ltd,Informal action taken,Breach recorded - regulatory action criteria not met,Advice given,No
Completed,GDPR,IC-361559-S4M5,05/02/2025,2025,2024/25,Q4,11-Feb,07/02/2025,2025,2024/25,Q4,11-Feb,Education and childcare,Academy and Free Schools,Maiden Erlegh Trust,Informal action taken,Breach recorded - regulatory action criteria not met,Advice given,No
Completed,GDPR,IC-359455-K1W6,29/01/2025,2025,2024/25,Q4,10-Jan,07/02/2025,2025,2024/25,Q4,11-Feb,Charitable and voluntary,Unassigned,Merton Voluntary Service Council,Informal action taken,Breach recorded - regulatory action criteria not met,Advice given,No
Completed,GDPR,IC-360099-G7X6,31/01/2025,2025,2024/25,Q4,10-Jan,07/02/2025,2025,2024/25,Q4,11-Feb,Land or property services,Housing association,Midland Heart Limited,Informal action taken,Breach recorded - regulatory action criteria not met,Advice given,No
Completed,GDPR,IC-359657-V3Q7,29/01/2025,2025,2024/25,Q4,10-Jan,07/02/2025,2025,2024/25,Q4,11-Feb,Social care,Residential care,Milewood Health Care Ltd,Informal action taken,Breach recorded - regulatory action criteria not met,Advice given,No
Completed,GDPR,IC-361415-W5S5,05/02/2025,2025,2024/25,Q4,11-Feb,07/02/2025,2025,2024/25,Q4,11-Feb,Transport and leisure,Entertainment providers,Natural History Museum,Informal action taken,Breach recorded - regulatory action criteria not met,Advice given,No
Completed,GDPR,IC-359464-W7G7,29/01/2025,2025,2024/25,Q4,10-Jan,07/02/2025,2025,2024/25,Q4,11-Feb,Retail and manufacture,Manufacturing,Nottingham Zinc Group Limited,Informal action taken,Breach recorded - regulatory action criteria not met,Advice given,No
Completed,GDPR,IC-357307-F1S0,18/01/2025,2025,2024/25,Q4,10-Jan,07/02/2025,2025,2024/25,Q4,11-Feb,Land or property services,Property management,Odhams Walk Residents Management Limited,Informal action taken,Breach recorded - regulatory action criteria not met,Advice given,No
Completed,GDPR,IC-361426-V3L3,05/02/2025,2025,2024/25,Q4,11-Feb,07/02/2025,2025,2024/25,Q4,11-Feb,Utilities,Utility companies,OVO Energy Limited,Informal action taken,Breach recorded - regulatory action criteria not met,Advice given,No
Completed,GDPR,IC-361451-L2V8,05/02/2025,2025,2024/25,Q4,11-Feb,07/02/2025,2025,2024/25,Q4,11-Feb,Social care,Residential care,Peak 15 Ltd,Informal action taken,Breach recorded - regulatory action criteria not met,Advice given,No
Completed,GDPR,IC-361364-L2D5,05/02/2025,2025,2024/25,Q4,11-Feb,07/02/2025,2025,2024/25,Q4,11-Feb,Health,Healthcare and pharmaceuticals,People Asset Management Limited,Informal action taken,Breach recorded - regulatory action criteria not met,Advice given,No
Completed,GDPR,IC-356498-P1N1,17/01/2025,2025,2024/25,Q4,10-Jan,07/02/2025,2025,2024/25,Q4,11-Feb,Retail and manufacture,Supplier of services,Pick Everard,Informal action taken,Breach recorded - regulatory action criteria not met,Advice given,No
Completed,GDPR,IC-359507-P7P5,30/01/2025,2025,2024/25,Q4,10-Jan,07/02/2025,2025,2024/25,Q4,11-Feb,Legal,Unassigned,Real Life Appeals,Informal action taken,Breach recorded - regulatory action criteria not met,Advice given,No
Completed,GDPR,IC-361279-T7S8,04/02/2025,2025,2024/25,Q4,11-Feb,07/02/2025,2025,2024/25,Q4,11-Feb,Land or property services,Estate agency / letting agency,Residential Property Group Ltd,Informal action taken,Breach recorded - regulatory action criteria not met,Advice given,No
Completed,GDPR,IC-361461-W4K4,06/02/2025,2025,2024/25,Q4,11-Feb,07/02/2025,2025,2024/25,Q4,11-Feb,Land or property services,Property management,Richard Hawkins Limited,Informal action taken,Breach recorded - regulatory action criteria not met,Advice given,No
Completed,GDPR,IC-361424-Q9W5,05/02/2025,2025,2024/25,Q4,11-Feb,07/02/2025,2025,2024/25,Q4,11-Feb,Health,General Practitioner,Rothschild House Group,Informal action taken,Breach recorded - regulatory action criteria not met,Advice given,No
Completed,GDPR,IC-356442-R4J4,17/01/2025,2025,2024/25,Q4,10-Jan,07/02/2025,2025,2024/25,Q4,11-Feb,Charitable and voluntary,National charities,Royal Mencap Society,Informal action taken,Breach recorded - regulatory action criteria not met,Advice given,No
Completed,GDPR,IC-353536-F0G4,03/01/2025,2025,2024/25,Q4,10-Jan,07/02/2025,2025,2024/25,Q4,11-Feb,Marketing,Marketing providers,Singhfreer Marketing Ltd,Informal action taken,Breach recorded - regulatory action criteria not met,Advice given,No
Completed,GDPR,IC-361422-T0H4,06/02/2025,2025,2024/25,Q4,11-Feb,07/02/2025,2025,2024/25,Q4,11-Feb,Retail and manufacture,Supplier of services,Source 24/7 Recruitment Ltd,Informal action taken,Breach recorded - regulatory action criteria not met,Advice given,Yes
Completed,GDPR,IC-361366-S3H9,04/02/2025,2025,2024/25,Q4,11-Feb,07/02/2025,2025,2024/25,Q4,11-Feb,Health,Secondary care,South Warwickshire NHS Foundation Trust,Informal action taken,Breach recorded - regulatory action criteria not met,Advice given,No
Completed,GDPR,IC-361268-V0S4,04/02/2025,2025,2024/25,Q4,11-Feb,07/02/2025,2025,2024/25,Q4,11-Feb,Education and childcare,Maintained schools,St Michaels C E Primary School,Informal action taken,Breach recorded - regulatory action criteria not met,Advice given,No
Completed,GDPR,IC-361220-G6J7,04/02/2025,2025,2024/25,Q4,11-Feb,07/02/2025,2025,2024/25,Q4,11-Feb,Charitable and voluntary,Local charities,Swindon Food Collective Ltd,Informal action taken,Breach recorded - regulatory action criteria not met,Advice given,No
Completed,GDPR,IC-361259-P0T9,05/02/2025,2025,2024/25,Q4,11-Feb,07/02/2025,2025,2024/25,Q4,11-Feb,Legal,Legal professionals,Thackray Williams LLP,Informal action taken,Breach recorded - regulatory action criteria not met,Advice given,No
Completed,GDPR,IC-361456-S4D1,05/02/2025,2025,2024/25,Q4,11-Feb,07/02/2025,2025,2024/25,Q4,11-Feb,Charitable and voluntary,Unassigned,The Avenues Trust Group,Informal action taken,Breach recorded - regulatory action criteria not met,Advice given,No
Completed,GDPR,IC-361459-B5V4,05/02/2025,2025,2024/25,Q4,11-Feb,07/02/2025,2025,2024/25,Q4,11-Feb,Charitable and voluntary,Unassigned,The Avenues Trust Group,Informal action taken,Breach recorded - regulatory action criteria not met,Advice given,No
Completed,GDPR,IC-361307-S0N1,05/02/2025,2025,2024/25,Q4,11-Feb,07/02/2025,2025,2024/25,Q4,11-Feb,Education and childcare,Academy and Free Schools,The Newman Catholic Collegiate,Informal action taken,Breach recorded - regulatory action criteria not met,Advice given,Yes
Completed,GDPR,IC-361550-V2V3,05/02/2025,2025,2024/25,Q4,11-Feb,07/02/2025,2025,2024/25,Q4,11-Feb,Regulators,Regulatory Body,The Nursing and Midwifery Council,Informal action taken,Breach recorded - regulatory action criteria not met,Advice given,No
Completed,GDPR,IC-350061-H2M3,11/12/2024,2024,2024/25,Q3,09-Dec,07/02/2025,2025,2024/25,Q4,11-Feb,Charitable and voluntary,Unassigned,The National Museum of the Royal Navy,No Further Action,Breach recorded - regulatory action criteria not met,Unassigned,Yes
Completed,GDPR,IC-360613-C6D5,31/01/2025,2025,2024/25,Q4,10-Jan,07/02/2025,2025,2024/25,Q4,11-Feb,Retail and manufacture,Supplier of services,Yorkshire Care Alliance CIC,No Further Action,Not PDB,Unassigned,No
Completed,GDPR,IC-361571-M2Y9,06/02/2025,2025,2024/25,Q4,11-Feb,08/02/2025,2025,2024/25,Q4,11-Feb,Legal,Legal professionals,Campbell and Haughey Solicitors Limited,Informal action taken,Breach recorded - regulatory action criteria not met,Advice given,No
Completed,GDPR,IC-361570-X9V4,06/02/2025,2025,2024/25,Q4,11-Feb,08/02/2025,2025,2024/25,Q4,11-Feb,"Finance, insurance and credit",Debt collection/tracing,Direct Collections Bailiffs Ltd (DCBL),Informal action taken,Breach recorded - regulatory action criteria not met,Advice given,No
Completed,GDPR,IC-361575-H3D2,06/02/2025,2025,2024/25,Q4,11-Feb,08/02/2025,2025,2024/25,Q4,11-Feb,Education and childcare,Academy and Free Schools,Durrington Multi Academy Trust,Informal action taken,Breach recorded - regulatory action criteria not met,Advice given,No
Completed,GDPR,IC-361578-X1P2,06/02/2025,2025,2024/25,Q4,11-Feb,08/02/2025,2025,2024/25,Q4,11-Feb,Health,Healthcare and pharmaceuticals,Nana Osei Ltd,Informal action taken,Breach recorded - regulatory action criteria not met,Advice given,No
Completed,GDPR,IC-361580-N2Z5,05/02/2025,2025,2024/25,Q4,11-Feb,08/02/2025,2025,2024/25,Q4,11-Feb,Charitable and voluntary,Local charities,RMUK Wellbeing Community Interest Company,Informal action taken,Breach recorded - regulatory action criteria not met,Advice given,No
Completed,GDPR,IC-361581-L9Z2,05/02/2025,2025,2024/25,Q4,11-Feb,08/02/2025,2025,2024/25,Q4,11-Feb,Central Government,Ombudsman,The Health and Care Professions Council,Informal action taken,Breach recorded - regulatory action criteria not met,Advice given,No
Completed,GDPR,IC-361584-N1W5,05/02/2025,2025,2024/25,Q4,11-Feb,08/02/2025,2025,2024/25,Q4,11-Feb,Education and childcare,Higher education,The University of West London,Informal action taken,Breach recorded - regulatory action criteria not met,Advice given,No
Completed,GDPR,IC-361574-J2V5,06/02/2025,2025,2024/25,Q4,11-Feb,08/02/2025,2025,2024/25,Q4,11-Feb,Health,Secondary care,Worcestershire Acute Hospitals NHS Trust,Informal action taken,Breach recorded - regulatory action criteria not met,Advice given,No
Completed,GDPR,IC-361609-J4D2,05/02/2025,2025,2024/25,Q4,11-Feb,09/02/2025,2025,2024/25,Q4,11-Feb,General business,Motor Trade,A W & D Hammond Ltd,Informal action taken,Breach recorded - regulatory action criteria not met,Advice given,Yes
Completed,GDPR,IC-359964-Y1V1,30/01/2025,2025,2024/25,Q4,10-Jan,09/02/2025,2025,2024/25,Q4,11-Feb,Land or property services,Housing association,Bromford Housing Group,Informal action taken,Breach recorded - regulatory action criteria not met,Advice given,No
Completed,GDPR,IC-361600-N0B9,06/02/2025,2025,2024/25,Q4,11-Feb,09/02/2025,2025,2024/25,Q4,11-Feb,Land or property services,Estate agency / letting agency,Cheffins,Informal action taken,Breach recorded - regulatory action criteria not met,Advice given,No
Completed,GDPR,IC-360365-Y4L1,31/01/2025,2025,2024/25,Q4,10-Jan,09/02/2025,2025,2024/25,Q4,11-Feb,Justice,Police Forces,Chief Constable Devon & Cornwall Constabulary,Informal action taken,Breach recorded - regulatory action criteria not met,Advice given,No
Completed,GDPR,IC-360430-T0V6,31/01/2025,2025,2024/25,Q4,10-Jan,09/02/2025,2025,2024/25,Q4,11-Feb,Education and childcare,Academy and Free Schools,Collingwood College,Informal action taken,Breach recorded - regulatory action criteria not met,Advice given,No
Completed,GDPR,IC-361618-Z8D6,07/02/2025,2025,2024/25,Q4,11-Feb,09/02/2025,2025,2024/25,Q4,11-Feb,Land or property services,Building and property construction,Crewsaders Ltd,Informal action taken,Breach recorded - regulatory action criteria not met,Advice given,No
Completed,GDPR,IC-361588-J5J2,06/02/2025,2025,2024/25,Q4,11-Feb,09/02/2025,2025,2024/25,Q4,11-Feb,Health,Secondary care,Herefordshire and Worcestershire Health and Care NHS Trust,Informal action taken,Breach recorded - regulatory action criteria not met,Advice given,No
Completed,GDPR,IC-361615-Q2S2,07/02/2025,2025,2024/25,Q4,11-Feb,09/02/2025,2025,2024/25,Q4,11-Feb,Social care,Residential care,Redwood Tower UK Opco 2 Limited,Informal action taken,Breach recorded - regulatory action criteria not met,Advice given,No
Completed,GDPR,IC-361601-Q4F8,06/02/2025,2025,2024/25,Q4,11-Feb,09/02/2025,2025,2024/25,Q4,11-Feb,General business,Supplier of services,Secure & Confidential Documents Limited,Informal action taken,Breach recorded - regulatory action criteria not met,Advice given,Don't know
Completed,GDPR,IC-361595-Q0Y1,06/02/2025,2025,2024/25,Q4,11-Feb,09/02/2025,2025,2024/25,Q4,11-Feb,Education and childcare,Maintained schools,St Joseph's Grammar School,Informal action taken,Breach recorded - regulatory action criteria not met,Advice given,No
Completed,GDPR,IC-361606-X9F8,06/02/2025,2025,2024/25,Q4,11-Feb,09/02/2025,2025,2024/25,Q4,11-Feb,Land or property services,Property management,Bevolve Limitedf,No Further Action,Not PDB,Unassigned,No
Completed,GDPR,IC-361774-Q6H8,07/02/2025,2025,2024/25,Q4,11-Feb,10/02/2025,2025,2024/25,Q4,11-Feb,Retail and manufacture,Supplier of services,.A. Ring A Till Ltd,Informal action taken,Breach recorded - regulatory action criteria not met,Advice given,No
Completed,GDPR,IC-361014-Q5H2,03/02/2025,2025,2024/25,Q4,11-Feb,10/02/2025,2025,2024/25,Q4,11-Feb,Land or property services,Housing association,Abri Group Ltd,Informal action taken,Breach recorded - regulatory action criteria not met,Advice given,No
Completed,GDPR,IC-358195-G5K6,24/01/2025,2025,2024/25,Q4,10-Jan,10/02/2025,2025,2024/25,Q4,11-Feb,Marketing,Marketing providers,Adweek,Informal action taken,Breach recorded - regulatory action criteria not met,Advice given,Yes
Completed,GDPR,IC-361966-G3D0,07/02/2025,2025,2024/25,Q4,11-Feb,10/02/2025,2025,2024/25,Q4,11-Feb,Social care,Domiciliary care,Ampi Limited (Bluebird Care Gravesham and Dartford),Informal action taken,Breach recorded - regulatory action criteria not met,Advice given,No
Completed,GDPR,IC-361640-L0C1,05/02/2025,2025,2024/25,Q4,11-Feb,10/02/2025,2025,2024/25,Q4,11-Feb,"Finance, insurance and credit",Financial services and advice,Anon DC,Informal action taken,Breach recorded - regulatory action criteria not met,Advice given,No
Completed,GDPR,IC-360030-P0V0,01/02/2025,2025,2024/25,Q4,11-Feb,10/02/2025,2025,2024/25,Q4,11-Feb,"Finance, insurance and credit",Banks and Building Societies,Barclays Bank PLC,Informal action taken,Breach recorded - regulatory action criteria not met,Advice given,No
Completed,GDPR,IC-361731-H5X3,07/02/2025,2025,2024/25,Q4,11-Feb,10/02/2025,2025,2024/25,Q4,11-Feb,Charitable and voluntary,Local charities,Barnsley Young Mens Christian Association (Incorporated),Informal action taken,Breach recorded - regulatory action criteria not met,Advice given,Yes
Completed,GDPR,IC-361757-C3Q9,07/02/2025,2025,2024/25,Q4,11-Feb,10/02/2025,2025,2024/25,Q4,11-Feb,Legal,Legal professionals,Begbies Traynor LLP,Informal action taken,Breach recorded - regulatory action criteria not met,Advice given,No
Completed,GDPR,IC-357570-P3S2,21/01/2025,2025,2024/25,Q4,10-Jan,10/02/2025,2025,2024/25,Q4,11-Feb,Health,Secondary care,Belfast Health & Social Care Trust,Informal action taken,Breach recorded - regulatory action criteria not met,Advice given,No
Completed,GDPR,IC-361661-C0W3,07/02/2025,2025,2024/25,Q4,11-Feb,10/02/2025,2025,2024/25,Q4,11-Feb,Retail and manufacture,Manufacturing,Bowmer and Kirkland Ltd,Informal action taken,Breach recorded - regulatory action criteria not met,Advice given,No
Completed,GDPR,IC-361680-N5L2,08/02/2025,2025,2024/25,Q4,11-Feb,10/02/2025,2025,2024/25,Q4,11-Feb,Retail and manufacture,Supplier of services,Chelsea Surgical Partners,Informal action taken,Breach recorded - regulatory action criteria not met,Advice given,Yes
Completed,GDPR,IC-361926-K4S0,07/02/2025,2025,2024/25,Q4,11-Feb,10/02/2025,2025,2024/25,Q4,11-Feb,Retail and manufacture,Supplier of services,Delivery Associates Limited,Informal action taken,Breach recorded - regulatory action criteria not met,Advice given,No
Completed,GDPR,IC-359160-T4T4,27/01/2025,2025,2024/25,Q4,10-Jan,10/02/2025,2025,2024/25,Q4,11-Feb,Health,General Practitioner,East Leicester Medical Practice,Informal action taken,Breach recorded - regulatory action criteria not met,Advice given,No
Completed,GDPR,IC-357501-W0T8,21/01/2025,2025,2024/25,Q4,10-Jan,10/02/2025,2025,2024/25,Q4,11-Feb,Health,Secondary care,East Suffolk and North Essex NHS Foundation Trust,Informal action taken,Breach recorded - regulatory action criteria not met,Advice given,No
Completed,GDPR,IC-361599-K5P4,07/02/2025,2025,2024/25,Q4,11-Feb,10/02/2025,2025,2024/25,Q4,11-Feb,Education and childcare,Training Company,Endorphins Group,Informal action taken,Breach recorded - regulatory action criteria not met,Advice given,No
Completed,GDPR,IC-330313-M4R0,06/09/2024,2024,2024/25,Q2,06-Sep,10/02/2025,2025,2024/25,Q4,11-Feb,Local government,Borough Council,Fareham Borough Council,Informal action taken,Breach recorded - regulatory action criteria not met,Advice given,No
Completed,GDPR,IC-361927-G2C0,07/02/2025,2025,2024/25,Q4,11-Feb,10/02/2025,2025,2024/25,Q4,11-Feb,Health,General Practitioner,Fitzalan Medical Group,Informal action taken,Breach recorded - regulatory action criteria not met,Advice given,No
Completed,GDPR,IC-361754-T9K0,07/02/2025,2025,2024/25,Q4,11-Feb,10/02/2025,2025,2024/25,Q4,11-Feb,Education and childcare,Private schools,Griffin Schools Trust,Informal action taken,Breach recorded - regulatory action criteria not met,Advice given,No
Completed,GDPR,IC-361469-T3K7,06/02/2025,2025,2024/25,Q4,11-Feb,10/02/2025,2025,2024/25,Q4,11-Feb,"Finance, insurance and credit",Insurance,H W WOOD LIMITED,Informal action taken,Breach recorded - regulatory action criteria not met,Advice given,No
Completed,GDPR,IC-361529-C5V0,05/02/2025,2025,2024/25,Q4,11-Feb,10/02/2025,2025,2024/25,Q4,11-Feb,Health,General Practitioner,Hastings & Rother Healthcare,Informal action taken,Breach recorded - regulatory action criteria not met,Advice given,No
Completed,GDPR,IC-361722-V5C8,06/02/2025,2025,2024/25,Q4,11-Feb,10/02/2025,2025,2024/25,Q4,11-Feb,Education and childcare,Maintained schools,HOLLYFIELD PRIMARY SCHOOL,Informal action taken,Breach recorded - regulatory action criteria not met,Advice given,No
Completed,GDPR,IC-361678-R8W1,07/02/2025,2025,2024/25,Q4,11-Feb,10/02/2025,2025,2024/25,Q4,11-Feb,Legal,Legal professionals,Jacobs & Reeves,Informal action taken,Breach recorded - regulatory action criteria not met,Advice given,No
Completed,GDPR,IC-361673-J5B4,07/02/2025,2025,2024/25,Q4,11-Feb,10/02/2025,2025,2024/25,Q4,11-Feb,Education and childcare,Unassigned,Lisle Marsden Church of England Primary Academy,Informal action taken,Breach recorded - regulatory action criteria not met,Advice given,Yes
Completed,GDPR,IC-359693-V0V2,30/01/2025,2025,2024/25,Q4,10-Jan,10/02/2025,2025,2024/25,Q4,11-Feb,Health,Ambulance Service,London Ambulance Service NHS Trust,Informal action taken,Breach recorded - regulatory action criteria not met,Advice given,No
Completed,GDPR,IC-361849-Q6Y2,07/02/2025,2025,2024/25,Q4,11-Feb,10/02/2025,2025,2024/25,Q4,11-Feb,Health,Secondary care,Mersey Care NHS Foundation Trust,Informal action taken,Breach recorded - regulatory action criteria not met,Advice given,No
Completed,GDPR,IC-361696-R4V5,07/02/2025,2025,2024/25,Q4,11-Feb,10/02/2025,2025,2024/25,Q4,11-Feb,Health,Unassigned,New Pond Row Surgery,Informal action taken,Breach recorded - regulatory action criteria not met,Advice given,No
Completed,GDPR,IC-355258-T4B5,13/01/2025,2025,2024/25,Q4,10-Jan,10/02/2025,2025,2024/25,Q4,11-Feb,Health,Secondary care,Northern Care Alliance NHS Foundation Trust,Informal action taken,Breach recorded - regulatory action criteria not met,Advice given,No
Completed,GDPR,IC-361951-G2J5,10/02/2025,2025,2024/25,Q4,11-Feb,10/02/2025,2025,2024/25,Q4,11-Feb,Retail and manufacture,Supplier of services,Northern Ireland Resources Network ,Informal action taken,Breach recorded - regulatory action criteria not met,Advice given,No
Completed,GDPR,IC-361590-B0X3,06/02/2025,2025,2024/25,Q4,11-Feb,10/02/2025,2025,2024/25,Q4,11-Feb,"Finance, insurance and credit",Accountancy and Payroll,Pandle Ltd,Informal action taken,Breach recorded - regulatory action criteria not met,Advice given,Don't know
Completed,GDPR,IC-361944-Q4K2,07/02/2025,2025,2024/25,Q4,11-Feb,10/02/2025,2025,2024/25,Q4,11-Feb,Charitable and voluntary,National charities,Pohwer,Informal action taken,Breach recorded - regulatory action criteria not met,Advice given,No
Completed,GDPR,IC-361589-Z3Q2,06/02/2025,2025,2024/25,Q4,11-Feb,10/02/2025,2025,2024/25,Q4,11-Feb,Land or property services,Estate agency / letting agency,Purplebricks Property Limited,Informal action taken,Breach recorded - regulatory action criteria not met,Advice given,No
Completed,GDPR,IC-361930-G2P8,07/02/2025,2025,2024/25,Q4,11-Feb,10/02/2025,2025,2024/25,Q4,11-Feb,Education and childcare,Academy and Free Schools,Red Kite Learning Trust,Informal action taken,Breach recorded - regulatory action criteria not met,Advice given,No
Completed,GDPR,IC-361591-V4S8,06/02/2025,2025,2024/25,Q4,11-Feb,10/02/2025,2025,2024/25,Q4,11-Feb,Charitable and voluntary,Local charities,Scarborough and District Mencap,Informal action taken,Breach recorded - regulatory action criteria not met,Advice given,No
Completed,GDPR,IC-358584-T1N8,24/01/2025,2025,2024/25,Q4,10-Jan,10/02/2025,2025,2024/25,Q4,11-Feb,Central Government,Government Department,Scottish Government,Informal action taken,Breach recorded - regulatory action criteria not met,Advice given,No
Completed,GDPR,IC-361762-F3T5,07/02/2025,2025,2024/25,Q4,11-Feb,10/02/2025,2025,2024/25,Q4,11-Feb,Land or property services,Building and property construction,Scotts Property LLP,Informal action taken,Breach recorded - regulatory action criteria not met,Advice given,No
Completed,GDPR,IC-361497-H9B1,05/02/2025,2025,2024/25,Q4,11-Feb,10/02/2025,2025,2024/25,Q4,11-Feb,Transport and leisure,Accommodation providers,Shenley Park Sports Centre Limited,Informal action taken,Breach recorded - regulatory action criteria not met,Advice given,Don't know
Completed,GDPR,IC-361820-S0G3,07/02/2025,2025,2024/25,Q4,11-Feb,10/02/2025,2025,2024/25,Q4,11-Feb,Health,Secondary care,Swansea Bay University Health Board,Informal action taken,Breach recorded - regulatory action criteria not met,Advice given,No
Completed,GDPR,IC-361596-R2X1,06/02/2025,2025,2024/25,Q4,11-Feb,10/02/2025,2025,2024/25,Q4,11-Feb,Charitable and voluntary,Local charities,Swindon Shock Youth Basketball Club,Informal action taken,Breach recorded - regulatory action criteria not met,Advice given,No
Completed,GDPR,IC-358382-S4X6,24/01/2025,2025,2024/25,Q4,10-Jan,10/02/2025,2025,2024/25,Q4,11-Feb,"Finance, insurance and credit",Insurance,Telefonica Insurance Uk Branch,Informal action taken,Breach recorded - regulatory action criteria not met,Advice given,Yes
Completed,GDPR,IC-361679-B9V2,05/02/2025,2025,2024/25,Q4,11-Feb,10/02/2025,2025,2024/25,Q4,11-Feb,Charitable and voluntary,Unassigned,The Avenues Trust Group,Informal action taken,Breach recorded - regulatory action criteria not met,Advice given,No
Completed,GDPR,IC-359969-D0M8,31/01/2025,2025,2024/25,Q4,10-Jan,10/02/2025,2025,2024/25,Q4,11-Feb,Health,Secondary care,The Countess of Chester Hospital NHS Foundation Trust,Informal action taken,Breach recorded - regulatory action criteria not met,Advice given,No
Completed,GDPR,IC-358101-J7N0,23/01/2025,2025,2024/25,Q4,10-Jan,10/02/2025,2025,2024/25,Q4,11-Feb,Education and childcare,Maintained schools,The Kemnal Academies Trust (TKAT),Informal action taken,Breach recorded - regulatory action criteria not met,Advice given,No
Completed,GDPR,IC-358373-R8C6,24/01/2025,2025,2024/25,Q4,10-Jan,10/02/2025,2025,2024/25,Q4,11-Feb,Education and childcare,Maintained schools,THE URSWICK SCHOOL,Informal action taken,Breach recorded - regulatory action criteria not met,Advice given,Yes
Completed,GDPR,IC-361593-G8N4,06/02/2025,2025,2024/25,Q4,11-Feb,10/02/2025,2025,2024/25,Q4,11-Feb,Legal,Legal professionals,Thomas Flavell & Sons,Informal action taken,Breach recorded - regulatory action criteria not met,Advice given,No
Completed,GDPR,IC-361639-S0Z6,08/02/2025,2025,2024/25,Q4,11-Feb,10/02/2025,2025,2024/25,Q4,11-Feb,Membership association,Industry associations,UK Finance,Informal action taken,Breach recorded - regulatory action criteria not met,Advice given,No
Completed,GDPR,IC-361807-P9C8,07/02/2025,2025,2024/25,Q4,11-Feb,10/02/2025,2025,2024/25,Q4,11-Feb,Utilities,Utility companies,United Utilities Group PLC,Informal action taken,Breach recorded - regulatory action criteria not met,Advice given,No
Completed,GDPR,IC-361067-R9V0,03/02/2025,2025,2024/25,Q4,11-Feb,10/02/2025,2025,2024/25,Q4,11-Feb,Retail and manufacture,Manufacturing,ADVANCE TAPES INTERNATIONAL LIMITED,No Further Action,Breach recorded - regulatory action criteria not met,Unassigned,Yes
Completed,GDPR,IC-361752-T2P9,07/02/2025,2025,2024/25,Q4,11-Feb,10/02/2025,2025,2024/25,Q4,11-Feb,Legal,Legal professionals,Rooks Rider Solicitors LLP,No Further Action,Breach recorded - regulatory action criteria not met,Unassigned,Yes
Completed,GDPR,IC-361794-W9Y8,07/02/2025,2025,2024/25,Q4,11-Feb,10/02/2025,2025,2024/25,Q4,11-Feb,Retail and manufacture,Manufacturing,SAS International Limited,No Further Action,Breach recorded - regulatory action criteria not met,Unassigned,Yes
Completed,GDPR,IC-362066-F3W6,07/02/2025,2025,2024/25,Q4,11-Feb,11/02/2025,2025,2024/25,Q4,11-Feb,Legal,Unassigned,Anon DC,Informal action taken,Breach recorded - regulatory action criteria not met,Advice given,No
Completed,GDPR,IC-362167-D7R2,07/02/2025,2025,2024/25,Q4,11-Feb,11/02/2025,2025,2024/25,Q4,11-Feb,Legal,Barristers,Anon DC,Informal action taken,Breach recorded - regulatory action criteria not met,Advice given,No
Completed,GDPR,IC-361104-R6J5,05/02/2025,2025,2024/25,Q4,11-Feb,11/02/2025,2025,2024/25,Q4,11-Feb,Retail and manufacture,Supplier of services,Best Athletics,Informal action taken,Breach recorded - regulatory action criteria not met,Advice given,Yes
Completed,GDPR,IC-362166-Q1B1,07/02/2025,2025,2024/25,Q4,11-Feb,11/02/2025,2025,2024/25,Q4,11-Feb,Health,Healthcare and pharmaceuticals,Brain-In-Hand Limited,Informal action taken,Breach recorded - regulatory action criteria not met,Advice given,No
Completed,GDPR,IC-362361-Z7S3,10/02/2025,2025,2024/25,Q4,11-Feb,11/02/2025,2025,2024/25,Q4,11-Feb,"Finance, insurance and credit",Accountancy and Payroll,Brebners,Informal action taken,Breach recorded - regulatory action criteria not met,Advice given,Yes
Completed,GDPR,IC-362366-P6T4,10/02/2025,2025,2024/25,Q4,11-Feb,11/02/2025,2025,2024/25,Q4,11-Feb,"Finance, insurance and credit",Accountancy and Payroll,Brebners Limited,Informal action taken,Breach recorded - regulatory action criteria not met,Advice given,Yes
Completed,GDPR,IC-362340-L6Q5,10/02/2025,2025,2024/25,Q4,11-Feb,11/02/2025,2025,2024/25,Q4,11-Feb,General business,Security,Broadland Guarding Services Ltd ,Informal action taken,Breach recorded - regulatory action criteria not met,Advice given,Yes
Completed,GDPR,IC-361837-Y0D1,07/02/2025,2025,2024/25,Q4,11-Feb,11/02/2025,2025,2024/25,Q4,11-Feb,Land or property services,Property management,City Facilities Management (UK) LTD,Informal action taken,Breach recorded - regulatory action criteria not met,Advice given,No
Completed,GDPR,IC-362243-R4C9,08/02/2025,2025,2024/25,Q4,11-Feb,11/02/2025,2025,2024/25,Q4,11-Feb,Health,Healthcare and pharmaceuticals,Colmore Health Limited,Informal action taken,Breach recorded - regulatory action criteria not met,Advice given,No
Completed,GDPR,IC-361970-R2X6,07/02/2025,2025,2024/25,Q4,11-Feb,11/02/2025,2025,2024/25,Q4,11-Feb,Retail and manufacture,Supplier of services,Control Energy Costs Limited,Informal action taken,Breach recorded - regulatory action criteria not met,Advice given,Yes
Completed,GDPR,IC-360490-L2K9,31/01/2025,2025,2024/25,Q4,10-Jan,11/02/2025,2025,2024/25,Q4,11-Feb,Local government,County Council,Derbyshire County Council,Informal action taken,Breach recorded - regulatory action criteria not met,Advice given,No
Completed,GDPR,IC-362050-F2X8,07/02/2025,2025,2024/25,Q4,11-Feb,11/02/2025,2025,2024/25,Q4,11-Feb,Retail and manufacture,Manufacturing,First Fence Limited,Informal action taken,Breach recorded - regulatory action criteria not met,Advice given,No
Completed,GDPR,IC-362175-B9T7,07/02/2025,2025,2024/25,Q4,11-Feb,11/02/2025,2025,2024/25,Q4,11-Feb,Legal,Legal professionals,Guest Walker Limited,Informal action taken,Breach recorded - regulatory action criteria not met,Advice given,No
Completed,GDPR,IC-362147-G6Z0,10/02/2025,2025,2024/25,Q4,11-Feb,11/02/2025,2025,2024/25,Q4,11-Feb,Land or property services,Building and property construction,Hill Group Services Limited,Informal action taken,Breach recorded - regulatory action criteria not met,Advice given,No
Completed,GDPR,IC-360610-Y9M1,31/01/2025,2025,2024/25,Q4,10-Jan,11/02/2025,2025,2024/25,Q4,11-Feb,Transport and leisure,Leisure centres and gyms,JD Sports Gyms Limited,Informal action taken,Breach recorded - regulatory action criteria not met,Advice given,No
Completed,GDPR,IC-362053-Z4Z1,07/02/2025,2025,2024/25,Q4,11-Feb,11/02/2025,2025,2024/25,Q4,11-Feb,"Finance, insurance and credit",Financial services and advice,Johnston Carmichael Wealth Limited,Informal action taken,Breach recorded - regulatory action criteria not met,Advice given,No
Completed,GDPR,IC-362055-S2K2,07/02/2025,2025,2024/25,Q4,11-Feb,11/02/2025,2025,2024/25,Q4,11-Feb,Land or property services,Housing association,L&Q Living Limited,Informal action taken,Breach recorded - regulatory action criteria not met,Advice given,No
Completed,GDPR,IC-362120-F6R5,10/02/2025,2025,2024/25,Q4,11-Feb,11/02/2025,2025,2024/25,Q4,11-Feb,Legal,Legal professionals,Makin Dixon Solicitors Ltd,Informal action taken,Breach recorded - regulatory action criteria not met,Advice given,No
Completed,GDPR,IC-362064-K1H5,07/02/2025,2025,2024/25,Q4,11-Feb,11/02/2025,2025,2024/25,Q4,11-Feb,Education and childcare,"Nursery, playgroups and After School club","Our Pride, Our Joy Limited",Informal action taken,Breach recorded - regulatory action criteria not met,Advice given,No
Completed,GDPR,IC-362168-D1D3,07/02/2025,2025,2024/25,Q4,11-Feb,11/02/2025,2025,2024/25,Q4,11-Feb,Education and childcare,Maintained schools,Pentrehafod School,Informal action taken,Breach recorded - regulatory action criteria not met,Advice given,No
Completed,GDPR,IC-362221-R8W7,07/02/2025,2025,2024/25,Q4,11-Feb,11/02/2025,2025,2024/25,Q4,11-Feb,Online Technology and Telecoms,Social media,Pinterest Europe Limited,Informal action taken,Breach recorded - regulatory action criteria not met,Advice given,No
Completed,GDPR,IC-361693-R2Y5,05/02/2025,2025,2024/25,Q4,11-Feb,11/02/2025,2025,2024/25,Q4,11-Feb,Retail and manufacture,Manufacturing,Piran Composites,Informal action taken,Breach recorded - regulatory action criteria not met,Advice given,No
Completed,GDPR,IC-361594-K0P8,06/02/2025,2025,2024/25,Q4,11-Feb,11/02/2025,2025,2024/25,Q4,11-Feb,"Finance, insurance and credit",Insurance,Rothesay Life Plc,Informal action taken,Breach recorded - regulatory action criteria not met,Advice given,No
Completed,GDPR,IC-362179-D1H1,07/02/2025,2025,2024/25,Q4,11-Feb,11/02/2025,2025,2024/25,Q4,11-Feb,"Finance, insurance and credit",Pensions,S.I. Pension Trustees Limited,Informal action taken,Breach recorded - regulatory action criteria not met,Advice given,Yes
Completed,GDPR,IC-362233-J4S7,08/02/2025,2025,2024/25,Q4,11-Feb,11/02/2025,2025,2024/25,Q4,11-Feb,Retail and manufacture,Supplier of services,Sapient Limited,Informal action taken,Breach recorded - regulatory action criteria not met,Advice given,No
Completed,GDPR,IC-359880-F8X6,30/01/2025,2025,2024/25,Q4,10-Jan,11/02/2025,2025,2024/25,Q4,11-Feb,Social care,Residential care,Shield Support Hub Ltd,Informal action taken,Breach recorded - regulatory action criteria not met,Advice given,No
Completed,GDPR,IC-362136-J4Z3,10/02/2025,2025,2024/25,Q4,11-Feb,11/02/2025,2025,2024/25,Q4,11-Feb,Online Technology and Telecoms,Service providers,Shimmr AI Ltd,Informal action taken,Breach recorded - regulatory action criteria not met,Advice given,Yes
Completed,GDPR,IC-362267-M7K7,08/02/2025,2025,2024/25,Q4,11-Feb,11/02/2025,2025,2024/25,Q4,11-Feb,Retail and manufacture,Supplier of services,SimplyBiz Services Limited,Informal action taken,Breach recorded - regulatory action criteria not met,Advice given,No
Completed,GDPR,IC-362299-Q8P4,07/02/2025,2025,2024/25,Q4,11-Feb,11/02/2025,2025,2024/25,Q4,11-Feb,Legal,Legal professionals,Spire Solicitors LLP,Informal action taken,Breach recorded - regulatory action criteria not met,Advice given,Yes
Completed,GDPR,IC-361502-Z4D5,05/02/2025,2025,2024/25,Q4,11-Feb,11/02/2025,2025,2024/25,Q4,11-Feb,Education and childcare,Academy and Free Schools,Stephenson Multi Academy Trust,Informal action taken,Breach recorded - regulatory action criteria not met,Advice given,No
Completed,GDPR,IC-362071-P6T6,07/02/2025,2025,2024/25,Q4,11-Feb,11/02/2025,2025,2024/25,Q4,11-Feb,"Finance, insurance and credit",Unassigned,TC (East) Limited,Informal action taken,Breach recorded - regulatory action criteria not met,Advice given,No
Completed,Hybrid,IC-358321-K2W7,23/01/2025,2025,2024/25,Q4,10-Jan,11/02/2025,2025,2024/25,Q4,11-Feb,Health,General Practitioner,THE OLD SCHOOL MEDICAL PRACTICE,Informal action taken,Breach recorded - regulatory action criteria not met,Advice given,No
Completed,GDPR,IC-362075-V0Q9,10/02/2025,2025,2024/25,Q4,11-Feb,11/02/2025,2025,2024/25,Q4,11-Feb,Religious,Religious organisations,The Rector Of St Peter Glenfield Parish Church,Informal action taken,Breach recorded - regulatory action criteria not met,Advice given,Yes
Completed,GDPR,IC-362171-P2V5,07/02/2025,2025,2024/25,Q4,11-Feb,11/02/2025,2025,2024/25,Q4,11-Feb,"Finance, insurance and credit",Pensions,TI Pension Trustee Limited,Informal action taken,Breach recorded - regulatory action criteria not met,Advice given,Yes
Completed,GDPR,IC-362354-F2V8,07/02/2025,2025,2024/25,Q4,11-Feb,11/02/2025,2025,2024/25,Q4,11-Feb,Transport and leisure,Holiday providers and services,Travel Eclipse Ltd,Informal action taken,Breach recorded - regulatory action criteria not met,Advice given,No
Completed,GDPR,IC-362225-P3P8,07/02/2025,2025,2024/25,Q4,11-Feb,11/02/2025,2025,2024/25,Q4,11-Feb,Legal,Legal professionals,Trowers & Hamlins LLP,Informal action taken,Breach recorded - regulatory action criteria not met,Advice given,No
Completed,GDPR,IC-362133-R2R2,10/02/2025,2025,2024/25,Q4,11-Feb,11/02/2025,2025,2024/25,Q4,11-Feb,Education and childcare,Private schools,Warwick Independent Schools Foundation,Informal action taken,Breach recorded - regulatory action criteria not met,Advice given,No
Completed,GDPR,IC-362096-J4N5,10/02/2025,2025,2024/25,Q4,11-Feb,11/02/2025,2025,2024/25,Q4,11-Feb,Legal,Legal professionals,Wildcat Law,Informal action taken,Breach recorded - regulatory action criteria not met,Advice given,Yes
Completed,GDPR,IC-362089-V8S1,09/02/2025,2025,2024/25,Q4,11-Feb,11/02/2025,2025,2024/25,Q4,11-Feb,"Finance, insurance and credit",Accountancy and Payroll,360 Accountants Limited,No Further Action,Breach recorded - regulatory action criteria not met,Unassigned,Yes
Completed,GDPR,IC-358188-Q9L1,23/01/2025,2025,2024/25,Q4,10-Jan,11/02/2025,2025,2024/25,Q4,11-Feb,Health,Secondary care,Fife Health Board,No Further Action,Not PDB,Unassigned,No
Completed,GDPR,IC-361947-F6R2,07/02/2025,2025,2024/25,Q4,11-Feb,11/02/2025,2025,2024/25,Q4,11-Feb,"Finance, insurance and credit",Financial services and advice,Just Insurance Agents Limited,No Further Action,Breach recorded - regulatory action criteria not met,Unassigned,Yes
Case Officer Review Completed,GDPR,IC-362072-Z6L8,07/02/2025,2025,2024/25,Q4,11-Feb,11/02/2025,2025,2024/25,Q4,11-Feb,Land or property services,Building and property construction,Management & Construction Services Limited,No Further Action,Not PDB,Unassigned,Yes
Completed,GDPR,IC-361974-B3N4,07/02/2025,2025,2024/25,Q4,11-Feb,11/02/2025,2025,2024/25,Q4,11-Feb,Retail and manufacture,Manufacturing,The Hill Brush Company Ltd,No Further Action,Breach recorded - regulatory action criteria not met,Unassigned,Yes
Completed,GDPR,IC-362211-D7C0,07/02/2025,2025,2024/25,Q4,11-Feb,11/02/2025,2025,2024/25,Q4,11-Feb,Charitable and voluntary,National charities,Water for People,No Further Action,Breach recorded - regulatory action criteria not met,Unassigned,Yes
Completed,GDPR,IC-362319-F5S1,09/02/2025,2025,2024/25,Q4,11-Feb,12/02/2025,2025,2024/25,Q4,11-Feb,Online Technology and Telecoms,Service providers,Airbnb Payments UK Ltd,Informal action taken,Breach recorded - regulatory action criteria not met,Advice given,No
Completed,GDPR,IC-362743-M6V1,11/02/2025,2025,2024/25,Q4,11-Feb,12/02/2025,2025,2024/25,Q4,11-Feb,Health,Secondary care,Aneurin Bevan University Health Board,Informal action taken,Breach recorded - regulatory action criteria not met,Advice given,No
Completed,GDPR,IC-362677-Z5F8,11/02/2025,2025,2024/25,Q4,11-Feb,12/02/2025,2025,2024/25,Q4,11-Feb,Education and childcare,Unassigned,Bcno Limited,Informal action taken,Breach recorded - regulatory action criteria not met,Advice given,No
Completed,GDPR,IC-362495-T8N7,11/02/2025,2025,2024/25,Q4,11-Feb,12/02/2025,2025,2024/25,Q4,11-Feb,Retail and manufacture,Supplier of goods,BERENS AND COMPANY LIMITED,Informal action taken,Breach recorded - regulatory action criteria not met,Advice given,Yes
Completed,GDPR,IC-362565-F2Z0,10/02/2025,2025,2024/25,Q4,11-Feb,12/02/2025,2025,2024/25,Q4,11-Feb,Health,Secondary care,Bolton NHS Foundation Trust,Informal action taken,Breach recorded - regulatory action criteria not met,Advice given,No
Completed,GDPR,IC-362763-Z5Y8,11/02/2025,2025,2024/25,Q4,11-Feb,12/02/2025,2025,2024/25,Q4,11-Feb,Health,General Practitioner,Bridgemary Medical Centre,Informal action taken,Breach recorded - regulatory action criteria not met,Advice given,No
Completed,GDPR,IC-362675-Z8G3,10/02/2025,2025,2024/25,Q4,11-Feb,12/02/2025,2025,2024/25,Q4,11-Feb,Legal,Legal professionals,Brindley Twist Tafft & James Solicitors,Informal action taken,Breach recorded - regulatory action criteria not met,Advice given,No
Completed,GDPR,IC-357639-V1V8,21/01/2025,2025,2024/25,Q4,10-Jan,12/02/2025,2025,2024/25,Q4,11-Feb,Local government,"Unitary Authority (London Borough, Mets and Councils in Scotland and Wales)",Buckinghamshire Council,Informal action taken,Breach recorded - regulatory action criteria not met,Advice given,No
Completed,GDPR,IC-362134-Z2Z2,07/02/2025,2025,2024/25,Q4,11-Feb,12/02/2025,2025,2024/25,Q4,11-Feb,Land or property services,Housing association,Cardiff Community Housing Association,Informal action taken,Breach recorded - regulatory action criteria not met,Advice given,No
Completed,GDPR,IC-362646-D5J2,11/02/2025,2025,2024/25,Q4,11-Feb,12/02/2025,2025,2024/25,Q4,11-Feb,Land or property services,Estate agency / letting agency,Carter Stanley Limited,Informal action taken,Breach recorded - regulatory action criteria not met,Advice given,No
Completed,GDPR,IC-362634-F8W8,12/02/2025,2025,2024/25,Q4,11-Feb,12/02/2025,2025,2024/25,Q4,11-Feb,General business,Security,Churchill Support Services,Informal action taken,Breach recorded - regulatory action criteria not met,Advice given,Yes
Completed,GDPR,IC-362514-L3L5,10/02/2025,2025,2024/25,Q4,11-Feb,12/02/2025,2025,2024/25,Q4,11-Feb,Education and childcare,Academy and Free Schools,Collingwood College,Informal action taken,Breach recorded - regulatory action criteria not met,Advice given,No
Completed,GDPR,IC-356175-D7B2,16/01/2025,2025,2024/25,Q4,10-Jan,12/02/2025,2025,2024/25,Q4,11-Feb,Health,Healthcare and pharmaceuticals,Congenica Ltd,Informal action taken,Breach recorded - regulatory action criteria not met,Advice given,No
Completed,GDPR,IC-362653-L5Q3,12/02/2025,2025,2024/25,Q4,11-Feb,12/02/2025,2025,2024/25,Q4,11-Feb,Education and childcare,Training Company,Connexus Psychological Development Limited,Informal action taken,Breach recorded - regulatory action criteria not met,Advice given,No
Completed,GDPR,IC-362615-Q6X5,10/02/2025,2025,2024/25,Q4,11-Feb,12/02/2025,2025,2024/25,Q4,11-Feb,"Finance, insurance and credit",Accountancy and Payroll,Data Owl Limited,Informal action taken,Breach recorded - regulatory action criteria not met,Advice given,No
Completed,GDPR,IC-362637-J1G4,10/02/2025,2025,2024/25,Q4,11-Feb,12/02/2025,2025,2024/25,Q4,11-Feb,Local government,"Unitary Authority (London Borough, Mets and Councils in Scotland and Wales)",Denbighshire County Council,Informal action taken,Breach recorded - regulatory action criteria not met,Advice given,No
Completed,GDPR,IC-362593-H5S6,10/02/2025,2025,2024/25,Q4,11-Feb,12/02/2025,2025,2024/25,Q4,11-Feb,Charitable and voluntary,Local charities,Dumfries and Galloway Citizens Advice Service,Informal action taken,Breach recorded - regulatory action criteria not met,Advice given,No
Completed,GDPR,IC-362472-X3X6,10/02/2025,2025,2024/25,Q4,11-Feb,12/02/2025,2025,2024/25,Q4,11-Feb,Education and childcare,"Nursery, playgroups and After School club",Elan Nurseries Limited,Informal action taken,Breach recorded - regulatory action criteria not met,Advice given,No
Completed,GDPR,IC-362643-F2T5,11/02/2025,2025,2024/25,Q4,11-Feb,12/02/2025,2025,2024/25,Q4,11-Feb,Education and childcare,Community School,ELMS FARM COMMUNITY PRIMARY SCHOOL,Informal action taken,Breach recorded - regulatory action criteria not met,Advice given,No
Completed,GDPR,IC-357295-T1N6,20/01/2025,2025,2024/25,Q4,10-Jan,12/02/2025,2025,2024/25,Q4,11-Feb,"Finance, insurance and credit",Insolvency Practitioners,Ernst & Young LLP,Informal action taken,Breach recorded - regulatory action criteria not met,Advice given,No
Completed,GDPR,IC-362604-D7K3,11/02/2025,2025,2024/25,Q4,11-Feb,12/02/2025,2025,2024/25,Q4,11-Feb,Education and childcare,Private schools,EXETER SCHOOL,Informal action taken,Breach recorded - regulatory action criteria not met,Advice given,No
Completed,GDPR,IC-362609-B0T5,11/02/2025,2025,2024/25,Q4,11-Feb,12/02/2025,2025,2024/25,Q4,11-Feb,Online Technology and Telecoms,Service providers,Global 4 Communications Limited,Informal action taken,Breach recorded - regulatory action criteria not met,Advice given,No
Completed,GDPR,IC-362453-P8V8,10/02/2025,2025,2024/25,Q4,11-Feb,12/02/2025,2025,2024/25,Q4,11-Feb,Health,Secondary care,Greater Manchester Mental Health NHS Foundation Trust,Informal action taken,Breach recorded - regulatory action criteria not met,Advice given,No
Completed,GDPR,IC-362833-C6D5,11/02/2025,2025,2024/25,Q4,11-Feb,12/02/2025,2025,2024/25,Q4,11-Feb,Health,General Practitioner,Grovehurst Surgery,Informal action taken,Breach recorded - regulatory action criteria not met,Advice given,No
Completed,GDPR,IC-362532-G7K6,10/02/2025,2025,2024/25,Q4,11-Feb,12/02/2025,2025,2024/25,Q4,11-Feb,General business,Supplier of services,Hammerhead Interactive Limited T/A Dimension Studio,Informal action taken,Breach recorded - regulatory action criteria not met,Advice given,No
Completed,GDPR,IC-313234-C3H1,13/06/2024,2024,2024/25,Q1,03-Jun,12/02/2025,2025,2024/25,Q4,11-Feb,Land or property services,Building and property construction,Harron Homes Limited,Informal action taken,Breach recorded - regulatory action criteria not met,Advice given,No
Completed,GDPR,IC-362482-P2R2,11/02/2025,2025,2024/25,Q4,11-Feb,12/02/2025,2025,2024/25,Q4,11-Feb,"Finance, insurance and credit",Financial services and advice,Haysto Ltd,Informal action taken,Breach recorded - regulatory action criteria not met,Advice given,No
Completed,GDPR,IC-362473-P4L5,10/02/2025,2025,2024/25,Q4,11-Feb,12/02/2025,2025,2024/25,Q4,11-Feb,Education and childcare,Academy and Free Schools,Horncastle Education Trust,Informal action taken,Breach recorded - regulatory action criteria not met,Advice given,No
Completed,GDPR,IC-362600-T3Q0,10/02/2025,2025,2024/25,Q4,11-Feb,12/02/2025,2025,2024/25,Q4,11-Feb,Education and childcare,Academy and Free Schools,Inspire Partnership Academy Trust,Informal action taken,Breach recorded - regulatory action criteria not met,Advice given,No
Completed,GDPR,IC-362623-N9Z5,10/02/2025,2025,2024/25,Q4,11-Feb,12/02/2025,2025,2024/25,Q4,11-Feb,Education and childcare,Unassigned,Ipswich School,Informal action taken,Breach recorded - regulatory action criteria not met,Advice given,No
Completed,GDPR,IC-362506-X0J1,10/02/2025,2025,2024/25,Q4,11-Feb,12/02/2025,2025,2024/25,Q4,11-Feb,Land or property services,Housing association,Joseph Rowntree Housing Trust,Informal action taken,Breach recorded - regulatory action criteria not met,Advice given,No
Completed,GDPR,IC-362645-B5N6,10/02/2025,2025,2024/25,Q4,11-Feb,12/02/2025,2025,2024/25,Q4,11-Feb,Retail and manufacture,Supplier of goods,Links Developments & Design Limited,Informal action taken,Breach recorded - regulatory action criteria not met,Advice given,No
Completed,GDPR,IC-362465-V9X0,10/02/2025,2025,2024/25,Q4,11-Feb,12/02/2025,2025,2024/25,Q4,11-Feb,Health,General Practitioner,Manor Court Surgery,Informal action taken,Breach recorded - regulatory action criteria not met,Advice given,No
Completed,GDPR,IC-362626-N9L8,11/02/2025,2025,2024/25,Q4,11-Feb,12/02/2025,2025,2024/25,Q4,11-Feb,Education and childcare,Maintained schools,Milton Park Primary School,Informal action taken,Breach recorded - regulatory action criteria not met,Advice given,No
Completed,GDPR,IC-362622-K1T3,11/02/2025,2025,2024/25,Q4,11-Feb,12/02/2025,2025,2024/25,Q4,11-Feb,"Finance, insurance and credit",Financial services and advice,Mortgage Advice Bureau,Informal action taken,Breach recorded - regulatory action criteria not met,Advice given,No
Completed,GDPR,IC-362602-T2X7,10/02/2025,2025,2024/25,Q4,11-Feb,12/02/2025,2025,2024/25,Q4,11-Feb,Charitable and voluntary,Local charities,New Folkestone Society,Informal action taken,Breach recorded - regulatory action criteria not met,Advice given,No
Completed,GDPR,IC-322163-N1K6,24/07/2024,2024,2024/25,Q2,04-Jul,12/02/2025,2025,2024/25,Q4,11-Feb,Health,Secondary care,NHS Lanarkshire,Informal action taken,Breach recorded - regulatory action criteria not met,Advice given,No
Completed,GDPR,IC-362687-J6J0,10/02/2025,2025,2024/25,Q4,11-Feb,12/02/2025,2025,2024/25,Q4,11-Feb,Land or property services,Property management,Ocasa Residential Limited,Informal action taken,Breach recorded - regulatory action criteria not met,Advice given,No
Completed,GDPR,IC-362480-B6F9,10/02/2025,2025,2024/25,Q4,11-Feb,12/02/2025,2025,2024/25,Q4,11-Feb,Justice,Police Authority,Office of the Humberside Police and Crime Commissioner,Informal action taken,Breach recorded - regulatory action criteria not met,Advice given,No
Completed,GDPR,IC-351018-G7S3,12/12/2024,2024,2024/25,Q3,09-Dec,12/02/2025,2025,2024/25,Q4,11-Feb,Health,Secondary care,Queen Victoria Hospital NHS Foundation Trust,Informal action taken,Breach recorded - regulatory action criteria not met,Advice given,No
Completed,GDPR,IC-358451-D8F5,24/01/2025,2025,2024/25,Q4,10-Jan,12/02/2025,2025,2024/25,Q4,11-Feb,Education and childcare,Maintained schools,Regents Park Community Primary School,Informal action taken,Breach recorded - regulatory action criteria not met,Advice given,No
Completed,Hybrid,IC-360512-N4L8,31/01/2025,2025,2024/25,Q4,10-Jan,12/02/2025,2025,2024/25,Q4,11-Feb,Charitable and voluntary,National charities,Royal Mencap Society,Informal action taken,Breach recorded - regulatory action criteria not met,Advice given,No
Completed,GDPR,IC-362385-C5N8,09/02/2025,2025,2024/25,Q4,11-Feb,12/02/2025,2025,2024/25,Q4,11-Feb,Local government,"Unitary Authority (London Borough, Mets and Councils in Scotland and Wales)",Slough Borough Council,Informal action taken,Breach recorded - regulatory action criteria not met,Advice given,No
Completed,GDPR,IC-360596-L8J3,31/01/2025,2025,2024/25,Q4,10-Jan,12/02/2025,2025,2024/25,Q4,11-Feb,Land or property services,Estate agency / letting agency,Spicerhaart Residential Lettings Limited,Informal action taken,Breach recorded - regulatory action criteria not met,Advice given,No
Completed,GDPR,IC-362701-B5V2,11/02/2025,2025,2024/25,Q4,11-Feb,12/02/2025,2025,2024/25,Q4,11-Feb,Education and childcare,Maintained schools,St Bridgets C of E Primary School,Informal action taken,Breach recorded - regulatory action criteria not met,Advice given,No
Completed,GDPR,IC-362516-R0M1,11/02/2025,2025,2024/25,Q4,11-Feb,12/02/2025,2025,2024/25,Q4,11-Feb,Transport and leisure,Haulage,Svat Ltd,Informal action taken,Breach recorded - regulatory action criteria not met,Advice given,Yes
Completed,GDPR,IC-362575-V2X1,11/02/2025,2025,2024/25,Q4,11-Feb,12/02/2025,2025,2024/25,Q4,11-Feb,Education and childcare,Academy and Free Schools,The Alliance Multi-Academy Trust (TAMAT),Informal action taken,Breach recorded - regulatory action criteria not met,Advice given,No
Completed,GDPR,IC-362624-J7X0,10/02/2025,2025,2024/25,Q4,11-Feb,12/02/2025,2025,2024/25,Q4,11-Feb,Charitable and voluntary,Local charities,The Chaseley Trust,Informal action taken,Breach recorded - regulatory action criteria not met,Advice given,No
Completed,GDPR,IC-362124-R8Y6,08/02/2025,2025,2024/25,Q4,11-Feb,12/02/2025,2025,2024/25,Q4,11-Feb,Education and childcare,Unassigned,The Cooper School,Informal action taken,Breach recorded - regulatory action criteria not met,Advice given,No
Completed,GDPR,IC-359176-R0H2,27/01/2025,2025,2024/25,Q4,10-Jan,12/02/2025,2025,2024/25,Q4,11-Feb,Legal,Legal professionals,TLT LLP,Informal action taken,Breach recorded - regulatory action criteria not met,Advice given,No
Completed,GDPR,IC-362668-H5V6,11/02/2025,2025,2024/25,Q4,11-Feb,12/02/2025,2025,2024/25,Q4,11-Feb,General business,Supplier of services,Tutors and Exams Limited,Informal action taken,Breach recorded - regulatory action criteria not met,Advice given,No
Completed,GDPR,IC-362526-J9J7,10/02/2025,2025,2024/25,Q4,11-Feb,12/02/2025,2025,2024/25,Q4,11-Feb,Education and childcare,Maintained schools,Tweseldown Infant School,Informal action taken,Breach recorded - regulatory action criteria not met,Advice given,No
Completed,GDPR,IC-358339-F9S7,24/01/2025,2025,2024/25,Q4,10-Jan,12/02/2025,2025,2024/25,Q4,11-Feb,Health,Secondary care,Walsall Healthcare NHS Trust,Informal action taken,Breach recorded - regulatory action criteria not met,Advice given,No
Completed,GDPR,IC-362656-D9C3,11/02/2025,2025,2024/25,Q4,11-Feb,12/02/2025,2025,2024/25,Q4,11-Feb,Education and childcare,Community School,Wraysbury Primary School,Informal action taken,Breach recorded - regulatory action criteria not met,Advice given,No
Completed,GDPR,IC-362741-Z8W8,11/02/2025,2025,2024/25,Q4,11-Feb,12/02/2025,2025,2024/25,Q4,11-Feb,Local government,"Unitary Authority (London Borough, Mets and Councils in Scotland and Wales)",Wrexham County Borough Council,Informal action taken,Breach recorded - regulatory action criteria not met,Advice given,No
Completed,GDPR,IC-362517-G5P3,10/02/2025,2025,2024/25,Q4,11-Feb,12/02/2025,2025,2024/25,Q4,11-Feb,Charitable and voluntary,Local charities,Zetetick Housing,Informal action taken,Breach recorded - regulatory action criteria not met,Advice given,No
Completed,GDPR,IC-362164-G5Q2,10/02/2025,2025,2024/25,Q4,11-Feb,12/02/2025,2025,2024/25,Q4,11-Feb,Retail and manufacture,Supplier of services,Eco2 Management Services Limited,No Further Action,Breach recorded - regulatory action criteria not met,Unassigned,Yes
Case Officer Review Completed,GDPR,IC-361138-W3N7,03/02/2025,2025,2024/25,Q4,11-Feb,13/02/2025,2025,2024/25,Q4,11-Feb,Retail and manufacture,Unassigned,Bella Figura Limited,Informal action taken,Breach recorded - regulatory action criteria not met,Advice given,No
Completed,GDPR,IC-360837-P1D1,29/01/2025,2025,2024/25,Q4,10-Jan,13/02/2025,2025,2024/25,Q4,11-Feb,Local government,"Unitary Authority (London Borough, Mets and Councils in Scotland and Wales)","Bournemouth, Christchurch and Poole Council (BCP)",Informal action taken,Breach recorded - regulatory action criteria not met,Advice given,No
Completed,GDPR,IC-362310-K6K1,11/02/2025,2025,2024/25,Q4,11-Feb,13/02/2025,2025,2024/25,Q4,11-Feb,Retail and manufacture,Supplier of goods,Cartier Limited,Informal action taken,Breach recorded - regulatory action criteria not met,Advice given,Yes
Completed,GDPR,IC-362749-D9W6,10/02/2025,2025,2024/25,Q4,11-Feb,13/02/2025,2025,2024/25,Q4,11-Feb,Justice,Police Forces,Chief Constable Derbyshire Constabulary,Informal action taken,Breach recorded - regulatory action criteria not met,Advice given,No
Completed,GDPR,IC-357980-C2N4,22/01/2025,2025,2024/25,Q4,10-Jan,13/02/2025,2025,2024/25,Q4,11-Feb,Justice,Police Forces,Chief Constable Hampshire Constabulary,Informal action taken,Breach recorded - regulatory action criteria not met,Advice given,No
Completed,GDPR,IC-363028-B9D9,12/02/2025,2025,2024/25,Q4,11-Feb,13/02/2025,2025,2024/25,Q4,11-Feb,Justice,Police Forces,Chief Constable North Wales Police,Informal action taken,Breach recorded - regulatory action criteria not met,Advice given,No
Completed,GDPR,IC-362995-N3S9,12/02/2025,2025,2024/25,Q4,11-Feb,13/02/2025,2025,2024/25,Q4,11-Feb,Education and childcare,Maintained schools,Discovery Primary School,Informal action taken,Breach recorded - regulatory action criteria not met,Advice given,No
Completed,GDPR,IC-361976-R2P3,07/02/2025,2025,2024/25,Q4,11-Feb,13/02/2025,2025,2024/25,Q4,11-Feb,Charitable and voluntary,National charities,Eurovangelism,Informal action taken,Breach recorded - regulatory action criteria not met,Advice given,No
Completed,GDPR,IC-361945-Z1J4,07/02/2025,2025,2024/25,Q4,11-Feb,13/02/2025,2025,2024/25,Q4,11-Feb,Land or property services,Property management,FirstPort Group Limited,Informal action taken,Breach recorded - regulatory action criteria not met,Advice given,No
Completed,GDPR,IC-363064-V1L1,12/02/2025,2025,2024/25,Q4,11-Feb,13/02/2025,2025,2024/25,Q4,11-Feb,Land or property services,Property management,Gateway Property Management Ltd,Informal action taken,Breach recorded - regulatory action criteria not met,Advice given,No
Completed,GDPR,IC-359768-Z9J1,30/01/2025,2025,2024/25,Q4,10-Jan,13/02/2025,2025,2024/25,Q4,11-Feb,Local government,"Parish, community and town councils",Hemsworth Town Council,Informal action taken,Breach recorded - regulatory action criteria not met,Advice given,No
Completed,GDPR,IC-362043-F5D8,07/02/2025,2025,2024/25,Q4,11-Feb,13/02/2025,2025,2024/25,Q4,11-Feb,Health,Private Healthcare providers,HFH Healthcare,Informal action taken,Breach recorded - regulatory action criteria not met,Advice given,No
Completed,GDPR,IC-361836-P9R0,07/02/2025,2025,2024/25,Q4,11-Feb,13/02/2025,2025,2024/25,Q4,11-Feb,Health,General Practitioner,Highglades Medical Centre,Informal action taken,Breach recorded - regulatory action criteria not met,Advice given,No
Completed,GDPR,IC-355365-X5L4,13/01/2025,2025,2024/25,Q4,10-Jan,13/02/2025,2025,2024/25,Q4,11-Feb,General business,Supplier of services,Mark Roberts Motion Control Limited,Informal action taken,Unassigned,Unassigned,Yes
Completed,GDPR,IC-362831-Q4J5,11/02/2025,2025,2024/25,Q4,11-Feb,13/02/2025,2025,2024/25,Q4,11-Feb,Charitable and voluntary,Local charities,Mediation Surrey CIO,Informal action taken,Breach recorded - regulatory action criteria not met,Advice given,No
Completed,GDPR,IC-361597-V0F9,06/02/2025,2025,2024/25,Q4,11-Feb,13/02/2025,2025,2024/25,Q4,11-Feb,Retail and manufacture,Supplier of goods,Nandos Chickenland Ltd,Informal action taken,Breach recorded - regulatory action criteria not met,Advice given,No
Completed,GDPR,IC-362886-G7D1,11/02/2025,2025,2024/25,Q4,11-Feb,13/02/2025,2025,2024/25,Q4,11-Feb,Local government,"Parish, community and town councils",Nantwich Town Council,Informal action taken,Breach recorded - regulatory action criteria not met,Advice given,No
Completed,GDPR,IC-363029-Y4B3,12/02/2025,2025,2024/25,Q4,11-Feb,13/02/2025,2025,2024/25,Q4,11-Feb,Local government,"Unitary Authority (London Borough, Mets and Councils in Scotland and Wales)",North East Lincolnshire Borough Council,Informal action taken,Breach recorded - regulatory action criteria not met,Advice given,No
Completed,GDPR,IC-362920-M5H1,11/02/2025,2025,2024/25,Q4,11-Feb,13/02/2025,2025,2024/25,Q4,11-Feb,Health,General Practitioner,Orchard 2000 Group,Informal action taken,Breach recorded - regulatory action criteria not met,Advice given,No
Completed,GDPR,IC-362868-Q1H0,12/02/2025,2025,2024/25,Q4,11-Feb,13/02/2025,2025,2024/25,Q4,11-Feb,"Finance, insurance and credit",Payment services,Payroll Sorted Limited,Informal action taken,Breach recorded - regulatory action criteria not met,Advice given,Yes
Completed,GDPR,IC-362876-D4Y5,12/02/2025,2025,2024/25,Q4,11-Feb,13/02/2025,2025,2024/25,Q4,11-Feb,Education and childcare,Maintained schools,Penistone Grammar School,Informal action taken,Breach recorded - regulatory action criteria not met,Advice given,No
Completed,GDPR,IC-362947-Q3Y1,12/02/2025,2025,2024/25,Q4,11-Feb,13/02/2025,2025,2024/25,Q4,11-Feb,Education and childcare,Maintained schools,Penistone Grammar School,Informal action taken,Breach recorded - regulatory action criteria not met,Advice given,No
Completed,GDPR,IC-361950-R4Z7,07/02/2025,2025,2024/25,Q4,11-Feb,13/02/2025,2025,2024/25,Q4,11-Feb,Land or property services,Housing association,Pivotal Housing Association,Informal action taken,Breach recorded - regulatory action criteria not met,Advice given,No
Completed,GDPR,IC-358537-F3H5,24/01/2025,2025,2024/25,Q4,10-Jan,13/02/2025,2025,2024/25,Q4,11-Feb,Legal,Legal professionals,PM Law,Informal action taken,Breach recorded - regulatory action criteria not met,Advice given,No
Completed,GDPR,IC-358852-B0N8,24/01/2025,2025,2024/25,Q4,10-Jan,13/02/2025,2025,2024/25,Q4,11-Feb,"Finance, insurance and credit",Banks and Building Societies,Santander UK PLC,Informal action taken,Breach recorded - regulatory action criteria not met,Advice given,No
Completed,GDPR,IC-362101-F3H9,07/02/2025,2025,2024/25,Q4,11-Feb,13/02/2025,2025,2024/25,Q4,11-Feb,Health,Secondary care,South London & Maudsley NHS Foundation Trust,Informal action taken,Breach recorded - regulatory action criteria not met,Advice given,No
Completed,GDPR,IC-358509-L4T7,23/01/2025,2025,2024/25,Q4,10-Jan,13/02/2025,2025,2024/25,Q4,11-Feb,Education and childcare,Private schools,The Council of Milton Abbey School,Informal action taken,Breach recorded - regulatory action criteria not met,Advice given,No
Completed,GDPR,IC-362944-G3D2,11/02/2025,2025,2024/25,Q4,11-Feb,13/02/2025,2025,2024/25,Q4,11-Feb,Legal,Legal professionals,United Legal Access CIC,Informal action taken,Breach recorded - regulatory action criteria not met,Advice given,No
Completed,GDPR,IC-363037-L1X5,12/02/2025,2025,2024/25,Q4,11-Feb,13/02/2025,2025,2024/25,Q4,11-Feb,Education and childcare,Higher education,University of Edinburgh,Informal action taken,Breach recorded - regulatory action criteria not met,Advice given,No
Completed,GDPR,IC-362841-M0C0,11/02/2025,2025,2024/25,Q4,11-Feb,13/02/2025,2025,2024/25,Q4,11-Feb,Charitable and voluntary,Local charities,Women's Health Matters ,Informal action taken,Breach recorded - regulatory action criteria not met,Advice given,No
Completed,GDPR,IC-362873-Y4Z8,12/02/2025,2025,2024/25,Q4,11-Feb,13/02/2025,2025,2024/25,Q4,11-Feb,Transport and leisure,Entertainment providers,Indy Cinema Group Ltd,No Further Action,Breach recorded - regulatory action criteria not met,Unassigned,Yes
Review Completed,GDPR,IC-353328-Z8H9,31/12/2024,2024,2024/25,Q3,09-Dec,13/02/2025,2025,2024/25,Q4,11-Feb,Membership association,Clubs,The Weimaraner Association,No Further Action,Breach recorded - regulatory action criteria not met,Unassigned,No
Completed,GDPR,IC-363411-Y9Z0,14/02/2025,2025,2024/25,Q4,11-Feb,14/02/2025,2025,2024/25,Q4,11-Feb,Health,Representative and arm's length bodies,Alpha Biolaboratories Analytical Ltd,Informal action taken,Breach recorded - regulatory action criteria not met,Advice given,Yes
Completed,GDPR,IC-363239-W1M6,12/02/2025,2025,2024/25,Q4,11-Feb,14/02/2025,2025,2024/25,Q4,11-Feb,Education and childcare,Academy and Free Schools,Aspire Academies Trust,Informal action taken,Breach recorded - regulatory action criteria not met,Advice given,No
Completed,GDPR,IC-363394-D0K4,12/02/2025,2025,2024/25,Q4,11-Feb,14/02/2025,2025,2024/25,Q4,11-Feb,"Finance, insurance and credit",Financial services and advice,Ballymore Asset Management Ltd,Informal action taken,Breach recorded - regulatory action criteria not met,Advice given,No
Completed,GDPR,IC-363303-C0N6,12/02/2025,2025,2024/25,Q4,11-Feb,14/02/2025,2025,2024/25,Q4,11-Feb,Health,General Practitioner,Beaumont Lodge Medical Practice,Informal action taken,Breach recorded - regulatory action criteria not met,Advice given,No
Completed,GDPR,IC-361613-L0Q7,06/02/2025,2025,2024/25,Q4,11-Feb,14/02/2025,2025,2024/25,Q4,11-Feb,Education and childcare,Private schools,Frewen Educational Trust Limited(The),Informal action taken,Breach recorded - regulatory action criteria not met,Advice given,No
Completed,GDPR,IC-363413-J5Y2,13/02/2025,2025,2024/25,Q4,11-Feb,14/02/2025,2025,2024/25,Q4,11-Feb,Education and childcare,Private schools,Giggleswick Services Limited,Informal action taken,Breach recorded - regulatory action criteria not met,Advice given,Yes
Completed,GDPR,IC-362323-T7Y9,09/02/2025,2025,2024/25,Q4,11-Feb,14/02/2025,2025,2024/25,Q4,11-Feb,Education and childcare,Tutor,Groovestar Music School CIC,Informal action taken,Breach recorded - regulatory action criteria not met,Advice given,No
Completed,GDPR,IC-363199-B8J4,12/02/2025,2025,2024/25,Q4,11-Feb,14/02/2025,2025,2024/25,Q4,11-Feb,Health,Pharmacist,Heybridge Pharma Limited,Informal action taken,Breach recorded - regulatory action criteria not met,Advice given,No
Completed,GDPR,IC-363168-R0Y1,13/02/2025,2025,2024/25,Q4,11-Feb,14/02/2025,2025,2024/25,Q4,11-Feb,Membership association,Industry associations,IRATA International,Informal action taken,Breach recorded - regulatory action criteria not met,Advice given,Yes
Completed,GDPR,IC-363415-J4T5,12/02/2025,2025,2024/25,Q4,11-Feb,14/02/2025,2025,2024/25,Q4,11-Feb,Retail and manufacture,Unassigned,Joe Browns Ltd,Informal action taken,Breach recorded - regulatory action criteria not met,Advice given,No
Completed,GDPR,IC-359979-P8P6,31/01/2025,2025,2024/25,Q4,10-Jan,14/02/2025,2025,2024/25,Q4,11-Feb,Charitable and voluntary,Local charities,Kensington & Chelsea Social Council,Informal action taken,Breach recorded - regulatory action criteria not met,Advice given,No
Completed,GDPR,IC-361416-T1G7,05/02/2025,2025,2024/25,Q4,11-Feb,14/02/2025,2025,2024/25,Q4,11-Feb,Religious,Local charities,Kingston Muslim Association,Informal action taken,Breach recorded - regulatory action criteria not met,Advice given,Don't know
Completed,GDPR,IC-363332-C7Q9,13/02/2025,2025,2024/25,Q4,11-Feb,14/02/2025,2025,2024/25,Q4,11-Feb,Education and childcare,Academy and Free Schools,Learners' Trust,Informal action taken,Breach recorded - regulatory action criteria not met,Advice given,No
Completed,GDPR,IC-361288-C0N4,04/02/2025,2025,2024/25,Q4,11-Feb,14/02/2025,2025,2024/25,Q4,11-Feb,Health,Secondary care,Leeds Community Healthcare NHS Trust,Informal action taken,Breach recorded - regulatory action criteria not met,Advice given,No
Completed,GDPR,IC-363287-X3G2,12/02/2025,2025,2024/25,Q4,11-Feb,14/02/2025,2025,2024/25,Q4,11-Feb,Local government,"Unitary Authority (London Borough, Mets and Councils in Scotland and Wales)",London Borough of Islington,Informal action taken,Breach recorded - regulatory action criteria not met,Advice given,No
Completed,GDPR,IC-353632-R2K6,06/01/2025,2025,2024/25,Q4,10-Jan,14/02/2025,2025,2024/25,Q4,11-Feb,"Finance, insurance and credit",Accountancy and Payroll,MAC Accounting Ltd,Informal action taken,Breach recorded - regulatory action criteria not met,Advice given,Yes
Completed,GDPR,IC-363165-Z5H3,12/02/2025,2025,2024/25,Q4,11-Feb,14/02/2025,2025,2024/25,Q4,11-Feb,Health,Pharmacist,Medexpress Enterprises Ltd ,Informal action taken,Breach recorded - regulatory action criteria not met,Advice given,No
Completed,GDPR,IC-363167-J1Q9,12/02/2025,2025,2024/25,Q4,11-Feb,14/02/2025,2025,2024/25,Q4,11-Feb,Local government,District Council,Mole Valley District Council,Informal action taken,Breach recorded - regulatory action criteria not met,Advice given,No
Completed,GDPR,IC-361783-Q1B1,07/02/2025,2025,2024/25,Q4,11-Feb,14/02/2025,2025,2024/25,Q4,11-Feb,Health,General Practitioner,Moore Street Surgery,Informal action taken,Breach recorded - regulatory action criteria not met,Advice given,No
Completed,GDPR,IC-363275-W9G8,12/02/2025,2025,2024/25,Q4,11-Feb,14/02/2025,2025,2024/25,Q4,11-Feb,Local government,"Parish, community and town councils",NORTHAM TOWN COUNCIL,Informal action taken,Breach recorded - regulatory action criteria not met,Advice given,No
Completed,GDPR,IC-361612-Q9X2,06/02/2025,2025,2024/25,Q4,11-Feb,14/02/2025,2025,2024/25,Q4,11-Feb,Retail and manufacture,Supplier of goods,Openfolde Limited,Informal action taken,Breach recorded - regulatory action criteria not met,Advice given,No
Completed,GDPR,IC-363158-Z2N5,13/02/2025,2025,2024/25,Q4,11-Feb,14/02/2025,2025,2024/25,Q4,11-Feb,General business,Security,Orion Safeguarding Limited,Informal action taken,Breach recorded - regulatory action criteria not met,Advice given,Yes
Completed,GDPR,IC-363409-M2Z4,13/02/2025,2025,2024/25,Q4,11-Feb,14/02/2025,2025,2024/25,Q4,11-Feb,General business,Supplier of services,Precision Colour Printing Ltd,Informal action taken,Breach recorded - regulatory action criteria not met,Advice given,Don't know
Completed,GDPR,IC-362335-B9L0,11/02/2025,2025,2024/25,Q4,11-Feb,14/02/2025,2025,2024/25,Q4,11-Feb,"Finance, insurance and credit",Accountancy and Payroll,Ridge Accountancy & Payroll Services Ltd,Informal action taken,Breach recorded - regulatory action criteria not met,Advice given,Yes
Completed,GDPR,IC-363174-S8P6,12/02/2025,2025,2024/25,Q4,11-Feb,14/02/2025,2025,2024/25,Q4,11-Feb,Charitable and voluntary,National charities,Royal Air Forces Association,Informal action taken,Breach recorded - regulatory action criteria not met,Advice given,No
Completed,GDPR,IC-359033-L2Q1,27/01/2025,2025,2024/25,Q4,10-Jan,14/02/2025,2025,2024/25,Q4,11-Feb,Health,Secondary care,Royal Cornwall Hospitals NHS Trust,Informal action taken,Breach recorded - regulatory action criteria not met,Advice given,No
Completed,GDPR,IC-363311-S5J1,12/02/2025,2025,2024/25,Q4,11-Feb,14/02/2025,2025,2024/25,Q4,11-Feb,Health,Secondary care,South West London & St Georges Mental Health NHS Trust,Informal action taken,Breach recorded - regulatory action criteria not met,Advice given,No
Completed,GDPR,IC-363202-T6Q1,13/02/2025,2025,2024/25,Q4,11-Feb,14/02/2025,2025,2024/25,Q4,11-Feb,Transport and leisure,Bar and restaurant,Stonegate Pub Company Limited,Informal action taken,Breach recorded - regulatory action criteria not met,Advice given,No
Completed,GDPR,IC-362864-H6G0,12/02/2025,2025,2024/25,Q4,11-Feb,14/02/2025,2025,2024/25,Q4,11-Feb,"Finance, insurance and credit",Accountancy and Payroll,Storm Accountancy Services Ltd,Informal action taken,Breach recorded - regulatory action criteria not met,Advice given,Yes
Completed,GDPR,IC-363327-B6X3,12/02/2025,2025,2024/25,Q4,11-Feb,14/02/2025,2025,2024/25,Q4,11-Feb,Land or property services,Housing association,Sutton Housing Society Limited,Informal action taken,Breach recorded - regulatory action criteria not met,Advice given,No
Completed,GDPR,IC-363324-R6Q8,13/02/2025,2025,2024/25,Q4,11-Feb,14/02/2025,2025,2024/25,Q4,11-Feb,Health,General Practitioner,TAVYSIDE HEALTH CENTRE,Informal action taken,Breach recorded - regulatory action criteria not met,Advice given,No
Completed,GDPR,IC-363171-J4H4,12/02/2025,2025,2024/25,Q4,11-Feb,14/02/2025,2025,2024/25,Q4,11-Feb,Education and childcare,Academy and Free Schools,The Gosforth Federated Academies Limited,Informal action taken,Breach recorded - regulatory action criteria not met,Advice given,No
Completed,GDPR,IC-363238-T3T7,12/02/2025,2025,2024/25,Q4,11-Feb,14/02/2025,2025,2024/25,Q4,11-Feb,Local government,"Unitary Authority (London Borough, Mets and Councils in Scotland and Wales)",The Highland Council,Informal action taken,Breach recorded - regulatory action criteria not met,Advice given,No
Completed,GDPR,IC-359336-T6T2,28/01/2025,2025,2024/25,Q4,10-Jan,14/02/2025,2025,2024/25,Q4,11-Feb,Online Technology and Telecoms,Social media,Twitter International Unlimited Company,Informal action taken,Breach recorded - regulatory action criteria not met,Advice given,No
Completed,GDPR,IC-363278-W3H9,12/02/2025,2025,2024/25,Q4,11-Feb,14/02/2025,2025,2024/25,Q4,11-Feb,"Finance, insurance and credit",Financial services and advice,Wealth Solutions (UK) Ltd,Informal action taken,Breach recorded - regulatory action criteria not met,Advice given,No
Completed,GDPR,IC-363213-R0M0,13/02/2025,2025,2024/25,Q4,11-Feb,14/02/2025,2025,2024/25,Q4,11-Feb,Health,Secondary care,West London NHS Trust,Informal action taken,Breach recorded - regulatory action criteria not met,Advice given,No
Completed,GDPR,IC-363247-G1W1,12/02/2025,2025,2024/25,Q4,11-Feb,14/02/2025,2025,2024/25,Q4,11-Feb,Retail and manufacture,Supplier of goods,"Young & Co.'s Brewery, P.L.C.",Informal action taken,Breach recorded - regulatory action criteria not met,Advice given,No
Completed,GDPR,IC-363276-P8M1,12/02/2025,2025,2024/25,Q4,11-Feb,14/02/2025,2025,2024/25,Q4,11-Feb,Retail and manufacture,Manufacturing,Granarolo UK Limited,No Further Action,Breach recorded - regulatory action criteria not met,Unassigned,Yes
Completed,GDPR,IC-363403-T4C6,13/02/2025,2025,2024/25,Q4,11-Feb,14/02/2025,2025,2024/25,Q4,11-Feb,Health,Private Healthcare providers,HCRG Care Group ,No Further Action,Not PDB,Unassigned,Don't know
Completed,GDPR,IC-363279-F7K5,12/02/2025,2025,2024/25,Q4,11-Feb,14/02/2025,2025,2024/25,Q4,11-Feb,Retail and manufacture,Manufacturing,Midland Chilled Foods,No Further Action,Breach recorded - regulatory action criteria not met,Unassigned,Yes
Completed,GDPR,IC-272507-G4F4,22/11/2023,2023,2023/24,Q3,08-Nov,15/02/2025,2025,2024/25,Q4,11-Feb,Land or property services,Housing association,A2 Dominion Housing Group Ltd,Informal action taken,Breach recorded - regulatory action criteria not met,Advice given,Yes
Completed,GDPR,IC-273076-Y9B1,25/11/2023,2023,2023/24,Q3,08-Nov,15/02/2025,2025,2024/25,Q4,11-Feb,Retail and manufacture,Supplier of goods,"Arbonne International, LLC",Informal action taken,Breach recorded - regulatory action criteria not met,Advice given,Yes
Completed,GDPR,IC-337347-T2T9,09/10/2024,2024,2024/25,Q3,07-Oct,15/02/2025,2025,2024/25,Q4,11-Feb,Social care,Residential care,Axis Residential Care Solutions Ltd,Informal action taken,Breach recorded - regulatory action criteria not met,Advice given,No
Completed,GDPR,IC-260876-T2K8,27/09/2023,2023,2023/24,Q2,06-Sep,15/02/2025,2025,2024/25,Q4,11-Feb,Education and childcare,Maintained schools,Ballynahinch Primary School,Informal action taken,Breach recorded - regulatory action criteria not met,Advice given,No
Completed,GDPR,IC-269581-S5H4,09/11/2023,2023,2023/24,Q3,08-Nov,15/02/2025,2025,2024/25,Q4,11-Feb,Health,Secondary care,Blackpool Teaching Hospitals NHS Foundation Trust,Informal action taken,Breach recorded - regulatory action criteria not met,Advice given,No
Completed,GDPR,IC-337359-X2S1,09/10/2024,2024,2024/25,Q3,07-Oct,15/02/2025,2025,2024/25,Q4,11-Feb,Charitable and voluntary,National charities,British Pregnancy Advisory Service (BPAS),Informal action taken,Breach recorded - regulatory action criteria not met,Advice given,No
Completed,GDPR,IC-260534-T2S4,25/09/2023,2023,2023/24,Q2,06-Sep,15/02/2025,2025,2024/25,Q4,11-Feb,Local government,"Unitary Authority (London Borough, Mets and Councils in Scotland and Wales)",Coventry City Council,Informal action taken,Breach recorded - regulatory action criteria not met,Advice given,No
Completed,GDPR,IC-259680-D8J7,21/09/2023,2023,2023/24,Q2,06-Sep,15/02/2025,2025,2024/25,Q4,11-Feb,Health,General Practitioner,Crescent Providence Surgery ,Informal action taken,Breach recorded - regulatory action criteria not met,Advice given,No
Completed,GDPR,IC-260667-Y2K0,26/09/2023,2023,2023/24,Q2,06-Sep,15/02/2025,2025,2024/25,Q4,11-Feb,Transport and leisure,Unassigned,Garden Aspects Ltd,Informal action taken,Breach recorded - regulatory action criteria not met,Advice given,No
Completed,GDPR,IC-265327-C6J8,17/10/2023,2023,2023/24,Q3,07-Oct,15/02/2025,2025,2024/25,Q4,11-Feb,Online Technology and Telecoms,Service providers,Gillespie Manners Search & Selection,Informal action taken,Breach recorded - regulatory action criteria not met,Advice given,Yes
Completed,GDPR,IC-337295-S6J5,09/10/2024,2024,2024/25,Q3,07-Oct,15/02/2025,2025,2024/25,Q4,11-Feb,Local government,"Unitary Authority (London Borough, Mets and Councils in Scotland and Wales)",Halton Borough Council,Informal action taken,Breach recorded - regulatory action criteria not met,Advice given,No
Completed,GDPR,IC-334565-V5D0,27/09/2024,2024,2024/25,Q2,06-Sep,15/02/2025,2025,2024/25,Q4,11-Feb,Local government,County Council,Hampshire County Council,Informal action taken,Breach recorded - regulatory action criteria not met,Advice given,No
Completed,GDPR,IC-261193-N6P8,29/09/2023,2023,2023/24,Q2,06-Sep,15/02/2025,2025,2024/25,Q4,11-Feb,General business,Market Research,Kantar Public UK Limited,Informal action taken,Breach recorded - regulatory action criteria not met,Advice given,No
Completed,GDPR,IC-259002-K5D7,18/09/2023,2023,2023/24,Q2,06-Sep,15/02/2025,2025,2024/25,Q4,11-Feb,Local government,County Council,Kent County Council,Informal action taken,Breach recorded - regulatory action criteria not met,Advice given,No
Completed,GDPR,IC-276971-D9B2,14/12/2023,2023,2023/24,Q3,09-Dec,15/02/2025,2025,2024/25,Q4,11-Feb,Transport and leisure,Accommodation providers,Lazy Waves Boutique B&B,Informal action taken,Breach recorded - regulatory action criteria not met,Advice given,Yes
Completed,GDPR,IC-259043-R5K1,18/09/2023,2023,2023/24,Q2,06-Sep,15/02/2025,2025,2024/25,Q4,11-Feb,Health,Public health,NHS Ayrshire & Arran,Informal action taken,Breach recorded - regulatory action criteria not met,Advice given,No
Completed,GDPR,IC-303065-Z8D9,24/04/2024,2024,2024/25,Q1,01-Apr,15/02/2025,2025,2024/25,Q4,11-Feb,Health,Health research,Prime Medica Limited ,Informal action taken,Breach recorded - regulatory action criteria not met,Advice given,No
Completed,GDPR,IC-275772-C8J3,07/12/2023,2023,2023/24,Q3,09-Dec,15/02/2025,2025,2024/25,Q4,11-Feb,Land or property services,Unassigned,The British Land Company PLC,Informal action taken,Breach recorded - regulatory action criteria not met,Advice given,Yes
Completed,GDPR,IC-256813-V1S6,08/09/2023,2023,2023/24,Q2,06-Sep,15/02/2025,2025,2024/25,Q4,11-Feb,Health,Secondary care,The Dudley Group NHS Foundation Trust,Informal action taken,Breach recorded - regulatory action criteria not met,Advice given,No
Completed,GDPR,IC-260921-G6Z7,28/09/2023,2023,2023/24,Q2,06-Sep,15/02/2025,2025,2024/25,Q4,11-Feb,"Finance, insurance and credit",Financial services and advice,The Phoenix Group,Informal action taken,Breach recorded - regulatory action criteria not met,Advice given,No
Completed,GDPR,IC-262744-K2N7,05/10/2023,2023,2023/24,Q3,07-Oct,15/02/2025,2025,2024/25,Q4,11-Feb,Education and childcare,Tutor,The Savvy Educational Academy Ltd,Informal action taken,Breach recorded - regulatory action criteria not met,Advice given,Don't know
Completed,GDPR,IC-261132-M4Q0,28/09/2023,2023,2023/24,Q2,06-Sep,15/02/2025,2025,2024/25,Q4,11-Feb,Transport and leisure,Entertainment providers,The Stunt Register Ltd,Informal action taken,Breach recorded - regulatory action criteria not met,Advice given,No
Completed,GDPR,IC-265426-X9V8,20/10/2023,2023,2023/24,Q3,07-Oct,15/02/2025,2025,2024/25,Q4,11-Feb,Online Technology and Telecoms,Unassigned,Vendigital Limited,Informal action taken,Breach recorded - regulatory action criteria not met,Advice given,Yes
Completed,GDPR,IC-265688-N2X8,19/10/2023,2023,2023/24,Q3,07-Oct,15/02/2025,2025,2024/25,Q4,11-Feb,"Finance, insurance and credit",Insurance,The Royal London Mutual Insurance Society Limited,No Further Action,Not PDB,Unassigned,Yes
Completed,GDPR,IC-337840-V5J2,11/10/2024,2024,2024/25,Q3,07-Oct,16/02/2025,2025,2024/25,Q4,11-Feb,Education and childcare,Academy and Free Schools,Acorn Care And Education Limited,Informal action taken,Breach recorded - regulatory action criteria not met,Advice given,No
Completed,GDPR,IC-276517-K5T5,12/12/2023,2023,2023/24,Q3,09-Dec,16/02/2025,2025,2024/25,Q4,11-Feb,Education and childcare,Childminders,Anon DC,Informal action taken,Breach recorded - regulatory action criteria not met,Advice given,Yes
Completed,GDPR,IC-338997-L8V6,17/10/2024,2024,2024/25,Q3,07-Oct,16/02/2025,2025,2024/25,Q4,11-Feb,"Finance, insurance and credit",Insolvency Practitioners,Anon DC,Informal action taken,Breach recorded - regulatory action criteria not met,Advice given,No
Completed,GDPR,IC-338229-Q0T1,11/10/2024,2024,2024/25,Q3,07-Oct,16/02/2025,2025,2024/25,Q4,11-Feb,"Finance, insurance and credit",Financial services and advice,Atlanta Insurance Intermediaries Limited,Informal action taken,Breach recorded - regulatory action criteria not met,Advice given,No
Completed,GDPR,IC-337380-T5D9,09/10/2024,2024,2024/25,Q3,07-Oct,16/02/2025,2025,2024/25,Q4,11-Feb,Education and childcare,"Nursery, playgroups and After School club",Baby Bears Day Care Limited,Informal action taken,Breach recorded - regulatory action criteria not met,Advice given,No
Completed,GDPR,IC-339211-N2H8,18/10/2024,2024,2024/25,Q3,07-Oct,16/02/2025,2025,2024/25,Q4,11-Feb,Justice,Police Forces,Chief Constable Cambridgeshire Constabulary,Informal action taken,Breach recorded - regulatory action criteria not met,Advice given,No
Completed,GDPR,IC-338779-R2V4,15/10/2024,2024,2024/25,Q3,07-Oct,16/02/2025,2025,2024/25,Q4,11-Feb,Local government,District Council,Chorley Borough Council,Informal action taken,Breach recorded - regulatory action criteria not met,Advice given,No
Completed,GDPR,IC-338219-J3K2,11/10/2024,2024,2024/25,Q3,07-Oct,16/02/2025,2025,2024/25,Q4,11-Feb,Legal,Court Advocate,Crown Office and Procurator Fiscal Service,Informal action taken,Breach recorded - regulatory action criteria not met,Advice given,No
Completed,GDPR,IC-339547-N1B5,18/10/2024,2024,2024/25,Q3,07-Oct,16/02/2025,2025,2024/25,Q4,11-Feb,Social care,Domiciliary care,Eden Supported Living Limited,Informal action taken,Breach recorded - regulatory action criteria not met,Advice given,No
Completed,GDPR,IC-339216-K2V0,18/10/2024,2024,2024/25,Q3,07-Oct,16/02/2025,2025,2024/25,Q4,11-Feb,Local government,City Council,Hull City Council,Informal action taken,Breach recorded - regulatory action criteria not met,Advice given,No
Completed,GDPR,IC-338733-Z6W0,15/10/2024,2024,2024/25,Q3,07-Oct,16/02/2025,2025,2024/25,Q4,11-Feb,Local government,County Council,Kent County Council,Informal action taken,Breach recorded - regulatory action criteria not met,Advice given,No
Completed,GDPR,IC-339732-Q5M6,21/10/2024,2024,2024/25,Q3,07-Oct,16/02/2025,2025,2024/25,Q4,11-Feb,Health,Pharmacist,L Rowland and Co (Retail) LTD,Informal action taken,Breach recorded - regulatory action criteria not met,Advice given,No
Completed,GDPR,IC-339455-X4X8,18/10/2024,2024,2024/25,Q3,07-Oct,16/02/2025,2025,2024/25,Q4,11-Feb,Education and childcare,Academy and Free Schools,Leathersellers' Federation Of Schools,Informal action taken,Breach recorded - regulatory action criteria not met,Advice given,No
Completed,GDPR,IC-276308-D9Q2,10/12/2023,2023,2023/24,Q3,09-Dec,16/02/2025,2025,2024/25,Q4,11-Feb,Legal,Legal professionals,MEDIATION RESOLUTION,Informal action taken,Breach recorded - regulatory action criteria not met,Advice given,Yes
Completed,GDPR,IC-339047-B4W4,17/10/2024,2024,2024/25,Q3,07-Oct,16/02/2025,2025,2024/25,Q4,11-Feb,Education and childcare,Academy and Free Schools,Meridian Trust,Informal action taken,Breach recorded - regulatory action criteria not met,Advice given,No
Completed,GDPR,IC-339947-L6D9,22/10/2024,2024,2024/25,Q3,07-Oct,16/02/2025,2025,2024/25,Q4,11-Feb,Legal,Legal professionals,MI Banks Solicitors,Informal action taken,Breach recorded - regulatory action criteria not met,Advice given,No
Completed,GDPR,IC-338158-Q5L7,11/10/2024,2024,2024/25,Q3,07-Oct,16/02/2025,2025,2024/25,Q4,11-Feb,Social care,Residential care,Millennium Care (U.K.) Limited,Informal action taken,Breach recorded - regulatory action criteria not met,Advice given,No
Completed,GDPR,IC-340470-Z5D3,25/10/2024,2024,2024/25,Q3,07-Oct,16/02/2025,2025,2024/25,Q4,11-Feb,Local government,"Unitary Authority (London Borough, Mets and Councils in Scotland and Wales)",Monmouthshire County Council,Informal action taken,Breach recorded - regulatory action criteria not met,Advice given,No
Completed,GDPR,IC-339531-T9M0,18/10/2024,2024,2024/25,Q3,07-Oct,16/02/2025,2025,2024/25,Q4,11-Feb,"Finance, insurance and credit",Banks and Building Societies,National Westminster Bank PLC,Informal action taken,Breach recorded - regulatory action criteria not met,Advice given,No
Completed,GDPR,IC-319384-H6Y3,10/07/2024,2024,2024/25,Q2,04-Jul,16/02/2025,2025,2024/25,Q4,11-Feb,"Finance, insurance and credit",Banks and Building Societies,Nottingham Building Society,Informal action taken,Breach recorded - regulatory action criteria not met,Advice given,No
Completed,GDPR,IC-339080-H0V3,17/10/2024,2024,2024/25,Q3,07-Oct,16/02/2025,2025,2024/25,Q4,11-Feb,Charitable and voluntary,Local charities,Rookie Rockstars,Informal action taken,Breach recorded - regulatory action criteria not met,Advice given,No
Completed,GDPR,IC-339069-T5P1,17/10/2024,2024,2024/25,Q3,07-Oct,16/02/2025,2025,2024/25,Q4,11-Feb,Health,General Practitioner,Shay Lane Medical Centre,Informal action taken,Breach recorded - regulatory action criteria not met,Advice given,No
Completed,GDPR,IC-338012-J9V0,11/10/2024,2024,2024/25,Q3,07-Oct,16/02/2025,2025,2024/25,Q4,11-Feb,Education and childcare,Academy and Free Schools,Smart Multi Academy Trust,Informal action taken,Breach recorded - regulatory action criteria not met,Advice given,No
Completed,GDPR,IC-339173-X3V6,17/10/2024,2024,2024/25,Q3,07-Oct,16/02/2025,2025,2024/25,Q4,11-Feb,Health,Primary care,Social Care Wales,Informal action taken,Breach recorded - regulatory action criteria not met,Advice given,No
Completed,GDPR,IC-339777-F8J4,21/10/2024,2024,2024/25,Q3,07-Oct,16/02/2025,2025,2024/25,Q4,11-Feb,Education and childcare,Academy and Free Schools,St Mary’s Catholic High School Academy ,Informal action taken,Breach recorded - regulatory action criteria not met,Advice given,No
Completed,GDPR,IC-338682-N5Z9,15/10/2024,2024,2024/25,Q3,07-Oct,16/02/2025,2025,2024/25,Q4,11-Feb,Charitable and voluntary,Local charities,Thames Reach Charity,Informal action taken,Breach recorded - regulatory action criteria not met,Advice given,No
Completed,GDPR,IC-337466-P5B6,09/10/2024,2024,2024/25,Q3,07-Oct,16/02/2025,2025,2024/25,Q4,11-Feb,Health,General Practitioner,The Bassingham Surgery,Informal action taken,Breach recorded - regulatory action criteria not met,Advice given,No
Completed,GDPR,IC-338232-H7J9,11/10/2024,2024,2024/25,Q3,07-Oct,16/02/2025,2025,2024/25,Q4,11-Feb,Charitable and voluntary,National charities,The Nurture Group Network,Informal action taken,Breach recorded - regulatory action criteria not met,Advice given,No
Completed,GDPR,IC-337815-H7D8,11/10/2024,2024,2024/25,Q3,07-Oct,16/02/2025,2025,2024/25,Q4,11-Feb,Membership association,Higher education,Warwick Students Union,Informal action taken,Breach recorded - regulatory action criteria not met,Advice given,No
Completed,GDPR,IC-340386-F8H9,24/10/2024,2024,2024/25,Q3,07-Oct,16/02/2025,2025,2024/25,Q4,11-Feb,Local government,"Unitary Authority (London Borough, Mets and Councils in Scotland and Wales)",Western Isles Council,Informal action taken,Breach recorded - regulatory action criteria not met,Advice given,No
Completed,GDPR,IC-338866-Q8T0,16/10/2024,2024,2024/25,Q3,07-Oct,16/02/2025,2025,2024/25,Q4,11-Feb,Legal,Legal professionals,Wheldon Law,Informal action taken,Breach recorded - regulatory action criteria not met,Advice given,No
Completed,GDPR,IC-338509-G6Z4,14/10/2024,2024,2024/25,Q3,07-Oct,16/02/2025,2025,2024/25,Q4,11-Feb,Retail and manufacture,Supplier of services,Yate Vets4Pets Limited,Informal action taken,Breach recorded - regulatory action criteria not met,Advice given,No
Completed,GDPR,IC-363737-X8Y9,14/02/2025,2025,2024/25,Q4,11-Feb,17/02/2025,2025,2024/25,Q4,11-Feb,Retail and manufacture,Supplier of goods,Anon DC,Informal action taken,Breach recorded - regulatory action criteria not met,Advice given,No
Completed,GDPR,IC-363479-L6D9,13/02/2025,2025,2024/25,Q4,11-Feb,17/02/2025,2025,2024/25,Q4,11-Feb,Education and childcare,Maintained schools,Aurora Meldreth Manor School,Informal action taken,Breach recorded - regulatory action criteria not met,Advice given,No
Completed,GDPR,IC-363429-Z2W3,13/02/2025,2025,2024/25,Q4,11-Feb,17/02/2025,2025,2024/25,Q4,11-Feb,Social care,Residential care,Brandon Trust,Informal action taken,Breach recorded - regulatory action criteria not met,Advice given,No
Completed,GDPR,IC-362900-S9T9,11/02/2025,2025,2024/25,Q4,11-Feb,17/02/2025,2025,2024/25,Q4,11-Feb,Justice,Police Forces,Chief Constable Commissioner for the Metropolis (Metropolitan Police Service),Informal action taken,Breach recorded - regulatory action criteria not met,Advice given,No
Completed,GDPR,IC-363456-B7Z6,13/02/2025,2025,2024/25,Q4,11-Feb,17/02/2025,2025,2024/25,Q4,11-Feb,Justice,Police Forces,Chief Constable Derbyshire Constabulary,Informal action taken,Breach recorded - regulatory action criteria not met,Advice given,No
Completed,GDPR,IC-363440-B7M6,13/02/2025,2025,2024/25,Q4,11-Feb,17/02/2025,2025,2024/25,Q4,11-Feb,Education and childcare,Academy and Free Schools,Co-op Academies Trust,Informal action taken,Breach recorded - regulatory action criteria not met,Advice given,No
Completed,GDPR,IC-363451-P3Z6,13/02/2025,2025,2024/25,Q4,11-Feb,17/02/2025,2025,2024/25,Q4,11-Feb,Local government,"Unitary Authority (London Borough, Mets and Councils in Scotland and Wales)",East Lothian Council,Informal action taken,Breach recorded - regulatory action criteria not met,Advice given,No
Completed,GDPR,IC-363470-D1T7,13/02/2025,2025,2024/25,Q4,11-Feb,17/02/2025,2025,2024/25,Q4,11-Feb,Retail and manufacture,Unassigned,Empowering Tech Limited,Informal action taken,Breach recorded - regulatory action criteria not met,Advice given,No
Completed,GDPR,IC-363722-X8T5,13/02/2025,2025,2024/25,Q4,11-Feb,17/02/2025,2025,2024/25,Q4,11-Feb,"Finance, insurance and credit",Financial services and advice,Franklin Templeton Fund Management Limited,Informal action taken,Breach recorded - regulatory action criteria not met,Advice given,No
Completed,GDPR,IC-363728-F6D3,14/02/2025,2025,2024/25,Q4,11-Feb,17/02/2025,2025,2024/25,Q4,11-Feb,Local government,"Unitary Authority (London Borough, Mets and Councils in Scotland and Wales)",Gateshead Metropolitan Borough Council,Informal action taken,Breach recorded - regulatory action criteria not met,Advice given,No
Completed,GDPR,IC-363678-D9F2,13/02/2025,2025,2024/25,Q4,11-Feb,17/02/2025,2025,2024/25,Q4,11-Feb,Local government,District Council,Great Yarmouth Borough Council,Informal action taken,Breach recorded - regulatory action criteria not met,Advice given,No
Completed,GDPR,IC-363461-P1P4,13/02/2025,2025,2024/25,Q4,11-Feb,17/02/2025,2025,2024/25,Q4,11-Feb,Local government,District Council,Greater Manchester Combined Authority,Informal action taken,Breach recorded - regulatory action criteria not met,Advice given,No
Completed,GDPR,IC-363436-J1H6,13/02/2025,2025,2024/25,Q4,11-Feb,17/02/2025,2025,2024/25,Q4,11-Feb,Education and childcare,Private schools,Highclare School,Informal action taken,Breach recorded - regulatory action criteria not met,Advice given,No
Completed,GDPR,IC-363432-P1V2,13/02/2025,2025,2024/25,Q4,11-Feb,17/02/2025,2025,2024/25,Q4,11-Feb,Transport and leisure,Accommodation providers,Highley Manor Venue Ltd,Informal action taken,Breach recorded - regulatory action criteria not met,Advice given,No
Completed,GDPR,IC-363542-Z0W3,13/02/2025,2025,2024/25,Q4,11-Feb,17/02/2025,2025,2024/25,Q4,11-Feb,Retail and manufacture,Supplier of goods,Howden Joinery Limited,Informal action taken,Breach recorded - regulatory action criteria not met,Advice given,No
Completed,GDPR,IC-363699-X7R1,13/02/2025,2025,2024/25,Q4,11-Feb,17/02/2025,2025,2024/25,Q4,11-Feb,Legal,Legal professionals,Hugh James Solicitors,Informal action taken,Breach recorded - regulatory action criteria not met,Advice given,No
Completed,GDPR,IC-363677-F6N3,13/02/2025,2025,2024/25,Q4,11-Feb,17/02/2025,2025,2024/25,Q4,11-Feb,Local government,City Council,Hull City Council,Informal action taken,Breach recorded - regulatory action criteria not met,Advice given,No
Completed,GDPR,IC-363426-J4Z2,13/02/2025,2025,2024/25,Q4,11-Feb,17/02/2025,2025,2024/25,Q4,11-Feb,Education and childcare,Higher education,John Leggott College,Informal action taken,Breach recorded - regulatory action criteria not met,Advice given,No
Completed,DPA 98,IC-358167-M3N5,23/01/2025,2025,2024/25,Q4,10-Jan,17/02/2025,2025,2024/25,Q4,11-Feb,Health,Secondary care,Kent and Medway NHS Social Care Partnership Trust,Informal action taken,Breach recorded - regulatory action criteria not met,Advice given,No
Completed,GDPR,IC-363616-Q3R7,13/02/2025,2025,2024/25,Q4,11-Feb,17/02/2025,2025,2024/25,Q4,11-Feb,Education and childcare,Academy and Free Schools,Kingsley Learning Foundation,Informal action taken,Breach recorded - regulatory action criteria not met,Advice given,No
Completed,GDPR,IC-363322-C5Y5,12/02/2025,2025,2024/25,Q4,11-Feb,17/02/2025,2025,2024/25,Q4,11-Feb,Education and childcare,Further education,LTE Group,Informal action taken,Breach recorded - regulatory action criteria not met,Advice given,No
Completed,GDPR,IC-363455-R6Q6,13/02/2025,2025,2024/25,Q4,11-Feb,17/02/2025,2025,2024/25,Q4,11-Feb,Charitable and voluntary,Local charities,North East Wellbeing,Informal action taken,Breach recorded - regulatory action criteria not met,Advice given,No
Completed,GDPR,IC-363517-M2R4,13/02/2025,2025,2024/25,Q4,11-Feb,17/02/2025,2025,2024/25,Q4,11-Feb,Health,General Practitioner,Otford Medical Practice,Informal action taken,Breach recorded - regulatory action criteria not met,Advice given,No
Completed,GDPR,IC-363576-B9K0,13/02/2025,2025,2024/25,Q4,11-Feb,17/02/2025,2025,2024/25,Q4,11-Feb,Marketing,Marketing providers,Please Hold (UK) Limited,Informal action taken,Breach recorded - regulatory action criteria not met,Advice given,No
Completed,GDPR,IC-363694-J4Z8,13/02/2025,2025,2024/25,Q4,11-Feb,17/02/2025,2025,2024/25,Q4,11-Feb,Health,General Practitioner,Portslade Health Centre Medical Practice,Informal action taken,Breach recorded - regulatory action criteria not met,Advice given,No
Completed,GDPR,IC-363668-X0P4,13/02/2025,2025,2024/25,Q4,11-Feb,17/02/2025,2025,2024/25,Q4,11-Feb,Health,Secondary care,Royal Devon University Healthcare NHS Foundation Trust,Informal action taken,Breach recorded - regulatory action criteria not met,Advice given,No
Completed,GDPR,IC-363532-T8D9,13/02/2025,2025,2024/25,Q4,11-Feb,17/02/2025,2025,2024/25,Q4,11-Feb,Transport and leisure,Passenger transport,Siemens Mobility Limited,Informal action taken,Breach recorded - regulatory action criteria not met,Advice given,No
Completed,GDPR,IC-363431-B2Q6,13/02/2025,2025,2024/25,Q4,11-Feb,17/02/2025,2025,2024/25,Q4,11-Feb,Education and childcare,Higher education,Swansea University,Informal action taken,Breach recorded - regulatory action criteria not met,Advice given,No
Completed,GDPR,IC-363558-R6W6,13/02/2025,2025,2024/25,Q4,11-Feb,17/02/2025,2025,2024/25,Q4,11-Feb,Health,Unassigned,The Agora Gynaecology and Fertility Clinic,Informal action taken,Breach recorded - regulatory action criteria not met,Advice given,No
Completed,GDPR,IC-363439-X1R1,13/02/2025,2025,2024/25,Q4,11-Feb,17/02/2025,2025,2024/25,Q4,11-Feb,Education and childcare,Higher education,University of Kent,Informal action taken,Breach recorded - regulatory action criteria not met,Advice given,No
Completed,GDPR,IC-363721-Y8G1,13/02/2025,2025,2024/25,Q4,11-Feb,17/02/2025,2025,2024/25,Q4,11-Feb,Health,Healthcare and pharmaceuticals,Virginia Campbell Nursing,Informal action taken,Breach recorded - regulatory action criteria not met,Advice given,No
Completed,GDPR,IC-363427-M0T2,13/02/2025,2025,2024/25,Q4,11-Feb,17/02/2025,2025,2024/25,Q4,11-Feb,Education and childcare,Academy and Free Schools,XP School Trust Limited,Informal action taken,Breach recorded - regulatory action criteria not met,Advice given,No
Completed,GDPR,IC-363605-J5Q1,13/02/2025,2025,2024/25,Q4,11-Feb,17/02/2025,2025,2024/25,Q4,11-Feb,Retail and manufacture,Supplier of services,Yorkshire In Business Ltd,Informal action taken,Breach recorded - regulatory action criteria not met,Advice given,No
Completed,GDPR,IC-363711-N1Z9,13/02/2025,2025,2024/25,Q4,11-Feb,17/02/2025,2025,2024/25,Q4,11-Feb,"Finance, insurance and credit",Accountancy and Payroll,C & L Associates UK Limited,No Further Action,Not PDB,Unassigned,No
Completed,GDPR,IC-353564-Q6P3,03/01/2025,2025,2024/25,Q4,10-Jan,17/02/2025,2025,2024/25,Q4,11-Feb,Land or property services,Housing association,Castlehill Housing Association Limited,No Further Action,Breach recorded - regulatory action criteria not met,Unassigned,Yes
Completed,GDPR,IC-362893-H7C4,12/02/2025,2025,2024/25,Q4,11-Feb,18/02/2025,2025,2024/25,Q4,11-Feb,Education and childcare,Unassigned,5 Dimensions Trust,Informal action taken,Breach recorded - regulatory action criteria not met,Advice given,No
Completed,GDPR,IC-354837-N0S3,10/01/2025,2025,2024/25,Q4,10-Jan,18/02/2025,2025,2024/25,Q4,11-Feb,Education and childcare,Maintained schools,Abbot's Lea Special School,Informal action taken,Breach recorded - regulatory action criteria not met,Advice given,Yes
Completed,GDPR,IC-363802-V2B7,17/02/2025,2025,2024/25,Q4,11-Feb,18/02/2025,2025,2024/25,Q4,11-Feb,Marketing,Marketing providers,Agent3 Limited,Informal action taken,Breach recorded - regulatory action criteria not met,Advice given,Yes
Completed,GDPR,IC-358291-N3V4,23/01/2025,2025,2024/25,Q4,10-Jan,18/02/2025,2025,2024/25,Q4,11-Feb,Education and childcare,Childminders,Benets Bambinos Ltd,Informal action taken,Breach recorded - regulatory action criteria not met,Advice given,Yes
Completed,GDPR,IC-363973-N6S8,14/02/2025,2025,2024/25,Q4,11-Feb,18/02/2025,2025,2024/25,Q4,11-Feb,Health,General Practitioner,Bermondsey Spa Medical Practice,Informal action taken,Breach recorded - regulatory action criteria not met,Advice given,No
Completed,GDPR,IC-361439-Q5H7,05/02/2025,2025,2024/25,Q4,11-Feb,18/02/2025,2025,2024/25,Q4,11-Feb,Retail and manufacture,Manufacturing,Camberley Group PLC,Informal action taken,Breach recorded - regulatory action criteria not met,Advice given,Yes
Completed,GDPR,IC-364047-Q5F8,14/02/2025,2025,2024/25,Q4,11-Feb,18/02/2025,2025,2024/25,Q4,11-Feb,Health,Secondary care,Dartford and Gravesham NHS Trust,Informal action taken,Breach recorded - regulatory action criteria not met,Advice given,No
Completed,GDPR,IC-261922-F3Y8,01/10/2023,2023,2023/24,Q3,07-Oct,18/02/2025,2025,2024/25,Q4,11-Feb,Education and childcare,Training Company,Direct Assurance Training Ltd,Informal action taken,Breach recorded - regulatory action criteria not met,Advice given,Don't know
Completed,GDPR,IC-361311-W0Y4,05/02/2025,2025,2024/25,Q4,11-Feb,18/02/2025,2025,2024/25,Q4,11-Feb,Education and childcare,Academy and Free Schools,Dragon School Trust Limited,Informal action taken,Breach recorded - regulatory action criteria not met,Advice given,Yes
Completed,GDPR,IC-363902-Q4N8,14/02/2025,2025,2024/25,Q4,11-Feb,18/02/2025,2025,2024/25,Q4,11-Feb,Retail and manufacture,Manufacturing,FIC (UK) Limited,Informal action taken,Breach recorded - regulatory action criteria not met,Advice given,Yes
Completed,GDPR,IC-363797-S6F7,17/02/2025,2025,2024/25,Q4,11-Feb,18/02/2025,2025,2024/25,Q4,11-Feb,"Finance, insurance and credit",Financial services and advice,Forth Capital Advisers LTD,Informal action taken,Breach recorded - regulatory action criteria not met,Advice given,Yes
Completed,GDPR,IC-358194-Y5B6,23/01/2025,2025,2024/25,Q4,10-Jan,18/02/2025,2025,2024/25,Q4,11-Feb,Education and childcare,Academy and Free Schools,Fulwood Academy,Informal action taken,Breach recorded - regulatory action criteria not met,Advice given,No
Completed,GDPR,IC-361942-J9P7,07/02/2025,2025,2024/25,Q4,11-Feb,18/02/2025,2025,2024/25,Q4,11-Feb,Charitable and voluntary,Local charities,Generate Opportunities Ltd,Informal action taken,Breach recorded - regulatory action criteria not met,Advice given,No
Completed,GDPR,IC-363823-F3V0,17/02/2025,2025,2024/25,Q4,11-Feb,18/02/2025,2025,2024/25,Q4,11-Feb,Utilities,Utility companies,Green Energy Uk Plc,Informal action taken,Breach recorded - regulatory action criteria not met,Advice given,Yes
Completed,GDPR,IC-363042-H2L6,12/02/2025,2025,2024/25,Q4,11-Feb,18/02/2025,2025,2024/25,Q4,11-Feb,"Finance, insurance and credit",Credit intermediaries,Harvey & Thompson Limited,Informal action taken,Breach recorded - regulatory action criteria not met,Advice given,No
Completed,GDPR,IC-363981-W3P0,14/02/2025,2025,2024/25,Q4,11-Feb,18/02/2025,2025,2024/25,Q4,11-Feb,Charitable and voluntary,Local charities,Kirkcaldy Foodbank,Informal action taken,Breach recorded - regulatory action criteria not met,Advice given,No
Completed,Hybrid,IC-358404-Q4C1,24/01/2025,2025,2024/25,Q4,10-Jan,18/02/2025,2025,2024/25,Q4,11-Feb,Local government,County Council,Lincolnshire County Council,Informal action taken,Breach recorded - regulatory action criteria not met,Advice given,No
Completed,GDPR,IC-363955-N1C6,18/02/2025,2025,2024/25,Q4,11-Feb,18/02/2025,2025,2024/25,Q4,11-Feb,Land or property services,Estate agency / letting agency,Platform Nine 2025 Ltd,Informal action taken,Breach recorded - regulatory action criteria not met,Advice given,No
Completed,GDPR,IC-256956-Z4Q0,08/09/2023,2023,2023/24,Q2,06-Sep,18/02/2025,2025,2024/25,Q4,11-Feb,Health,Healthcare and pharmaceuticals,Regeneron UK Limited,Informal action taken,Breach recorded - regulatory action criteria not met,Advice given,No
Completed,GDPR,IC-363852-D6K8,14/02/2025,2025,2024/25,Q4,11-Feb,18/02/2025,2025,2024/25,Q4,11-Feb,Retail and manufacture,Supplier of services,Rud Pedersen UK Ltd,Informal action taken,Breach recorded - regulatory action criteria not met,Advice given,Yes
Completed,GDPR,IC-363925-C7L9,14/02/2025,2025,2024/25,Q4,11-Feb,18/02/2025,2025,2024/25,Q4,11-Feb,"Finance, insurance and credit",Financial services and advice,St James's Place Wealth Management,Informal action taken,Breach recorded - regulatory action criteria not met,Advice given,No
Completed,GDPR,IC-364031-Y2J4,14/02/2025,2025,2024/25,Q4,11-Feb,18/02/2025,2025,2024/25,Q4,11-Feb,Education and childcare,Academy and Free Schools,The Alliance Multi-Academy Trust (TAMAT),Informal action taken,Breach recorded - regulatory action criteria not met,Advice given,No
Completed,GDPR,IC-363895-H7B6,14/02/2025,2025,2024/25,Q4,11-Feb,18/02/2025,2025,2024/25,Q4,11-Feb,Education and childcare,Academy and Free Schools,The Chester Catholic Academies Partnership,Informal action taken,Breach recorded - regulatory action criteria not met,Advice given,No
Completed,GDPR,IC-361204-L8L2,06/02/2025,2025,2024/25,Q4,11-Feb,18/02/2025,2025,2024/25,Q4,11-Feb,Health,Unassigned,The Haider Practice ,Informal action taken,Breach recorded - regulatory action criteria not met,Advice given,No
Completed,GDPR,IC-304810-S4H3,03/05/2024,2024,2024/25,Q1,02-May,18/02/2025,2025,2024/25,Q4,11-Feb,Health,Secondary care,The Nottingham University Hospitals NHS Trust,Informal action taken,Breach recorded - regulatory action criteria not met,Advice given,No
Completed,GDPR,IC-363057-W4G0,12/02/2025,2025,2024/25,Q4,11-Feb,18/02/2025,2025,2024/25,Q4,11-Feb,Health,General Practitioner,The Phoenix Practice,Informal action taken,Breach recorded - regulatory action criteria not met,Advice given,No
Completed,Hybrid,IC-361652-V7R5,07/02/2025,2025,2024/25,Q4,11-Feb,18/02/2025,2025,2024/25,Q4,11-Feb,Membership association,Clubs,The Siege Project ,Informal action taken,Breach recorded - regulatory action criteria not met,Advice given,Don't know
Completed,GDPR,IC-363941-T2K3,14/02/2025,2025,2024/25,Q4,11-Feb,18/02/2025,2025,2024/25,Q4,11-Feb,Legal,Legal professionals,Thp Solicitors Limited,Informal action taken,Breach recorded - regulatory action criteria not met,Advice given,No
Completed,GDPR,IC-363810-B3W5,14/02/2025,2025,2024/25,Q4,11-Feb,18/02/2025,2025,2024/25,Q4,11-Feb,"Finance, insurance and credit",Unassigned,UBP Private Debt ICAV,Informal action taken,Breach recorded - regulatory action criteria not met,Advice given,No
Completed,GDPR,IC-354853-B8V1,10/01/2025,2025,2024/25,Q4,10-Jan,18/02/2025,2025,2024/25,Q4,11-Feb,Health,Secondary care,United Lincolnshire Hospitals NHS Trust,Informal action taken,Breach recorded - regulatory action criteria not met,Advice given,No
Completed,GDPR,IC-363874-F2Q3,14/02/2025,2025,2024/25,Q4,11-Feb,18/02/2025,2025,2024/25,Q4,11-Feb,Land or property services,Building and property construction,Vertex Displays Limited,Informal action taken,Breach recorded - regulatory action criteria not met,Advice given,No
Completed,GDPR,IC-363812-K7M8,14/02/2025,2025,2024/25,Q4,11-Feb,18/02/2025,2025,2024/25,Q4,11-Feb,Education and childcare,Unassigned,Walmley Infant School,Informal action taken,Breach recorded - regulatory action criteria not met,Advice given,No
Completed,GDPR,IC-363970-R5Q0,14/02/2025,2025,2024/25,Q4,11-Feb,18/02/2025,2025,2024/25,Q4,11-Feb,Health,General Practitioner,Westongrove PMS Partnership ,Informal action taken,Breach recorded - regulatory action criteria not met,Advice given,No
Completed,GDPR,IC-362883-Z1G0,12/02/2025,2025,2024/25,Q4,11-Feb,18/02/2025,2025,2024/25,Q4,11-Feb,Education and childcare,Maintained schools,YARDLEYS SCHOOL,Informal action taken,Breach recorded - regulatory action criteria not met,Advice given,No
Completed,GDPR,IC-357908-K6G6,22/01/2025,2025,2024/25,Q4,10-Jan,18/02/2025,2025,2024/25,Q4,11-Feb,Education and childcare,Maintained schools,Blacon High School,No Further Action,Breach recorded - regulatory action criteria not met,Unassigned,Yes
Completed,GDPR,IC-363516-W7F3,12/02/2025,2025,2024/25,Q4,11-Feb,18/02/2025,2025,2024/25,Q4,11-Feb,General business,Supplier of services,Control Risks Group Ltd,No Further Action,Breach recorded - regulatory action criteria not met,Unassigned,Yes
Completed,GDPR,IC-363688-S1N8,14/02/2025,2025,2024/25,Q4,11-Feb,18/02/2025,2025,2024/25,Q4,11-Feb,"Finance, insurance and credit",Financial services and advice,Creative Sector Services CIC,No Further Action,Breach recorded - regulatory action criteria not met,Unassigned,Yes
Completed,GDPR,IC-356680-H3N0,19/01/2025,2025,2024/25,Q4,10-Jan,18/02/2025,2025,2024/25,Q4,11-Feb,"Finance, insurance and credit",Financial services and advice,Insight Venture Management Uk Limited,No Further Action,Breach recorded - regulatory action criteria not met,Unassigned,Yes
Completed,GDPR,IC-363434-Z0X9,13/02/2025,2025,2024/25,Q4,11-Feb,18/02/2025,2025,2024/25,Q4,11-Feb,General business,Business advice and consultancy,WMG Management Europe Ltd,No Further Action,Breach recorded - regulatory action criteria not met,Unassigned,Yes
Completed,GDPR,IC-363471-N8S8,13/02/2025,2025,2024/25,Q4,11-Feb,18/02/2025,2025,2024/25,Q4,11-Feb,Local government,"Unitary Authority (London Borough, Mets and Councils in Scotland and Wales)",Wrexham County Borough Council,No Further Action,Breach recorded - regulatory action criteria not met,Unassigned,Yes
Completed,GDPR,IC-364085-Z7N0,14/02/2025,2025,2024/25,Q4,11-Feb,19/02/2025,2025,2024/25,Q4,11-Feb,Charitable and voluntary,Local charities,AGE CONCERN BROMLEY,Informal action taken,Breach recorded - regulatory action criteria not met,Advice given,No
Completed,GDPR,IC-363460-M8R9,13/02/2025,2025,2024/25,Q4,11-Feb,19/02/2025,2025,2024/25,Q4,11-Feb,Social care,Residential care,Anavo Care (Surbiton) Limited,Informal action taken,Breach recorded - regulatory action criteria not met,Advice given,No
Completed,GDPR,IC-363787-P4Z9,17/02/2025,2025,2024/25,Q4,11-Feb,19/02/2025,2025,2024/25,Q4,11-Feb,"Finance, insurance and credit",Accountancy and Payroll,Anon DC,Informal action taken,Breach recorded - regulatory action criteria not met,Advice given,Yes
Completed,GDPR,IC-363543-D2K0,13/02/2025,2025,2024/25,Q4,11-Feb,19/02/2025,2025,2024/25,Q4,11-Feb,Central Government,Public office holder,Anon DC,Informal action taken,Breach recorded - regulatory action criteria not met,Advice given,No
Completed,GDPR,IC-359285-M4Y9,28/01/2025,2025,2024/25,Q4,10-Jan,19/02/2025,2025,2024/25,Q4,11-Feb,Retail and manufacture,Supplier of services,Anon DC,Informal action taken,Breach recorded - regulatory action criteria not met,Advice given,No
Completed,GDPR,IC-358165-C3H0,24/01/2025,2025,2024/25,Q4,10-Jan,19/02/2025,2025,2024/25,Q4,11-Feb,Land or property services,Estate agency / letting agency,Anon DC,Informal action taken,Breach recorded - regulatory action criteria not met,Advice given,Yes
Completed,GDPR,IC-364156-V3J4,18/02/2025,2025,2024/25,Q4,11-Feb,19/02/2025,2025,2024/25,Q4,11-Feb,General business,Supplier of services,Application Libro inc.,Informal action taken,Breach recorded - regulatory action criteria not met,Advice given,Yes
Completed,GDPR,IC-363641-N1B3,14/02/2025,2025,2024/25,Q4,11-Feb,19/02/2025,2025,2024/25,Q4,11-Feb,Health,General Practitioner,Baildon Medical Practice,Informal action taken,Breach recorded - regulatory action criteria not met,Advice given,No
Completed,GDPR,IC-360608-Q4T2,31/01/2025,2025,2024/25,Q4,10-Jan,19/02/2025,2025,2024/25,Q4,11-Feb,Retail and manufacture,Supplier of services,Bold Veterinary Clinic Limited,Informal action taken,Breach recorded - regulatory action criteria not met,Advice given,Don't know
Completed,GDPR,IC-364302-N6T8,14/02/2025,2025,2024/25,Q4,11-Feb,19/02/2025,2025,2024/25,Q4,11-Feb,Local government,"Unitary Authority (London Borough, Mets and Councils in Scotland and Wales)",Borough Council of Bolton,Informal action taken,Breach recorded - regulatory action criteria not met,Advice given,No
Completed,GDPR,IC-364140-C9M9,14/02/2025,2025,2024/25,Q4,11-Feb,19/02/2025,2025,2024/25,Q4,11-Feb,Education and childcare,Training Company,Captiva Learning Limited,Informal action taken,Breach recorded - regulatory action criteria not met,Advice given,No
Completed,GDPR,IC-364211-J7S3,14/02/2025,2025,2024/25,Q4,11-Feb,19/02/2025,2025,2024/25,Q4,11-Feb,Justice,Police Forces,Chief Constable Cumbria Constabulary,Informal action taken,Breach recorded - regulatory action criteria not met,Advice given,No
Completed,GDPR,IC-364184-F2D3,14/02/2025,2025,2024/25,Q4,11-Feb,19/02/2025,2025,2024/25,Q4,11-Feb,General business,Supplier of services,Civica UK,Informal action taken,Breach recorded - regulatory action criteria not met,Advice given,No
Completed,GDPR,IC-364409-D4S1,18/02/2025,2025,2024/25,Q4,11-Feb,19/02/2025,2025,2024/25,Q4,11-Feb,Education and childcare,Academy and Free Schools,Co-op Academies Trust,Informal action taken,Breach recorded - regulatory action criteria not met,Advice given,Yes
Completed,GDPR,IC-364371-J5N4,14/02/2025,2025,2024/25,Q4,11-Feb,19/02/2025,2025,2024/25,Q4,11-Feb,Health,Secondary care,Dartford and Gravesham NHS Trust,Informal action taken,Breach recorded - regulatory action criteria not met,Advice given,No
Completed,GDPR,IC-361619-N6S0,07/02/2025,2025,2024/25,Q4,11-Feb,19/02/2025,2025,2024/25,Q4,11-Feb,Online Technology and Telecoms,Service providers,Database For Business Ltd,Informal action taken,Breach recorded - regulatory action criteria not met,Advice given,No
Completed,GDPR,IC-364270-C9S3,14/02/2025,2025,2024/25,Q4,11-Feb,19/02/2025,2025,2024/25,Q4,11-Feb,Local government,"Unitary Authority (London Borough, Mets and Councils in Scotland and Wales)",Derby City Council,Informal action taken,Breach recorded - regulatory action criteria not met,Advice given,No
Completed,GDPR,IC-358701-Y2G7,24/01/2025,2025,2024/25,Q4,10-Jan,19/02/2025,2025,2024/25,Q4,11-Feb,Health,Secondary care,Dumfries & Galloway Health Board,Informal action taken,Breach recorded - regulatory action criteria not met,Advice given,No
Completed,GDPR,IC-322543-X6P8,26/07/2024,2024,2024/25,Q2,04-Jul,19/02/2025,2025,2024/25,Q4,11-Feb,Local government,"Unitary Authority (London Borough, Mets and Councils in Scotland and Wales)",Durham County Council,Informal action taken,Breach recorded - regulatory action criteria not met,Advice given,No
Completed,GDPR,IC-364213-J0B6,14/02/2025,2025,2024/25,Q4,11-Feb,19/02/2025,2025,2024/25,Q4,11-Feb,Local government,Representative and arm's length bodies,Essex County Fire and Rescue Service,Informal action taken,Breach recorded - regulatory action criteria not met,Advice given,No
Completed,GDPR,IC-364380-M4H4,14/02/2025,2025,2024/25,Q4,11-Feb,19/02/2025,2025,2024/25,Q4,11-Feb,Health,General Practitioner,Garstang Medical Practice,Informal action taken,Breach recorded - regulatory action criteria not met,Advice given,No
Completed,GDPR,IC-358325-M3D2,24/01/2025,2025,2024/25,Q4,10-Jan,19/02/2025,2025,2024/25,Q4,11-Feb,Legal,Legal professionals,Genesis Group Solutions Limted,Informal action taken,Breach recorded - regulatory action criteria not met,Advice given,Yes
Completed,GDPR,IC-364398-B2S8,14/02/2025,2025,2024/25,Q4,11-Feb,19/02/2025,2025,2024/25,Q4,11-Feb,Local government,District Council,Harlow District Council,Informal action taken,Breach recorded - regulatory action criteria not met,Advice given,No
Completed,GDPR,IC-363871-X5Y0,14/02/2025,2025,2024/25,Q4,11-Feb,19/02/2025,2025,2024/25,Q4,11-Feb,"Finance, insurance and credit",Financial services and advice,Houlihan Lokey UK Limited,Informal action taken,Breach recorded - regulatory action criteria not met,Advice given,No
Completed,GDPR,IC-358401-G9Q6,24/01/2025,2025,2024/25,Q4,10-Jan,19/02/2025,2025,2024/25,Q4,11-Feb,Retail and manufacture,Manufacturing,Huck Nets (UK) Ltd,Informal action taken,Breach recorded - regulatory action criteria not met,Advice given,Yes
Completed,GDPR,IC-364190-C4D9,14/02/2025,2025,2024/25,Q4,11-Feb,19/02/2025,2025,2024/25,Q4,11-Feb,Retail and manufacture,Supplier of services,Independent Vetcare Limited ,Informal action taken,Breach recorded - regulatory action criteria not met,Advice given,No
Completed,GDPR,IC-361617-M1B8,07/02/2025,2025,2024/25,Q4,11-Feb,19/02/2025,2025,2024/25,Q4,11-Feb,Legal,Barristers,K C H Garden Square Barristers,Informal action taken,Breach recorded - regulatory action criteria not met,Advice given,No
Completed,GDPR,IC-364131-T6K7,14/02/2025,2025,2024/25,Q4,11-Feb,19/02/2025,2025,2024/25,Q4,11-Feb,Local government,County Council,Kent County Council,Informal action taken,Breach recorded - regulatory action criteria not met,Advice given,No
Completed,GDPR,IC-364357-H5L6,14/02/2025,2025,2024/25,Q4,11-Feb,19/02/2025,2025,2024/25,Q4,11-Feb,Social care,Residential care,Kids Inc Residential Services Ltd,Informal action taken,Breach recorded - regulatory action criteria not met,Advice given,No
Completed,GDPR,IC-360998-G8M7,03/02/2025,2025,2024/25,Q4,11-Feb,19/02/2025,2025,2024/25,Q4,11-Feb,Local government,County Council,Leicestershire County Council,Informal action taken,Breach recorded - regulatory action criteria not met,Advice given,No
Completed,GDPR,IC-356345-Q8V3,16/01/2025,2025,2024/25,Q4,10-Jan,19/02/2025,2025,2024/25,Q4,11-Feb,General business,Supplier of services,Marketing VF Limited,Informal action taken,Unassigned,Unassigned,Yes
Completed,GDPR,IC-355264-M1Y1,13/01/2025,2025,2024/25,Q4,10-Jan,19/02/2025,2025,2024/25,Q4,11-Feb,Health,Secondary care,Midlands Partnership NHS Foundation Trust,Informal action taken,Breach recorded - regulatory action criteria not met,Advice given,No
Completed,GDPR,IC-360074-M8M5,31/01/2025,2025,2024/25,Q4,10-Jan,19/02/2025,2025,2024/25,Q4,11-Feb,"Finance, insurance and credit",Pensions,National Employment Savings Trust Corporation (NEST),Informal action taken,Breach recorded - regulatory action criteria not met,Advice given,Don't know
Completed,GDPR,IC-363705-H8K5,13/02/2025,2025,2024/25,Q4,11-Feb,19/02/2025,2025,2024/25,Q4,11-Feb,Membership association,Employment and Trade Unions,Nautilus International,Informal action taken,Breach recorded - regulatory action criteria not met,Advice given,No
Completed,GDPR,IC-364346-L9K4,14/02/2025,2025,2024/25,Q4,11-Feb,19/02/2025,2025,2024/25,Q4,11-Feb,Health,Public health,NHS England,Informal action taken,Breach recorded - regulatory action criteria not met,Advice given,No
Completed,GDPR,IC-364101-N4T3,14/02/2025,2025,2024/25,Q4,11-Feb,19/02/2025,2025,2024/25,Q4,11-Feb,Health,Secondary care,Royal Devon University Healthcare NHS Foundation Trust,Informal action taken,Breach recorded - regulatory action criteria not met,Advice given,No
Completed,GDPR,IC-361616-F3Y7,07/02/2025,2025,2024/25,Q4,11-Feb,19/02/2025,2025,2024/25,Q4,11-Feb,Education and childcare,Academy and Free Schools,South Pennine Academies,Informal action taken,Breach recorded - regulatory action criteria not met,Advice given,No
Completed,GDPR,IC-364113-R0P7,14/02/2025,2025,2024/25,Q4,11-Feb,19/02/2025,2025,2024/25,Q4,11-Feb,Legal,Legal professionals,Stephens Scown LLP,Informal action taken,Breach recorded - regulatory action criteria not met,Advice given,No
Completed,GDPR,IC-364138-B6M8,14/02/2025,2025,2024/25,Q4,11-Feb,19/02/2025,2025,2024/25,Q4,11-Feb,Education and childcare,Maintained schools,Stratton Primary School,Informal action taken,Breach recorded - regulatory action criteria not met,Advice given,No
Completed,GDPR,IC-363833-J1P1,17/02/2025,2025,2024/25,Q4,11-Feb,19/02/2025,2025,2024/25,Q4,11-Feb,"Finance, insurance and credit",Accountancy and Payroll,The JMH Partnership,Informal action taken,Breach recorded - regulatory action criteria not met,Advice given,Yes
Completed,GDPR,IC-364326-Z4J7,14/02/2025,2025,2024/25,Q4,11-Feb,19/02/2025,2025,2024/25,Q4,11-Feb,"Finance, insurance and credit",Pensions,TRUSTEES OF THE YULE CATTO GROUP RETIREMENT BENEFIT SCHEME,Informal action taken,Breach recorded - regulatory action criteria not met,Advice given,No
Completed,GDPR,IC-364271-S7Q9,14/02/2025,2025,2024/25,Q4,11-Feb,19/02/2025,2025,2024/25,Q4,11-Feb,Education and childcare,Higher education,University of Sunderland,Informal action taken,Breach recorded - regulatory action criteria not met,Advice given,No
Completed,GDPR,IC-364144-T7L6,13/02/2025,2025,2024/25,Q4,11-Feb,19/02/2025,2025,2024/25,Q4,11-Feb,Education and childcare,Private schools,West Heath 2000,Informal action taken,Breach recorded - regulatory action criteria not met,Advice given,No
Completed,GDPR,IC-363887-F7Y0,14/02/2025,2025,2024/25,Q4,11-Feb,19/02/2025,2025,2024/25,Q4,11-Feb,Health,Pharmacist,WESTON LTD,Informal action taken,Breach recorded - regulatory action criteria not met,Advice given,No
Completed,GDPR,IC-364132-Q9Y1,14/02/2025,2025,2024/25,Q4,11-Feb,19/02/2025,2025,2024/25,Q4,11-Feb,Social care,Residential care,Westward Care Limited,Informal action taken,Breach recorded - regulatory action criteria not met,Advice given,No
Completed,GDPR,IC-358666-N6T5,25/01/2025,2025,2024/25,Q4,10-Jan,19/02/2025,2025,2024/25,Q4,11-Feb,Retail and manufacture,Supplier of services,Withers Fruit Farm Limited,Informal action taken,Breach recorded - regulatory action criteria not met,Advice given,Yes
Completed,GDPR,IC-364159-W1N1,18/02/2025,2025,2024/25,Q4,11-Feb,19/02/2025,2025,2024/25,Q4,11-Feb,Transport and leisure,Haulage,XDP Ltd,Informal action taken,Breach recorded - regulatory action criteria not met,Advice given,No
Completed,GDPR,IC-364395-D3X0,14/02/2025,2025,2024/25,Q4,11-Feb,19/02/2025,2025,2024/25,Q4,11-Feb,Charitable and voluntary,Local charities,YMCA DownsLink Group,Informal action taken,Breach recorded - regulatory action criteria not met,Advice given,No
Completed,GDPR,IC-363946-X1C0,14/02/2025,2025,2024/25,Q4,11-Feb,19/02/2025,2025,2024/25,Q4,11-Feb,Retail and manufacture,Supplier of goods,Asynt Ltd,No Further Action,Breach recorded - regulatory action criteria not met,Unassigned,Yes
Completed,GDPR,IC-363778-F4D2,17/02/2025,2025,2024/25,Q4,11-Feb,19/02/2025,2025,2024/25,Q4,11-Feb,Retail and manufacture,Supplier of goods,Fashion Box UK Limited,No Further Action,Breach recorded - regulatory action criteria not met,Unassigned,Yes
Completed,GDPR,IC-363971-H8B1,14/02/2025,2025,2024/25,Q4,11-Feb,19/02/2025,2025,2024/25,Q4,11-Feb,Membership association,Clubs,The Cavalry and Guards Club,No Further Action,Breach recorded - regulatory action criteria not met,Unassigned,Yes
Completed,GDPR,IC-364803-H2V6,18/02/2025,2025,2024/25,Q4,11-Feb,20/02/2025,2025,2024/25,Q4,11-Feb,Retail and manufacture,Supplier of goods,Aerotron Limited,Informal action taken,Breach recorded - regulatory action criteria not met,Advice given,Yes
Completed,GDPR,IC-350294-R9F2,06/12/2024,2024,2024/25,Q3,09-Dec,20/02/2025,2025,2024/25,Q4,11-Feb,Legal,Legal professionals,Anon DC,Informal action taken,Breach recorded - regulatory action criteria not met,Advice given,Don't know
Completed,GDPR,IC-364737-J4R5,17/02/2025,2025,2024/25,Q4,11-Feb,20/02/2025,2025,2024/25,Q4,11-Feb,Health,Private Healthcare providers,Anon DC,Informal action taken,Breach recorded - regulatory action criteria not met,Advice given,No
Completed,GDPR,IC-364828-R5J5,17/02/2025,2025,2024/25,Q4,11-Feb,20/02/2025,2025,2024/25,Q4,11-Feb,Legal,Legal professionals,"Arthurs, Insaidoo & Asmah Ltd",Informal action taken,Breach recorded - regulatory action criteria not met,Advice given,No
Completed,GDPR,IC-361440-V9L3,05/02/2025,2025,2024/25,Q4,11-Feb,20/02/2025,2025,2024/25,Q4,11-Feb,Justice,Police Forces,Chief Constable Hertfordshire Constabulary,Informal action taken,Breach recorded - regulatory action criteria not met,Advice given,No
Completed,GDPR,IC-357262-R5D6,20/01/2025,2025,2024/25,Q4,10-Jan,20/02/2025,2025,2024/25,Q4,11-Feb,Justice,Police Forces,Commissioner of Police for The City of London,Informal action taken,Breach recorded - regulatory action criteria not met,Advice given,No
Completed,GDPR,IC-364450-Q3F1,18/02/2025,2025,2024/25,Q4,11-Feb,20/02/2025,2025,2024/25,Q4,11-Feb,Health,General Practitioner,Cowfold Medical Group,Informal action taken,Breach recorded - regulatory action criteria not met,Advice given,No
Completed,GDPR,IC-359123-G8B7,27/01/2025,2025,2024/25,Q4,10-Jan,20/02/2025,2025,2024/25,Q4,11-Feb,"Finance, insurance and credit",Insurance,Domestic & General Group Ltd,Informal action taken,Breach recorded - regulatory action criteria not met,Advice given,No
Completed,GDPR,IC-364635-F3G7,17/02/2025,2025,2024/25,Q4,11-Feb,20/02/2025,2025,2024/25,Q4,11-Feb,"Finance, insurance and credit",Financial services and advice,Finli (FA92) Limited,Informal action taken,Breach recorded - regulatory action criteria not met,Advice given,No
Completed,GDPR,IC-364679-R9D0,19/02/2025,2025,2024/25,Q4,11-Feb,20/02/2025,2025,2024/25,Q4,11-Feb,Retail and manufacture,Supplier of goods,G.E.S. And Sons Limited,Informal action taken,Breach recorded - regulatory action criteria not met,Advice given,Yes
Completed,GDPR,IC-363697-F0C0,13/02/2025,2025,2024/25,Q4,11-Feb,20/02/2025,2025,2024/25,Q4,11-Feb,Land or property services,Building and property construction,Greenspan Projects Ltd,Informal action taken,Breach recorded - regulatory action criteria not met,Advice given,Yes
Completed,GDPR,IC-364523-D8N5,17/02/2025,2025,2024/25,Q4,11-Feb,20/02/2025,2025,2024/25,Q4,11-Feb,Health,Secondary care,Hospital of St John & St Elizabeth,Informal action taken,Breach recorded - regulatory action criteria not met,Advice given,No
Completed,GDPR,IC-364833-R4W2,17/02/2025,2025,2024/25,Q4,11-Feb,20/02/2025,2025,2024/25,Q4,11-Feb,Local government,City Council,Hull City Council,Informal action taken,Breach recorded - regulatory action criteria not met,Advice given,No
Completed,GDPR,IC-364597-Z9B6,17/02/2025,2025,2024/25,Q4,11-Feb,20/02/2025,2025,2024/25,Q4,11-Feb,Education and childcare,Private schools,Hutchesons' Educational Trust,Informal action taken,Breach recorded - regulatory action criteria not met,Advice given,No
Completed,GDPR,IC-364471-V6W0,19/02/2025,2025,2024/25,Q4,11-Feb,20/02/2025,2025,2024/25,Q4,11-Feb,Retail and manufacture,Supplier of services,Intelligent Traffic Systems Ltd,Informal action taken,Breach recorded - regulatory action criteria not met,Advice given,Yes
Completed,GDPR,IC-364630-T6C0,15/02/2025,2025,2024/25,Q4,11-Feb,20/02/2025,2025,2024/25,Q4,11-Feb,Media,Newspapers,Irish News Limited - The,Informal action taken,Breach recorded - regulatory action criteria not met,Advice given,No
Completed,GDPR,IC-364454-M5P0,17/02/2025,2025,2024/25,Q4,11-Feb,20/02/2025,2025,2024/25,Q4,11-Feb,Health,Healthcare and pharmaceuticals,Line of Sight Care Limited,Informal action taken,Breach recorded - regulatory action criteria not met,Advice given,No
Completed,GDPR,IC-355512-D1T6,14/01/2025,2025,2024/25,Q4,10-Jan,20/02/2025,2025,2024/25,Q4,11-Feb,Health,Secondary care,Northern Care Alliance NHS Foundation Trust,Informal action taken,Breach recorded - regulatory action criteria not met,Advice given,No
Completed,GDPR,IC-364530-R1H9,17/02/2025,2025,2024/25,Q4,11-Feb,20/02/2025,2025,2024/25,Q4,11-Feb,Education and childcare,Academy and Free Schools,Northern Education Trust,Informal action taken,Breach recorded - regulatory action criteria not met,Advice given,No
Completed,GDPR,IC-364510-K6K5,16/02/2025,2025,2024/25,Q4,11-Feb,20/02/2025,2025,2024/25,Q4,11-Feb,Retail and manufacture,Supplier of services,Palladium Group Limited,Informal action taken,Breach recorded - regulatory action criteria not met,Advice given,No
Completed,GDPR,IC-364448-H4R2,19/02/2025,2025,2024/25,Q4,11-Feb,20/02/2025,2025,2024/25,Q4,11-Feb,Land or property services,Property management,Premier Block Management Ltd,Informal action taken,Breach recorded - regulatory action criteria not met,Advice given,No
Completed,GDPR,IC-364460-R6J6,15/02/2025,2025,2024/25,Q4,11-Feb,20/02/2025,2025,2024/25,Q4,11-Feb,Retail and manufacture,Supplier of goods,Radiant Heating Solutions Ltd,Informal action taken,Breach recorded - regulatory action criteria not met,Advice given,No
Completed,GDPR,IC-364522-N3Q8,17/02/2025,2025,2024/25,Q4,11-Feb,20/02/2025,2025,2024/25,Q4,11-Feb,Education and childcare,Community School,Ralph Thoresby School,Informal action taken,Breach recorded - regulatory action criteria not met,Advice given,No
Completed,GDPR,IC-364640-T3P0,17/02/2025,2025,2024/25,Q4,11-Feb,20/02/2025,2025,2024/25,Q4,11-Feb,Education and childcare,Academy and Free Schools,Reach2 Academy Trust,Informal action taken,Breach recorded - regulatory action criteria not met,Advice given,No
Completed,GDPR,IC-364474-F0M9,15/02/2025,2025,2024/25,Q4,11-Feb,20/02/2025,2025,2024/25,Q4,11-Feb,General business,Not for profit companies,Rice Lane Community Association,Informal action taken,Breach recorded - regulatory action criteria not met,Advice given,No
Completed,GDPR,IC-361572-J8V0,06/02/2025,2025,2024/25,Q4,11-Feb,20/02/2025,2025,2024/25,Q4,11-Feb,Retail and manufacture,Supplier of goods,RISEINUK CHINESE KITCHENS LTD trading as Gao Express,Informal action taken,Breach recorded - regulatory action criteria not met,Advice given,No
Completed,GDPR,IC-364670-V7H2,17/02/2025,2025,2024/25,Q4,11-Feb,20/02/2025,2025,2024/25,Q4,11-Feb,Education and childcare,Academy and Free Schools,Rosecroft Primary School,Informal action taken,Breach recorded - regulatory action criteria not met,Advice given,No
Completed,GDPR,IC-364368-Q0M7,14/02/2025,2025,2024/25,Q4,11-Feb,20/02/2025,2025,2024/25,Q4,11-Feb,Transport and leisure,Passenger transport,Stagecoach Services,Informal action taken,Breach recorded - regulatory action criteria not met,Advice given,No
Completed,GDPR,IC-364555-L8M4,17/02/2025,2025,2024/25,Q4,11-Feb,20/02/2025,2025,2024/25,Q4,11-Feb,Health,General Practitioner,Station Street Surgery,Informal action taken,Breach recorded - regulatory action criteria not met,Advice given,No
Completed,GDPR,IC-363673-N6G9,12/02/2025,2025,2024/25,Q4,11-Feb,20/02/2025,2025,2024/25,Q4,11-Feb,Local government,County Council,Suffolk County Council,Informal action taken,Breach recorded - regulatory action criteria not met,Advice given,No
Completed,GDPR,IC-358253-H3V8,23/01/2025,2025,2024/25,Q4,10-Jan,20/02/2025,2025,2024/25,Q4,11-Feb,Online Technology and Telecoms,Infrastructure and hardware providers,Sun-E Solutions Ltd,Informal action taken,Breach recorded - regulatory action criteria not met,Advice given,Yes
Completed,GDPR,IC-363710-Q1T5,13/02/2025,2025,2024/25,Q4,11-Feb,20/02/2025,2025,2024/25,Q4,11-Feb,"Finance, insurance and credit",Financial services and advice,TAB London Limited,Informal action taken,Breach recorded - regulatory action criteria not met,Advice given,Don't know
Completed,GDPR,IC-363686-H5B8,13/02/2025,2025,2024/25,Q4,11-Feb,20/02/2025,2025,2024/25,Q4,11-Feb,Charitable and voluntary,Local charities,Teesside Mind Limited,Informal action taken,Breach recorded - regulatory action criteria not met,Advice given,No
Completed,GDPR,IC-364506-Q4M1,19/02/2025,2025,2024/25,Q4,11-Feb,20/02/2025,2025,2024/25,Q4,11-Feb,Charitable and voluntary,Local charities,The Royal Pavilion and Museums Trust,Informal action taken,Breach recorded - regulatory action criteria not met,Advice given,Yes
Completed,GDPR,IC-364725-G9F6,19/02/2025,2025,2024/25,Q4,11-Feb,20/02/2025,2025,2024/25,Q4,11-Feb,Retail and manufacture,Supplier of goods,Trigiene Dental,Informal action taken,Breach recorded - regulatory action criteria not met,Advice given,Yes
Completed,GDPR,IC-359834-D7Y6,30/01/2025,2025,2024/25,Q4,10-Jan,20/02/2025,2025,2024/25,Q4,11-Feb,Health,Pharmacist,Tuschem Limited,Informal action taken,Breach recorded - regulatory action criteria not met,Advice given,No
Completed,GDPR,IC-364560-H4Q5,19/02/2025,2025,2024/25,Q4,11-Feb,20/02/2025,2025,2024/25,Q4,11-Feb,Membership association,Industry associations,UK & International Health Coaching Association Limited,Informal action taken,Breach recorded - regulatory action criteria not met,Advice given,Yes
Completed,GDPR,IC-363608-L4L6,13/02/2025,2025,2024/25,Q4,11-Feb,20/02/2025,2025,2024/25,Q4,11-Feb,Utilities,Utility companies,Veolia ES UK Ltd,Informal action taken,Breach recorded - regulatory action criteria not met,Advice given,No
Completed,GDPR,IC-361573-D9Y6,06/02/2025,2025,2024/25,Q4,11-Feb,20/02/2025,2025,2024/25,Q4,11-Feb,Legal,Legal professionals,Whitehead Monckton Limited,Informal action taken,Breach recorded - regulatory action criteria not met,Advice given,No
Completed,GDPR,IC-363984-R0V4,14/02/2025,2025,2024/25,Q4,11-Feb,20/02/2025,2025,2024/25,Q4,11-Feb,Legal,Legal professionals,WHN Solcitors Ltd,Informal action taken,Breach recorded - regulatory action criteria not met,Advice given,No
Completed,GDPR,IC-364129-G6C1,19/02/2025,2025,2024/25,Q4,11-Feb,20/02/2025,2025,2024/25,Q4,11-Feb,Transport and leisure,Entertainment providers,GMTicketing OU,No Further Action,Breach recorded - regulatory action criteria not met,Unassigned,Yes
Completed,GDPR,IC-364385-C0Y3,14/02/2025,2025,2024/25,Q4,11-Feb,20/02/2025,2025,2024/25,Q4,11-Feb,"Finance, insurance and credit",Lenders,Handelsbanken PLC,No Further Action,Breach recorded - regulatory action criteria not met,Unassigned,Yes
Completed,GDPR,IC-364176-P7G4,18/02/2025,2025,2024/25,Q4,11-Feb,20/02/2025,2025,2024/25,Q4,11-Feb,Land or property services,Building and property construction,J McCann & Co Limited,No Further Action,Breach recorded - regulatory action criteria not met,Unassigned,Yes
Completed,NIS,IC-364733-D2Q3,18/02/2025,2025,2024/25,Q4,11-Feb,20/02/2025,2025,2024/25,Q4,11-Feb,Health,Commissioning,NHS Cambridgeshire & Peterborough ICB,No Further Action,Not PDB,Unassigned,No
Completed,GDPR,IC-361608-L4B4,05/02/2025,2025,2024/25,Q4,11-Feb,20/02/2025,2025,2024/25,Q4,11-Feb,Charitable and voluntary,Local charities,The Caldecott Foundation Limited,No Further Action,Not PDB,Unassigned,No
Completed,GDPR,IC-364994-K1Q5,21/02/2025,2025,2024/25,Q4,11-Feb,21/02/2025,2025,2024/25,Q4,11-Feb,Health,Private Healthcare providers,Anon DC,Informal action taken,Breach recorded - regulatory action criteria not met,Advice given,Yes
Completed,GDPR,IC-364984-Q1C8,21/02/2025,2025,2024/25,Q4,11-Feb,21/02/2025,2025,2024/25,Q4,11-Feb,Transport and leisure,Leisure centres and gyms,Anytime Clubs UK Limited,Informal action taken,Breach recorded - regulatory action criteria not met,Advice given,Yes
Completed,GDPR,IC-361563-F6G9,31/01/2025,2025,2024/25,Q4,10-Jan,21/02/2025,2025,2024/25,Q4,11-Feb,Local government,"Unitary Authority (London Borough, Mets and Councils in Scotland and Wales)","Bournemouth, Christchurch and Poole Council (BCP)",Informal action taken,Breach recorded - regulatory action criteria not met,Advice given,No
Completed,GDPR,IC-364626-R0Z5,17/02/2025,2025,2024/25,Q4,11-Feb,21/02/2025,2025,2024/25,Q4,11-Feb,Health,Unassigned,Carlton Group Practice,Informal action taken,Breach recorded - regulatory action criteria not met,Advice given,No
Completed,GDPR,IC-364709-M3D5,17/02/2025,2025,2024/25,Q4,11-Feb,21/02/2025,2025,2024/25,Q4,11-Feb,General business,Business advice and consultancy,Centric Hr Limited,Informal action taken,Breach recorded - regulatory action criteria not met,Advice given,No
Completed,GDPR,IC-365018-S6H0,19/02/2025,2025,2024/25,Q4,11-Feb,21/02/2025,2025,2024/25,Q4,11-Feb,Charitable and voluntary,National charities,Circles South East,Informal action taken,Breach recorded - regulatory action criteria not met,Advice given,No
Completed,GDPR,IC-364362-H7N6,14/02/2025,2025,2024/25,Q4,11-Feb,21/02/2025,2025,2024/25,Q4,11-Feb,Charitable and voluntary,Local charities,Citizens Advice Cardiff & Vale,Informal action taken,Breach recorded - regulatory action criteria not met,Advice given,No
Completed,GDPR,IC-358040-L7B8,23/01/2025,2025,2024/25,Q4,10-Jan,21/02/2025,2025,2024/25,Q4,11-Feb,Local government,"Unitary Authority (London Borough, Mets and Councils in Scotland and Wales)",Cornwall Council,Informal action taken,Breach recorded - regulatory action criteria not met,Advice given,No
Completed,GDPR,IC-364951-X2F8,18/02/2025,2025,2024/25,Q4,11-Feb,21/02/2025,2025,2024/25,Q4,11-Feb,Education and childcare,"Nursery, playgroups and After School club",Crafty Wizards Limited ,Informal action taken,Breach recorded - regulatory action criteria not met,Advice given,No
Completed,GDPR,IC-365058-F2L9,19/02/2025,2025,2024/25,Q4,11-Feb,21/02/2025,2025,2024/25,Q4,11-Feb,"Finance, insurance and credit",Banks and Building Societies,Cynergy Bank plc,Informal action taken,Breach recorded - regulatory action criteria not met,Advice given,No
Completed,GDPR,IC-364899-T9W9,17/02/2025,2025,2024/25,Q4,11-Feb,21/02/2025,2025,2024/25,Q4,11-Feb,Land or property services,Estate agency / letting agency,Daniel Matthew Estate Agents,Informal action taken,Breach recorded - regulatory action criteria not met,Advice given,No
Completed,GDPR,IC-297931-S5K4,02/04/2024,2024,2024/25,Q1,01-Apr,21/02/2025,2025,2024/25,Q4,11-Feb,Education and childcare,Private schools,Eaton House School Ltd,Informal action taken,Breach recorded - regulatory action criteria not met,Advice given,No
Completed,GDPR,IC-364942-H0Q7,20/02/2025,2025,2024/25,Q4,11-Feb,21/02/2025,2025,2024/25,Q4,11-Feb,Retail and manufacture,Supplier of services,Integra Construction Consultancy Ltd,Informal action taken,Breach recorded - regulatory action criteria not met,Advice given,Yes
Completed,GDPR,IC-364927-Q8F1,20/02/2025,2025,2024/25,Q4,11-Feb,21/02/2025,2025,2024/25,Q4,11-Feb,Legal,Legal professionals,KBP Law LLP,Informal action taken,Breach recorded - regulatory action criteria not met,Advice given,Yes
Completed,GDPR,IC-364928-T6X5,17/02/2025,2025,2024/25,Q4,11-Feb,21/02/2025,2025,2024/25,Q4,11-Feb,Local government,County Council,Kent County Council,Informal action taken,Breach recorded - regulatory action criteria not met,Advice given,No
Completed,GDPR,IC-364897-B4K6,20/02/2025,2025,2024/25,Q4,11-Feb,21/02/2025,2025,2024/25,Q4,11-Feb,Education and childcare,"Nursery, playgroups and After School club",Little Ducklings Iron Acton Ltd,Informal action taken,Breach recorded - regulatory action criteria not met,Advice given,Yes
Completed,GDPR,IC-365019-P5Q2,18/02/2025,2025,2024/25,Q4,11-Feb,21/02/2025,2025,2024/25,Q4,11-Feb,Retail and manufacture,Manufacturing,Mitutoyo (UK) Limited,Informal action taken,Breach recorded - regulatory action criteria not met,Advice given,Yes
Completed,GDPR,IC-364972-F1L1,18/02/2025,2025,2024/25,Q4,11-Feb,21/02/2025,2025,2024/25,Q4,11-Feb,Legal,Legal professionals,MLP Law Limited,Informal action taken,Breach recorded - regulatory action criteria not met,Advice given,No
Completed,GDPR,IC-345028-X7P9,15/11/2024,2024,2024/25,Q3,08-Nov,21/02/2025,2025,2024/25,Q4,11-Feb,General business,Recruitment agencies,Morson Group Plc,Informal action taken,Unassigned,Unassigned,Yes
Completed,GDPR,IC-363967-G9G3,14/02/2025,2025,2024/25,Q4,11-Feb,21/02/2025,2025,2024/25,Q4,11-Feb,Legal,Legal professionals,National Legal Service Limited,Informal action taken,Breach recorded - regulatory action criteria not met,Advice given,No
Completed,GDPR,IC-365063-P1L1,19/02/2025,2025,2024/25,Q4,11-Feb,21/02/2025,2025,2024/25,Q4,11-Feb,Health,Private Healthcare providers,Nimbuscare Limited,Informal action taken,Breach recorded - regulatory action criteria not met,Advice given,No
Completed,GDPR,IC-365080-R5N6,19/02/2025,2025,2024/25,Q4,11-Feb,21/02/2025,2025,2024/25,Q4,11-Feb,Health,General Practitioner,OM Medical Centre,Informal action taken,Breach recorded - regulatory action criteria not met,Advice given,No
Completed,GDPR,IC-364504-Q7K6,17/02/2025,2025,2024/25,Q4,11-Feb,21/02/2025,2025,2024/25,Q4,11-Feb,Charitable and voluntary,National charities,Producers Direct,Informal action taken,Breach recorded - regulatory action criteria not met,Advice given,No
Completed,GDPR,IC-365035-X2T8,18/02/2025,2025,2024/25,Q4,11-Feb,21/02/2025,2025,2024/25,Q4,11-Feb,Legal,Legal professionals,SAS Daniels LLP,Informal action taken,Breach recorded - regulatory action criteria not met,Advice given,No
Completed,GDPR,IC-364920-J5P0,17/02/2025,2025,2024/25,Q4,11-Feb,21/02/2025,2025,2024/25,Q4,11-Feb,"Finance, insurance and credit",Banks and Building Societies,Skipton Building Society,Informal action taken,Breach recorded - regulatory action criteria not met,Advice given,No
Completed,GDPR,IC-365110-J2J8,19/02/2025,2025,2024/25,Q4,11-Feb,21/02/2025,2025,2024/25,Q4,11-Feb,Education and childcare,Further education,South and City College Birmingham,Informal action taken,Breach recorded - regulatory action criteria not met,Advice given,No
Completed,GDPR,IC-365051-F5X7,19/02/2025,2025,2024/25,Q4,11-Feb,21/02/2025,2025,2024/25,Q4,11-Feb,Health,General Practitioner,Straight Road Surgery (Prasad (F82671)),Informal action taken,Breach recorded - regulatory action criteria not met,Advice given,No
Completed,GDPR,IC-364702-Q7L4,18/02/2025,2025,2024/25,Q4,11-Feb,21/02/2025,2025,2024/25,Q4,11-Feb,Health,General Practitioner,Sydenham House Medical Group,Informal action taken,Breach recorded - regulatory action criteria not met,Advice given,No
Completed,GDPR,IC-364695-N6K0,18/02/2025,2025,2024/25,Q4,11-Feb,21/02/2025,2025,2024/25,Q4,11-Feb,Retail and manufacture,Supplier of goods,TFG Brands (London) Limited,Informal action taken,Breach recorded - regulatory action criteria not met,Advice given,No
Completed,GDPR,IC-365065-T9G5,19/02/2025,2025,2024/25,Q4,11-Feb,21/02/2025,2025,2024/25,Q4,11-Feb,Charitable and voluntary,Local charities,The Society Of Mediators,Informal action taken,Breach recorded - regulatory action criteria not met,Advice given,No
Completed,GDPR,IC-365028-Q7L8,19/02/2025,2025,2024/25,Q4,11-Feb,21/02/2025,2025,2024/25,Q4,11-Feb,Charitable and voluntary,National charities,Walsingham Support,Informal action taken,Breach recorded - regulatory action criteria not met,Advice given,No
Completed,GDPR,IC-296995-S0W7,27/03/2024,2024,2023/24,Q4,12-Mar,21/02/2025,2025,2024/25,Q4,11-Feb,Legal,Legal professionals,Wilkin Chapman LLP,Informal action taken,Breach recorded - regulatory action criteria not met,Advice given,No
Completed,GDPR,IC-364483-L6M5,16/02/2025,2025,2024/25,Q4,11-Feb,21/02/2025,2025,2024/25,Q4,11-Feb,Charitable and voluntary,Local charities,Yorkshire Adoption Agency Ltd,Informal action taken,Breach recorded - regulatory action criteria not met,Advice given,No
Completed,GDPR,IC-365087-X9D6,19/02/2025,2025,2024/25,Q4,11-Feb,21/02/2025,2025,2024/25,Q4,11-Feb,Charitable and voluntary,National charities,Benthyg Cymru CIC,No Further Action,Not PDB,Unassigned,No
Completed,GDPR,IC-364819-Q1K8,17/02/2025,2025,2024/25,Q4,11-Feb,21/02/2025,2025,2024/25,Q4,11-Feb,Local government,County Council,Devon County Council,No Further Action,Not PDB,Unassigned,No
Completed,GDPR,IC-353620-X0M8,05/01/2025,2025,2024/25,Q4,10-Jan,21/02/2025,2025,2024/25,Q4,11-Feb,Land or property services,Property management,FrontDesk Master Ltd,No Further Action,Breach recorded - regulatory action criteria not met,Unassigned,Yes
Case Officer Review Completed,GDPR,IC-358047-S4W4,23/01/2025,2025,2024/25,Q4,10-Jan,21/02/2025,2025,2024/25,Q4,11-Feb,Central Government,Government Department,HM Revenue and Customs (HMRC),No Further Action,Breach recorded - regulatory action criteria not met,Unassigned,No
Completed,GDPR,IC-364777-H0D1,20/02/2025,2025,2024/25,Q4,11-Feb,21/02/2025,2025,2024/25,Q4,11-Feb,Education and childcare,Maintained schools,Pangbourne College Ltd,No Further Action,Breach recorded - regulatory action criteria not met,Unassigned,Yes
Completed,GDPR,IC-364497-Q0C3,18/02/2025,2025,2024/25,Q4,11-Feb,21/02/2025,2025,2024/25,Q4,11-Feb,Land or property services,Building and property construction,Pennyfarthing Construction Ltd,No Further Action,Breach recorded - regulatory action criteria not met,Unassigned,Yes
Completed,GDPR,IC-364667-Z8W6,20/02/2025,2025,2024/25,Q4,11-Feb,21/02/2025,2025,2024/25,Q4,11-Feb,Retail and manufacture,Supplier of services,Primatus Ltd,No Further Action,Breach recorded - regulatory action criteria not met,Unassigned,Yes
Completed,GDPR,IC-364143-Q1R8,14/02/2025,2025,2024/25,Q4,11-Feb,21/02/2025,2025,2024/25,Q4,11-Feb,Retail and manufacture,Supplier of services,Vertu Security Limited,No Further Action,Not PDB,Unassigned,No
Completed,GDPR,IC-360549-M4G2,31/01/2025,2025,2024/25,Q4,10-Jan,23/02/2025,2025,2024/25,Q4,11-Feb,Retail and manufacture,Supplier of services,2 Degrees Limited ,Informal action taken,Breach recorded - regulatory action criteria not met,Unassigned,Yes
Completed,GDPR,IC-332885-K2T3,19/09/2024,2024,2024/25,Q2,06-Sep,23/02/2025,2025,2024/25,Q4,11-Feb,Retail and manufacture,Supplier of services,38 Degrees,Informal action taken,Unassigned,Unassigned,Yes
Completed,GDPR,IC-343892-P3P8,11/11/2024,2024,2024/25,Q3,08-Nov,23/02/2025,2025,2024/25,Q4,11-Feb,Online Technology and Telecoms,Gaming,Activision Blizzard UK Ltd,Informal action taken,Unassigned,Unassigned,Yes
Completed,GDPR,IC-301721-L7G1,18/04/2024,2024,2024/25,Q1,01-Apr,23/02/2025,2025,2024/25,Q4,11-Feb,Health,Healthcare and pharmaceuticals,Alderson Limited,Informal action taken,Breach recorded - regulatory action criteria not met,Advice given,No
Completed,GDPR,IC-339167-W8P7,17/10/2024,2024,2024/25,Q3,07-Oct,23/02/2025,2025,2024/25,Q4,11-Feb,Health,Dentists,Anon DC,Informal action taken,Unassigned,Unassigned,Yes
Completed,GDPR,IC-352786-W6X4,20/12/2024,2024,2024/25,Q3,09-Dec,23/02/2025,2025,2024/25,Q4,11-Feb,Health,Healthcare and pharmaceuticals,Anon DC,Informal action taken,Breach recorded - regulatory action criteria not met,Unassigned,Yes
Completed,GDPR,IC-350887-X4B7,12/12/2024,2024,2024/25,Q3,09-Dec,23/02/2025,2025,2024/25,Q4,11-Feb,Legal,Legal professionals,Anon DC,Informal action taken,Breach recorded - regulatory action criteria not met,Advice given,No
Completed,GDPR,IC-301248-N5F8,17/04/2024,2024,2024/25,Q1,01-Apr,23/02/2025,2025,2024/25,Q4,11-Feb,Religious,Religious organisations,Archdiocese of Liverpool,Informal action taken,Breach recorded - regulatory action criteria not met,Advice given,No
Completed,GDPR,IC-351513-S4F7,16/12/2024,2024,2024/25,Q3,09-Dec,23/02/2025,2025,2024/25,Q4,11-Feb,Media,Unassigned,Arcturus Publishing Limited,Informal action taken,Breach recorded - regulatory action criteria not met,Unassigned,Yes
Completed,GDPR,IC-350904-D5V5,13/12/2024,2024,2024/25,Q3,09-Dec,23/02/2025,2025,2024/25,Q4,11-Feb,Charitable and voluntary,National charities,Aspens Charities Ltd,Informal action taken,Unassigned,Unassigned,Yes
Completed,GDPR,IC-301278-X1S8,17/04/2024,2024,2024/25,Q1,01-Apr,23/02/2025,2025,2024/25,Q4,11-Feb,"Finance, insurance and credit",Insurance,AXA Insurance DAC,Informal action taken,Breach recorded - regulatory action criteria not met,Advice given,No
Completed,GDPR,IC-298441-K7Q6,03/04/2024,2024,2024/25,Q1,01-Apr,23/02/2025,2025,2024/25,Q4,11-Feb,Transport and leisure,Holiday providers and services,"B.A.I. (U.K.), LIMITED",Informal action taken,Breach recorded - regulatory action criteria not met,Advice given,No
Completed,GDPR,IC-348420-Z9L1,03/12/2024,2024,2024/25,Q3,09-Dec,23/02/2025,2025,2024/25,Q4,11-Feb,Local government,District Council,Babergh and Mid Suffolk District Council,Informal action taken,Breach recorded - regulatory action criteria not met,Advice given,No
Completed,GDPR,IC-360527-R0P4,31/01/2025,2025,2024/25,Q4,10-Jan,23/02/2025,2025,2024/25,Q4,11-Feb,Legal,Legal professionals,Barker Booth & Eastwood Solicitors,Informal action taken,Breach recorded - regulatory action criteria not met,Unassigned,Yes
Completed,GDPR,IC-347110-W5X6,28/11/2024,2024,2024/25,Q3,08-Nov,23/02/2025,2025,2024/25,Q4,11-Feb,Transport and leisure,Accommodation providers,Best Western London Highbury Hotel,Informal action taken,Unassigned,Unassigned,Yes
Completed,GDPR,IC-365156-G1P6,20/02/2025,2025,2024/25,Q4,11-Feb,23/02/2025,2025,2024/25,Q4,11-Feb,Legal,Legal professionals,BUCHANAN BURTON SOLICITORS,Informal action taken,Breach recorded - regulatory action criteria not met,Advice given,No
Completed,GDPR,IC-340684-G0L5,25/10/2024,2024,2024/25,Q3,07-Oct,23/02/2025,2025,2024/25,Q4,11-Feb,Local government,"Unitary Authority (London Borough, Mets and Councils in Scotland and Wales)",Bury Metropolitan Borough Council,Informal action taken,Breach recorded - regulatory action criteria not met,Advice given,No
Completed,GDPR,IC-356996-D1H5,19/01/2025,2025,2024/25,Q4,10-Jan,23/02/2025,2025,2024/25,Q4,11-Feb,Charitable and voluntary,Local charities,Capability Scotland,Informal action taken,Breach recorded - regulatory action criteria not met,Unassigned,Yes
Completed,GDPR,IC-351010-T0N8,13/12/2024,2024,2024/25,Q3,09-Dec,23/02/2025,2025,2024/25,Q4,11-Feb,Transport and leisure,Holiday providers and services,Carnival Plc,Informal action taken,Breach recorded - regulatory action criteria not met,Advice given,No
Completed,GDPR,IC-345259-J5Q6,18/11/2024,2024,2024/25,Q3,08-Nov,23/02/2025,2025,2024/25,Q4,11-Feb,Transport and leisure,Accommodation providers,Castle Green Kendal Limited,Informal action taken,Unassigned,Unassigned,No
Completed,GDPR,IC-365153-Q1W1,20/02/2025,2025,2024/25,Q4,11-Feb,23/02/2025,2025,2024/25,Q4,11-Feb,Education and childcare,Academy and Free Schools,Castle School Education Trust,Informal action taken,Breach recorded - regulatory action criteria not met,Advice given,Yes
Completed,GDPR,IC-365161-L2H2,20/02/2025,2025,2024/25,Q4,11-Feb,23/02/2025,2025,2024/25,Q4,11-Feb,General business,Supplier of services,Central IT Systems Limited,Informal action taken,Breach recorded - regulatory action criteria not met,Advice given,No
Completed,GDPR,IC-343734-H5S4,11/11/2024,2024,2024/25,Q3,08-Nov,23/02/2025,2025,2024/25,Q4,11-Feb,Transport and leisure,Entertainment providers,Central Technology North,Informal action taken,Unassigned,Unassigned,Yes
Completed,GDPR,IC-341668-W8L2,31/10/2024,2024,2024/25,Q3,07-Oct,23/02/2025,2025,2024/25,Q4,11-Feb,Justice,Police Forces,Chief Constable Thames Valley Police,Informal action taken,Breach recorded - regulatory action criteria not met,Advice given,No
Completed,GDPR,IC-362887-Z4T2,12/02/2025,2025,2024/25,Q4,11-Feb,23/02/2025,2025,2024/25,Q4,11-Feb,Land or property services,Property management,Churchill Hui Ltd,Informal action taken,Breach recorded - regulatory action criteria not met,Unassigned,Yes
Completed,GDPR,IC-304014-C5C9,30/04/2024,2024,2024/25,Q1,01-Apr,23/02/2025,2025,2024/25,Q4,11-Feb,Charitable and voluntary,Local charities,Cornwall Community Development Ltd,Informal action taken,Breach recorded - regulatory action criteria not met,Advice given,No
Case Officer Review Completed,GDPR,IC-337808-N8Q7,14/10/2024,2024,2024/25,Q3,07-Oct,23/02/2025,2025,2024/25,Q4,11-Feb,Retail and manufacture,Manufacturing,"CR Laurence of Europe, Ltd",Informal action taken,Unassigned,Unassigned,Yes
Completed,GDPR,IC-301605-R1Y1,18/04/2024,2024,2024/25,Q1,01-Apr,23/02/2025,2025,2024/25,Q4,11-Feb,Health,Healthcare and pharmaceuticals,Crossgates Bioenergetics Limited,Informal action taken,Breach recorded - regulatory action criteria not met,Advice given,No
Completed,GDPR,IC-293055-S5Z7,07/03/2024,2024,2023/24,Q4,12-Mar,23/02/2025,2025,2024/25,Q4,11-Feb,Retail and manufacture,Supplier of goods,Darcy Clothing Limited,Informal action taken,Unassigned,Unassigned,Yes
Completed,GDPR,IC-331876-D6C3,13/09/2024,2024,2024/25,Q2,06-Sep,23/02/2025,2025,2024/25,Q4,11-Feb,Online Technology and Telecoms,Software developers,DataStax UK Limited,Informal action taken,Unassigned,Unassigned,Yes
Completed,GDPR,IC-333070-S3F5,20/09/2024,2024,2024/25,Q2,06-Sep,23/02/2025,2025,2024/25,Q4,11-Feb,Central Government,Government Department,Department of Health & Social Care (DHSC),Informal action taken,Unassigned,Unassigned,Yes
Completed,GDPR,IC-341598-J1G2,30/10/2024,2024,2024/25,Q3,07-Oct,23/02/2025,2025,2024/25,Q4,11-Feb,Local government,"Unitary Authority (London Borough, Mets and Councils in Scotland and Wales)",Derby City Council,Informal action taken,Breach recorded - regulatory action criteria not met,Advice given,No
Completed,GDPR,IC-344562-K5H7,14/11/2024,2024,2024/25,Q3,08-Nov,23/02/2025,2025,2024/25,Q4,11-Feb,Online Technology and Telecoms,Infrastructure and hardware providers,Diamond Light Source Ltd,Informal action taken,Unassigned,Unassigned,Yes
Completed,GDPR,IC-349614-F4Z0,10/12/2024,2024,2024/25,Q3,09-Dec,23/02/2025,2025,2024/25,Q4,11-Feb,Legal,Legal professionals,DICKINS HOPGOOD CHIDLEY LLP,Informal action taken,Unassigned,Unassigned,Don't know
Completed,GDPR,IC-339586-D5Z6,18/10/2024,2024,2024/25,Q3,07-Oct,23/02/2025,2025,2024/25,Q4,11-Feb,"Finance, insurance and credit",Financial services and advice,Eastspring Investments (Singapore) Limited,Informal action taken,Unassigned,Unassigned,Yes
Completed,GDPR,IC-324285-C8W1,07/08/2024,2024,2024/25,Q2,05-Aug,23/02/2025,2025,2024/25,Q4,11-Feb,Legal,Legal professionals,Eddowes Perry and Osbourne Limited,Informal action taken,Unassigned,Unassigned,Yes
Completed,GDPR,IC-304120-Z1S7,01/05/2024,2024,2024/25,Q1,02-May,23/02/2025,2025,2024/25,Q4,11-Feb,"Finance, insurance and credit",Financial services and advice,Elavon Financial Services DAC ,Informal action taken,Breach recorded - regulatory action criteria not met,Advice given,No
Completed,GDPR,IC-363227-S1Y5,12/02/2025,2025,2024/25,Q4,11-Feb,23/02/2025,2025,2024/25,Q4,11-Feb,Retail and manufacture,Supplier of services,Elpis Management Limited,Informal action taken,Breach recorded - regulatory action criteria not met,Unassigned,Yes
Completed,GDPR,IC-362325-T3R5,10/02/2025,2025,2024/25,Q4,11-Feb,23/02/2025,2025,2024/25,Q4,11-Feb,Retail and manufacture,Supplier of goods,Escada (UK) Limited,Informal action taken,Breach recorded - regulatory action criteria not met,Unassigned,Yes
Completed,GDPR,IC-345755-S7Y4,21/11/2024,2024,2024/25,Q3,08-Nov,23/02/2025,2025,2024/25,Q4,11-Feb,Charitable and voluntary,Unassigned,Family Lives ,Informal action taken,Unassigned,Unassigned,Yes
Completed,GDPR,IC-304987-K9J2,06/05/2024,2024,2024/25,Q1,02-May,23/02/2025,2025,2024/25,Q4,11-Feb,Land or property services,Property management,FirstPort Group Limited,Informal action taken,Breach recorded - regulatory action criteria not met,Advice given,No
Completed,GDPR,IC-298749-X8W6,04/04/2024,2024,2024/25,Q1,01-Apr,23/02/2025,2025,2024/25,Q4,11-Feb,Local government,"Unitary Authority (London Borough, Mets and Councils in Scotland and Wales)",Flintshire County Council,Informal action taken,Breach recorded - regulatory action criteria not met,Advice given,No
Completed,GDPR,IC-324489-N5F4,08/08/2024,2024,2024/25,Q2,05-Aug,23/02/2025,2025,2024/25,Q4,11-Feb,Land or property services,Property management,Flodrive Holdings Limited,Informal action taken,Unassigned,Unassigned,Yes
Completed,GDPR,IC-349716-Y5P5,06/12/2024,2024,2024/25,Q3,09-Dec,23/02/2025,2025,2024/25,Q4,11-Feb,Retail and manufacture,Manufacturing,Gemfields Limited,Informal action taken,Unassigned,Unassigned,No
Completed,GDPR,IC-362189-J2G0,10/02/2025,2025,2024/25,Q4,11-Feb,23/02/2025,2025,2024/25,Q4,11-Feb,Central Government,Government Department,Government of the British Virgin Islands,Informal action taken,Breach recorded - regulatory action criteria not met,Unassigned,Yes
Completed,GDPR,IC-346166-D5J5,22/11/2024,2024,2024/25,Q3,08-Nov,23/02/2025,2025,2024/25,Q4,11-Feb,Retail and manufacture,Manufacturing,Hallmark Group Products Limited,Informal action taken,Unassigned,Unassigned,Yes
Completed,GDPR,IC-346900-W4D7,28/11/2024,2024,2024/25,Q3,08-Nov,23/02/2025,2025,2024/25,Q4,11-Feb,Education and childcare,Unassigned,Harrogate Ladies College Limited,Informal action taken,Unassigned,Unassigned,Yes
Completed,GDPR,IC-304714-F8G4,03/05/2024,2024,2024/25,Q1,02-May,23/02/2025,2025,2024/25,Q4,11-Feb,Education and childcare,Community School,Hartford Primary School,Informal action taken,Breach recorded - regulatory action criteria not met,Advice given,No
Completed,GDPR,IC-360776-P2W7,03/02/2025,2025,2024/25,Q4,11-Feb,23/02/2025,2025,2024/25,Q4,11-Feb,Transport and leisure,Holiday providers and services,HF Holidays Ltd,Informal action taken,Breach recorded - regulatory action criteria not met,Unassigned,Yes
Completed,GDPR,IC-304983-C9G3,03/05/2024,2024,2024/25,Q1,02-May,23/02/2025,2025,2024/25,Q4,11-Feb,"Finance, insurance and credit",Banks and Building Societies,HSBC UK Bank Plc,Informal action taken,Breach recorded - regulatory action criteria not met,Advice given,No
Completed,GDPR,IC-335437-J6C2,02/10/2024,2024,2024/25,Q3,07-Oct,23/02/2025,2025,2024/25,Q4,11-Feb,Retail and manufacture,Supplier of goods,IKEA Distribution Services Limited,Informal action taken,Unassigned,Unassigned,Yes
Completed,GDPR,IC-335401-Z4H0,02/10/2024,2024,2024/25,Q3,07-Oct,23/02/2025,2025,2024/25,Q4,11-Feb,Retail and manufacture,Supplier of goods,Ikea Limited,Informal action taken,Unassigned,Unassigned,Yes
Completed,GDPR,IC-335466-V6G8,02/10/2024,2024,2024/25,Q3,07-Oct,23/02/2025,2025,2024/25,Q4,11-Feb,Land or property services,Property management,Ikea Properties Investments Limited,Informal action taken,Unassigned,Unassigned,Yes
Completed,GDPR,IC-335452-G0H5,02/10/2024,2024,2024/25,Q3,07-Oct,23/02/2025,2025,2024/25,Q4,11-Feb,Land or property services,Property management,Ingka Centres Management UK Ltd.,Informal action taken,Unassigned,Unassigned,Yes
Completed,GDPR,IC-335480-X9Z2,02/10/2024,2024,2024/25,Q3,07-Oct,23/02/2025,2025,2024/25,Q4,11-Feb,Land or property services,Property management,Ingka Centres UK MP Brighton Ltd,Informal action taken,Unassigned,Unassigned,Yes
Completed,GDPR,IC-365152-G2S2,20/02/2025,2025,2024/25,Q4,11-Feb,23/02/2025,2025,2024/25,Q4,11-Feb,Social care,Independent Social Worker,ISWP Assessment Services,Informal action taken,Breach recorded - regulatory action criteria not met,Advice given,No
Completed,GDPR,IC-362177-Y1S9,10/02/2025,2025,2024/25,Q4,11-Feb,23/02/2025,2025,2024/25,Q4,11-Feb,"Finance, insurance and credit",Financial services and advice,JAMES SAVAGE AND CO,Informal action taken,Breach recorded - regulatory action criteria not met,Unassigned,Yes
Completed,GDPR,IC-346918-S4J6,27/11/2024,2024,2024/25,Q3,08-Nov,23/02/2025,2025,2024/25,Q4,11-Feb,Legal,Legal professionals,KLS Law Ltd,Informal action taken,Unassigned,Unassigned,Yes
Completed,GDPR,IC-344477-X0R1,14/11/2024,2024,2024/25,Q3,08-Nov,23/02/2025,2025,2024/25,Q4,11-Feb,Legal,Legal professionals,Laker Legal Solicitors Ltd,Informal action taken,Unassigned,Unassigned,Don't know
Completed,GDPR,IC-355649-S5G1,15/01/2025,2025,2024/25,Q4,10-Jan,23/02/2025,2025,2024/25,Q4,11-Feb,Education and childcare,Further education,LANCING COLLEGE LIMITED,Informal action taken,Breach recorded - regulatory action criteria not met,Unassigned,Yes
Completed,GDPR,IC-352396-T2S7,19/12/2024,2024,2024/25,Q3,09-Dec,23/02/2025,2025,2024/25,Q4,11-Feb,Retail and manufacture,Manufacturing,Lapmaster Wolters Limited,Informal action taken,Breach recorded - regulatory action criteria not met,Unassigned,Yes
Completed,GDPR,IC-362317-X8G6,10/02/2025,2025,2024/25,Q4,11-Feb,23/02/2025,2025,2024/25,Q4,11-Feb,Transport and leisure,Entertainment providers,Ligentia Uk Ltd,Informal action taken,Breach recorded - regulatory action criteria not met,Unassigned,Yes
Completed,GDPR,IC-352947-L4J9,20/12/2024,2024,2024/25,Q3,09-Dec,23/02/2025,2025,2024/25,Q4,11-Feb,Charitable and voluntary,Local charities,Lighthouse Futures Trust,Informal action taken,Breach recorded - regulatory action criteria not met,Unassigned,Yes
Completed,GDPR,IC-347838-X6B3,03/12/2024,2024,2024/25,Q3,09-Dec,23/02/2025,2025,2024/25,Q4,11-Feb,Land or property services,Building and property construction,Linx Construction (UK) Limited,Informal action taken,Unassigned,Unassigned,Yes
Completed,GDPR,IC-351110-L8C8,13/12/2024,2024,2024/25,Q3,09-Dec,23/02/2025,2025,2024/25,Q4,11-Feb,Online Technology and Telecoms,Software developers,Liquidlogic Limited,Informal action taken,Breach recorded - regulatory action criteria not met,Unassigned,No
Completed,GDPR,IC-360713-L0Z6,04/02/2025,2025,2024/25,Q4,11-Feb,23/02/2025,2025,2024/25,Q4,11-Feb,Health,Private Healthcare providers,Logical Biological Limited,Informal action taken,Breach recorded - regulatory action criteria not met,Unassigned,Yes
Completed,GDPR,IC-362858-C0J3,12/02/2025,2025,2024/25,Q4,11-Feb,23/02/2025,2025,2024/25,Q4,11-Feb,Legal,Legal professionals,Lumine Law Ltd,Informal action taken,Breach recorded - regulatory action criteria not met,Unassigned,Yes
Completed,GDPR,IC-352252-Q5Q1,18/12/2024,2024,2024/25,Q3,09-Dec,23/02/2025,2025,2024/25,Q4,11-Feb,Transport and leisure,Leisure centres and gyms,Manchester Active Limited,Informal action taken,Breach recorded - regulatory action criteria not met,Unassigned,Yes
Completed,GDPR,IC-353243-M1Q0,30/12/2024,2024,2024/25,Q3,09-Dec,23/02/2025,2025,2024/25,Q4,11-Feb,Transport and leisure,Accommodation providers,Marriott Hotels Limited,Informal action taken,Breach recorded - regulatory action criteria not met,Unassigned,Yes
Completed,GDPR,IC-334685-D2W8,29/09/2024,2024,2024/25,Q2,06-Sep,23/02/2025,2025,2024/25,Q4,11-Feb,Legal,Legal professionals,McHale & Co Solicitors,Informal action taken,Unassigned,Unassigned,Yes
Completed,GDPR,IC-345018-N6D6,15/11/2024,2024,2024/25,Q3,08-Nov,23/02/2025,2025,2024/25,Q4,11-Feb,Transport and leisure,Haulage,McPherson Ltd,Informal action taken,Unassigned,Unassigned,Yes
Completed,GDPR,IC-353271-T2D8,27/12/2024,2024,2024/25,Q3,09-Dec,23/02/2025,2025,2024/25,Q4,11-Feb,Health,Pharmacist,Medexpress Enterprises Ltd ,Informal action taken,Breach recorded - regulatory action criteria not met,Unassigned,Yes
Completed,GDPR,IC-353644-T8V4,05/01/2025,2025,2024/25,Q4,10-Jan,23/02/2025,2025,2024/25,Q4,11-Feb,Online Technology and Telecoms,Social media,Meta Platforms Inc,Informal action taken,Breach recorded - regulatory action criteria not met,Unassigned,Yes
Completed,GDPR,IC-301944-Q5L2,19/04/2024,2024,2024/25,Q1,01-Apr,23/02/2025,2025,2024/25,Q4,11-Feb,General business,Business advice and consultancy,Methods Business and Digital Technology Ltd,Informal action taken,Breach recorded - regulatory action criteria not met,Advice given,No
Completed,GDPR,IC-343823-Q5B8,11/11/2024,2024,2024/25,Q3,08-Nov,23/02/2025,2025,2024/25,Q4,11-Feb,Transport and leisure,Entertainment providers,Midasplayer.com Ltd,Informal action taken,Unassigned,Unassigned,Yes
Completed,GDPR,IC-331402-Z7B1,12/09/2024,2024,2024/25,Q2,06-Sep,23/02/2025,2025,2024/25,Q4,11-Feb,Retail and manufacture,Manufacturing,MOLERODA FINISHING SYSTEMS LTD,Informal action taken,Unassigned,Unassigned,Yes
Completed,GDPR,IC-351764-Y7Z8,17/12/2024,2024,2024/25,Q3,09-Dec,23/02/2025,2025,2024/25,Q4,11-Feb,Retail and manufacture,Supplier of services,Mr & Mrs Roofer UK Limited,Informal action taken,Breach recorded - regulatory action criteria not met,Unassigned,Yes
Completed,GDPR,IC-345807-P6S2,21/11/2024,2024,2024/25,Q3,08-Nov,23/02/2025,2025,2024/25,Q4,11-Feb,Legal,Legal professionals,MS SOLICITORS LIMITED,Informal action taken,Unassigned,Unassigned,Yes
Completed,GDPR,IC-341600-C9X4,31/10/2024,2024,2024/25,Q3,07-Oct,23/02/2025,2025,2024/25,Q4,11-Feb,Charitable and voluntary,National charities,National Centre for Domestic Violence,Informal action taken,Breach recorded - regulatory action criteria not met,Advice given,No
Completed,GDPR,IC-334007-G1T0,25/09/2024,2024,2024/25,Q2,06-Sep,23/02/2025,2025,2024/25,Q4,11-Feb,Health,Public health,NHS Tayside,Informal action taken,Unassigned,Unassigned,Yes
Completed,GDPR,IC-303440-B1M7,25/04/2024,2024,2024/25,Q1,01-Apr,23/02/2025,2025,2024/25,Q4,11-Feb,Education and childcare,Maintained schools,Our Lady's Catholic High School,Informal action taken,Breach recorded - regulatory action criteria not met,Advice given,No
Completed,GDPR,IC-365154-Z3J6,20/02/2025,2025,2024/25,Q4,11-Feb,23/02/2025,2025,2024/25,Q4,11-Feb,Land or property services,Property management,P.I.P. Management Limited,Informal action taken,Breach recorded - regulatory action criteria not met,Advice given,No
Completed,GDPR,IC-336843-M0F8,07/10/2024,2024,2024/25,Q3,07-Oct,23/02/2025,2025,2024/25,Q4,11-Feb,"Finance, insurance and credit",Financial services and advice,Park Card Services Limited,Informal action taken,Unassigned,Unassigned,Yes
Completed,GDPR,IC-351409-H5Z2,13/12/2024,2024,2024/25,Q3,09-Dec,23/02/2025,2025,2024/25,Q4,11-Feb,Legal,Legal professionals,Parry Law,Informal action taken,Breach recorded - regulatory action criteria not met,Unassigned,Yes
Completed,GDPR,IC-301256-P5L4,17/04/2024,2024,2024/25,Q1,01-Apr,23/02/2025,2025,2024/25,Q4,11-Feb,Land or property services,Building and property construction,Pentland Homes Ltd,Informal action taken,Breach recorded - regulatory action criteria not met,Advice given,No
Completed,GDPR,IC-351008-J2Q1,13/12/2024,2024,2024/25,Q3,09-Dec,23/02/2025,2025,2024/25,Q4,11-Feb,"Finance, insurance and credit",Unassigned,"Praedicat, Inc",Informal action taken,Unassigned,Unassigned,Yes
Completed,GDPR,IC-334608-K0P6,27/09/2024,2024,2024/25,Q2,06-Sep,23/02/2025,2025,2024/25,Q4,11-Feb,Membership association,Employment and Trade Unions,Prospect,Informal action taken,Unassigned,Unassigned,Yes
Completed,GDPR,IC-360017-X2R3,31/01/2025,2025,2024/25,Q4,10-Jan,23/02/2025,2025,2024/25,Q4,11-Feb,Retail and manufacture,Supplier of services,Prospero Group ,Informal action taken,Breach recorded - regulatory action criteria not met,Unassigned,Yes
Completed,GDPR,IC-344024-P7P6,13/11/2024,2024,2024/25,Q3,08-Nov,23/02/2025,2025,2024/25,Q4,11-Feb,Education and childcare,Further education,Ravensbourne University London,Informal action taken,Unassigned,Unassigned,Yes
Completed,GDPR,IC-349947-Z0B6,09/12/2024,2024,2024/25,Q3,09-Dec,23/02/2025,2025,2024/25,Q4,11-Feb,Transport and leisure,Holiday providers and services,RCL Cruises Ltd,Informal action taken,Unassigned,Unassigned,Yes
Completed,GDPR,IC-360297-S4K2,31/01/2025,2025,2024/25,Q4,10-Jan,23/02/2025,2025,2024/25,Q4,11-Feb,Retail and manufacture,Manufacturing,Reid Lifting Ltd,Informal action taken,Breach recorded - regulatory action criteria not met,Unassigned,Yes
Completed,GDPR,IC-359223-C8G1,28/01/2025,2025,2024/25,Q4,10-Jan,23/02/2025,2025,2024/25,Q4,11-Feb,General business,Business advice and consultancy,Risk Crew Limited,Informal action taken,Breach recorded - regulatory action criteria not met,Unassigned,Yes
Completed,GDPR,IC-302802-S8X1,23/04/2024,2024,2024/25,Q1,01-Apr,23/02/2025,2025,2024/25,Q4,11-Feb,Local government,"Unitary Authority (London Borough, Mets and Councils in Scotland and Wales)",Royal Borough of Windsor & Maidenhead,Informal action taken,Breach recorded - regulatory action criteria not met,Advice given,No
Completed,GDPR,IC-362079-B3F0,08/02/2025,2025,2024/25,Q4,11-Feb,23/02/2025,2025,2024/25,Q4,11-Feb,Charitable and voluntary,Local charities,Royal Scottish National Orchestra Limited,Informal action taken,Breach recorded - regulatory action criteria not met,Unassigned,Yes
Completed,GDPR,IC-362213-F6G5,07/02/2025,2025,2024/25,Q4,11-Feb,23/02/2025,2025,2024/25,Q4,11-Feb,Legal,Legal professionals,RUTTERS,Informal action taken,Breach recorded - regulatory action criteria not met,Unassigned,Yes
Completed,GDPR,IC-301259-S2B5,17/04/2024,2024,2024/25,Q1,01-Apr,23/02/2025,2025,2024/25,Q4,11-Feb,Charitable and voluntary,National charities,Samaritans,Informal action taken,Breach recorded - regulatory action criteria not met,Advice given,No
Completed,GDPR,IC-334839-V9B6,27/09/2024,2024,2024/25,Q2,06-Sep,23/02/2025,2025,2024/25,Q4,11-Feb,General business,Supplier of services,SCA Investments Limited,Informal action taken,Unassigned,Unassigned,Yes
Completed,GDPR,IC-339185-S3S4,18/10/2024,2024,2024/25,Q3,07-Oct,23/02/2025,2025,2024/25,Q4,11-Feb,Retail and manufacture,Unassigned,Scotsdale Nursery & Garden Centre Ltd,Informal action taken,Unassigned,Unassigned,Yes
Completed,GDPR,IC-303388-B0X0,25/04/2024,2024,2024/25,Q1,01-Apr,23/02/2025,2025,2024/25,Q4,11-Feb,Utilities,Utility companies,Severn Trent Water Limited,Informal action taken,Breach recorded - regulatory action criteria not met,Advice given,No
Completed,GDPR,IC-351978-J9R1,18/12/2024,2024,2024/25,Q3,09-Dec,23/02/2025,2025,2024/25,Q4,11-Feb,"Finance, insurance and credit",Unassigned,Shergroup Limited,Informal action taken,Breach recorded - regulatory action criteria not met,Unassigned,Yes
Completed,GDPR,IC-305839-G5S3,10/05/2024,2024,2024/25,Q1,02-May,23/02/2025,2025,2024/25,Q4,11-Feb,Health,General Practitioner,Shore Medical (J81012),Informal action taken,Breach recorded - regulatory action criteria not met,Advice given,No
Completed,GDPR,IC-351079-C7G2,13/12/2024,2024,2024/25,Q3,09-Dec,23/02/2025,2025,2024/25,Q4,11-Feb,Legal,Legal professionals,Singh And Hussain Ltd,Informal action taken,Unassigned,Unassigned,Don't know
Completed,GDPR,IC-307551-X6L5,17/05/2024,2024,2024/25,Q1,02-May,23/02/2025,2025,2024/25,Q4,11-Feb,Social care,Domiciliary care,Snowflake Healthcare Ltd,Informal action taken,Unassigned,Unassigned,Yes
Completed,GDPR,IC-347750-L2V1,29/11/2024,2024,2024/25,Q3,08-Nov,23/02/2025,2025,2024/25,Q4,11-Feb,Education and childcare,Academy and Free Schools,St Thomas Aquinas Catholic Multi Academy Trust,Informal action taken,Breach recorded - regulatory action criteria not met,Advice given,No
Completed,GDPR,IC-356543-G8B0,17/01/2025,2025,2024/25,Q4,10-Jan,23/02/2025,2025,2024/25,Q4,11-Feb,Transport and leisure,Accommodation providers,Starlight Shoreditch Limited,Informal action taken,Breach recorded - regulatory action criteria not met,Unassigned,Yes
Completed,GDPR,IC-304008-Y2K3,29/04/2024,2024,2024/25,Q1,01-Apr,23/02/2025,2025,2024/25,Q4,11-Feb,Local government,County Council,Suffolk County Council,Informal action taken,Breach recorded - regulatory action criteria not met,Advice given,No
Completed,GDPR,IC-343309-D8L8,08/11/2024,2024,2024/25,Q3,08-Nov,23/02/2025,2025,2024/25,Q4,11-Feb,Retail and manufacture,Supplier of services,The Advice Service,Informal action taken,Unassigned,Unassigned,Yes
Completed,GDPR,IC-365162-G8F4,20/02/2025,2025,2024/25,Q4,11-Feb,23/02/2025,2025,2024/25,Q4,11-Feb,Health,Private Healthcare providers,The Agora Clinic ,Informal action taken,Breach recorded - regulatory action criteria not met,Advice given,No
Completed,GDPR,IC-349455-S2Q4,06/12/2024,2024,2024/25,Q3,09-Dec,23/02/2025,2025,2024/25,Q4,11-Feb,Education and childcare,Academy and Free Schools,The Beckfoot Trust,Informal action taken,Breach recorded - regulatory action criteria not met,Advice given,No
Completed,GDPR,IC-301775-X4K1,18/04/2024,2024,2024/25,Q1,01-Apr,23/02/2025,2025,2024/25,Q4,11-Feb,Education and childcare,Academy and Free Schools,The Bishop Fraser Trust,Informal action taken,Breach recorded - regulatory action criteria not met,Advice given,No
Completed,GDPR,IC-301729-V9G9,18/04/2024,2024,2024/25,Q1,01-Apr,23/02/2025,2025,2024/25,Q4,11-Feb,Charitable and voluntary,National charities,The Brain Tumour Charity,Informal action taken,Breach recorded - regulatory action criteria not met,Advice given,No
Case Officer Review Completed,GDPR,IC-340429-C1N7,24/10/2024,2024,2024/25,Q3,07-Oct,23/02/2025,2025,2024/25,Q4,11-Feb,Membership association,Industry associations,The Construction Industry Council,Informal action taken,Unassigned,Unassigned,Yes
Completed,GDPR,IC-349281-N4G4,06/12/2024,2024,2024/25,Q3,09-Dec,23/02/2025,2025,2024/25,Q4,11-Feb,Health,Secondary care,The Countess of Chester Hospital NHS Foundation Trust,Informal action taken,Breach recorded - regulatory action criteria not met,Advice given,No
Completed,GDPR,IC-343063-B8H8,07/11/2024,2024,2024/25,Q3,08-Nov,23/02/2025,2025,2024/25,Q4,11-Feb,"Finance, insurance and credit",Accountancy and Payroll,The Payroll Practice Limited,Informal action taken,Unassigned,Unassigned,Yes
Completed,GDPR,IC-351962-M3C8,18/12/2024,2024,2024/25,Q3,09-Dec,23/02/2025,2025,2024/25,Q4,11-Feb,Charitable and voluntary,Unassigned,The Percy Hedley Foundation,Informal action taken,Breach recorded - regulatory action criteria not met,Unassigned,Yes
Completed,GDPR,IC-351791-X3B2,18/12/2024,2024,2024/25,Q3,09-Dec,23/02/2025,2025,2024/25,Q4,11-Feb,Charitable and voluntary,Local charities,The Pump (East Birmingham) Ltd,Informal action taken,Breach recorded - regulatory action criteria not met,Unassigned,Yes
Completed,GDPR,IC-355178-C2H8,13/01/2025,2025,2024/25,Q4,10-Jan,23/02/2025,2025,2024/25,Q4,11-Feb,Education and childcare,Higher education,The Royal Veterinary College ,Informal action taken,Breach recorded - regulatory action criteria not met,Unassigned,Yes
Completed,GDPR,IC-349975-T9Y7,09/12/2024,2024,2024/25,Q3,09-Dec,23/02/2025,2025,2024/25,Q4,11-Feb,Retail and manufacture,Supplier of services,TNEI SERVICES LIMITED,Informal action taken,Unassigned,Unassigned,Yes
Completed,GDPR,IC-351422-T2D2,16/12/2024,2024,2024/25,Q3,09-Dec,23/02/2025,2025,2024/25,Q4,11-Feb,"Finance, insurance and credit",Financial services and advice,Tquila Komon Limited,Informal action taken,Breach recorded - regulatory action criteria not met,Unassigned,Yes
Completed,GDPR,IC-359616-V3B1,30/01/2025,2025,2024/25,Q4,10-Jan,23/02/2025,2025,2024/25,Q4,11-Feb,Retail and manufacture,Supplier of services,TRANSLADIEM LTD,Informal action taken,Breach recorded - regulatory action criteria not met,Unassigned,No
Completed,GDPR,IC-288206-W1S3,12/02/2024,2024,2023/24,Q4,11-Feb,23/02/2025,2025,2024/25,Q4,11-Feb,Retail and manufacture,Manufacturing,Trend Networks Limited,Informal action taken,Unassigned,Unassigned,Yes
Completed,GDPR,IC-351438-J0R3,16/12/2024,2024,2024/25,Q3,09-Dec,23/02/2025,2025,2024/25,Q4,11-Feb,Transport and leisure,Entertainment providers,Ulster Rugby,Informal action taken,Breach recorded - regulatory action criteria not met,Unassigned,Yes
Completed,GDPR,IC-365159-S7Y1,20/02/2025,2025,2024/25,Q4,11-Feb,23/02/2025,2025,2024/25,Q4,11-Feb,Health,Secondary care,University Hospitals Coventry and Warwickshire NHS Trust,Informal action taken,Breach recorded - regulatory action criteria not met,Advice given,No
Completed,GDPR,IC-340904-B9B4,25/10/2024,2024,2024/25,Q3,07-Oct,23/02/2025,2025,2024/25,Q4,11-Feb,Health,Primary care,University Hospitals Plymouth NHS Trust,Informal action taken,Breach recorded - regulatory action criteria not met,Advice given,No
Completed,GDPR,IC-301615-K5S4,18/04/2024,2024,2024/25,Q1,01-Apr,23/02/2025,2025,2024/25,Q4,11-Feb,Local government,District Council,Uttlesford District Council,Informal action taken,Breach recorded - regulatory action criteria not met,Advice given,No
Completed,GDPR,IC-333609-X4V8,24/09/2024,2024,2024/25,Q2,06-Sep,23/02/2025,2025,2024/25,Q4,11-Feb,Online Technology and Telecoms,Unassigned,VIDAA USA INC,Informal action taken,Unassigned,Unassigned,Yes
Completed,GDPR,IC-356392-F1J3,17/01/2025,2025,2024/25,Q4,10-Jan,23/02/2025,2025,2024/25,Q4,11-Feb,Health,Secondary care,West London NHS Trust,Informal action taken,Breach recorded - regulatory action criteria not met,Unassigned,Yes
Completed,GDPR,IC-304779-Z9Q4,03/05/2024,2024,2024/25,Q1,02-May,23/02/2025,2025,2024/25,Q4,11-Feb,Education and childcare,Maintained schools,WETHERBY HIGH SCHOOL,Informal action taken,Breach recorded - regulatory action criteria not met,Advice given,No
Completed,GDPR,IC-299292-C4B9,08/04/2024,2024,2024/25,Q1,01-Apr,23/02/2025,2025,2024/25,Q4,11-Feb,Health,Secondary care,Wirral University Teaching Hospital NHS Foundation Trust,Informal action taken,Breach recorded - regulatory action criteria not met,Advice given,No
Completed,GDPR,IC-340776-N8F2,25/10/2024,2024,2024/25,Q3,07-Oct,23/02/2025,2025,2024/25,Q4,11-Feb,Local government,District Council,Belfast City Council,No Further Action,Not PDB,Unassigned,No
Completed,GDPR,IC-345738-L1C3,20/11/2024,2024,2024/25,Q3,08-Nov,23/02/2025,2025,2024/25,Q4,11-Feb,Transport and leisure,Haulage,Govia Thameslink Railway Limited,No Further Action,Unassigned,Unassigned,Yes
Completed,GDPR,IC-343282-Y7D5,08/11/2024,2024,2024/25,Q3,08-Nov,23/02/2025,2025,2024/25,Q4,11-Feb,Education and childcare,Higher education,London Metropolitan University,No Further Action,Unassigned,Unassigned,Yes
Completed,GDPR,IC-365452-Z6D5,21/02/2025,2025,2024/25,Q4,11-Feb,24/02/2025,2025,2024/25,Q4,11-Feb,Retail and manufacture,Unassigned,Abrasive Power Tools Ltd,Informal action taken,Breach recorded - regulatory action criteria not met,Advice given,Yes
Completed,GDPR,IC-365169-Z0R7,20/02/2025,2025,2024/25,Q4,11-Feb,24/02/2025,2025,2024/25,Q4,11-Feb,Health,Private Healthcare providers,ADHD 360 Ltd,Informal action taken,Breach recorded - regulatory action criteria not met,Advice given,No
Completed,GDPR,IC-365270-H5N7,21/02/2025,2025,2024/25,Q4,11-Feb,24/02/2025,2025,2024/25,Q4,11-Feb,Retail and manufacture,Manufacturing,Altro Limited,Informal action taken,Breach recorded - regulatory action criteria not met,Advice given,Yes
Completed,GDPR,IC-365525-H2V2,21/02/2025,2025,2024/25,Q4,11-Feb,24/02/2025,2025,2024/25,Q4,11-Feb,Education and childcare,Community School,Anglian Learning,Informal action taken,Breach recorded - regulatory action criteria not met,Advice given,No
Completed,GDPR,IC-365471-B3S5,21/02/2025,2025,2024/25,Q4,11-Feb,24/02/2025,2025,2024/25,Q4,11-Feb,Health,Health research,Bioprojet Pharma,Informal action taken,Breach recorded - regulatory action criteria not met,Advice given,No
Completed,GDPR,IC-365148-B8X3,20/02/2025,2025,2024/25,Q4,11-Feb,24/02/2025,2025,2024/25,Q4,11-Feb,Social care,Domiciliary care,Blakehill Healthcare Ltd,Informal action taken,Breach recorded - regulatory action criteria not met,Advice given,No
Case Officer Review Completed,GDPR,IC-337469-X9S6,10/10/2024,2024,2024/25,Q3,07-Oct,24/02/2025,2025,2024/25,Q4,11-Feb,Social care,Independent Social Worker,Brighter Futures for Children Limited,Informal action taken,Breach recorded - regulatory action criteria not met,Advice given,No
Completed,GDPR,IC-364946-S5J2,17/02/2025,2025,2024/25,Q4,11-Feb,24/02/2025,2025,2024/25,Q4,11-Feb,Transport and leisure,Aviation,British Airways Plc,Informal action taken,Breach recorded - regulatory action criteria not met,Advice given,No
Completed,GDPR,IC-365187-B5S6,21/02/2025,2025,2024/25,Q4,11-Feb,24/02/2025,2025,2024/25,Q4,11-Feb,Utilities,Unassigned,Budget Energy Limited,Informal action taken,Breach recorded - regulatory action criteria not met,Advice given,No
Completed,GDPR,IC-365038-T2Q6,19/02/2025,2025,2024/25,Q4,11-Feb,24/02/2025,2025,2024/25,Q4,11-Feb,Charitable and voluntary,National charities,Canal & River Trust,Informal action taken,Breach recorded - regulatory action criteria not met,Advice given,No
Completed,GDPR,IC-365318-Y6C6,21/02/2025,2025,2024/25,Q4,11-Feb,24/02/2025,2025,2024/25,Q4,11-Feb,Education and childcare,Further education,City Of Portsmouth College,Informal action taken,Breach recorded - regulatory action criteria not met,Advice given,No
Completed,GDPR,IC-365305-G6V6,21/02/2025,2025,2024/25,Q4,11-Feb,24/02/2025,2025,2024/25,Q4,11-Feb,Education and childcare,Further education,City Of Portsmouth College,Informal action taken,Breach recorded - regulatory action criteria not met,Advice given,No
Completed,GDPR,IC-365166-D4Q4,20/02/2025,2025,2024/25,Q4,11-Feb,24/02/2025,2025,2024/25,Q4,11-Feb,Land or property services,Housing association,Clanmil Housing Association,Informal action taken,Breach recorded - regulatory action criteria not met,Advice given,No
Completed,GDPR,IC-364909-Y4F8,19/02/2025,2025,2024/25,Q4,11-Feb,24/02/2025,2025,2024/25,Q4,11-Feb,Central Government,Executive agencies,Companies House ,Informal action taken,Breach recorded - regulatory action criteria not met,Advice given,No
Completed,GDPR,IC-365283-B0X7,21/02/2025,2025,2024/25,Q4,11-Feb,24/02/2025,2025,2024/25,Q4,11-Feb,Legal,Legal professionals,Consumer Rights Solicitors Ltd,Informal action taken,Breach recorded - regulatory action criteria not met,Advice given,No
Completed,GDPR,IC-365340-K2G0,21/02/2025,2025,2024/25,Q4,11-Feb,24/02/2025,2025,2024/25,Q4,11-Feb,Retail and manufacture,Manufacturing,Contract Furniture Group,Informal action taken,Breach recorded - regulatory action criteria not met,Advice given,No
Completed,GDPR,IC-365432-V4B2,21/02/2025,2025,2024/25,Q4,11-Feb,24/02/2025,2025,2024/25,Q4,11-Feb,Health,Secondary care,Creative Support ltd,Informal action taken,Breach recorded - regulatory action criteria not met,Advice given,No
Completed,GDPR,IC-365375-P2Q2,21/02/2025,2025,2024/25,Q4,11-Feb,24/02/2025,2025,2024/25,Q4,11-Feb,"Finance, insurance and credit",Pensions,CVE Trustee Limited,Informal action taken,Breach recorded - regulatory action criteria not met,Advice given,Yes
Completed,GDPR,IC-359353-X9N2,28/01/2025,2025,2024/25,Q4,10-Jan,24/02/2025,2025,2024/25,Q4,11-Feb,Central Government,Government Department,Department for Work and Pensions (DWP),Informal action taken,Breach recorded - regulatory action criteria not met,Advice given,No
Completed,GDPR,IC-365145-J5H3,20/02/2025,2025,2024/25,Q4,11-Feb,24/02/2025,2025,2024/25,Q4,11-Feb,Health,General Practitioner,Great Harwood Medical Group,Informal action taken,Breach recorded - regulatory action criteria not met,Advice given,No
Completed,GDPR,IC-365050-T5K7,19/02/2025,2025,2024/25,Q4,11-Feb,24/02/2025,2025,2024/25,Q4,11-Feb,Education and childcare,Community School,Hollywater School,Informal action taken,Breach recorded - regulatory action criteria not met,Advice given,No
Completed,GDPR,IC-314303-W7W3,18/06/2024,2024,2024/25,Q1,03-Jun,24/02/2025,2025,2024/25,Q4,11-Feb,Charitable and voluntary,Unassigned,Home-Start Runnymede & Woking,Informal action taken,Breach recorded - regulatory action criteria not met,Advice given,No
Completed,GDPR,IC-365242-W2X6,19/02/2025,2025,2024/25,Q4,11-Feb,24/02/2025,2025,2024/25,Q4,11-Feb,Land or property services,Housing association,Jigsaw Homes Midlands,Informal action taken,Breach recorded - regulatory action criteria not met,Advice given,No
Completed,GDPR,IC-365511-P0X3,21/02/2025,2025,2024/25,Q4,11-Feb,24/02/2025,2025,2024/25,Q4,11-Feb,Charitable and voluntary,Local charities,MAIN-Taking Autism Personally,Informal action taken,Breach recorded - regulatory action criteria not met,Advice given,No
Completed,GDPR,IC-365488-B5B4,24/02/2025,2025,2024/25,Q4,11-Feb,24/02/2025,2025,2024/25,Q4,11-Feb,Retail and manufacture,Supplier of services,Marine And Risk Consultants Limited,Informal action taken,Breach recorded - regulatory action criteria not met,Advice given,Yes
Completed,GDPR,IC-365128-R1G0,19/02/2025,2025,2024/25,Q4,11-Feb,24/02/2025,2025,2024/25,Q4,11-Feb,Health,General Practitioner,Maywood Healthcare Centre,Informal action taken,Breach recorded - regulatory action criteria not met,Advice given,No
Completed,GDPR,IC-365172-M0N3,20/02/2025,2025,2024/25,Q4,11-Feb,24/02/2025,2025,2024/25,Q4,11-Feb,Central Government,Government Department,Ministry of Justice (MoJ),Informal action taken,Breach recorded - regulatory action criteria not met,Advice given,No
Completed,GDPR,IC-365309-R9G3,21/02/2025,2025,2024/25,Q4,11-Feb,24/02/2025,2025,2024/25,Q4,11-Feb,Retail and manufacture,Supplier of goods,Mobility Bathing Group Limited,Informal action taken,Breach recorded - regulatory action criteria not met,Advice given,No
Completed,GDPR,IC-364028-J3D9,17/02/2025,2025,2024/25,Q4,11-Feb,24/02/2025,2025,2024/25,Q4,11-Feb,Education and childcare,Unassigned,Morden Tuition Centre,Informal action taken,Breach recorded - regulatory action criteria not met,Advice given,Yes
Completed,GDPR,IC-365277-M4K7,21/02/2025,2025,2024/25,Q4,11-Feb,24/02/2025,2025,2024/25,Q4,11-Feb,Political,Unassigned,"MP constituency office, Dover and Deal",Informal action taken,Breach recorded - regulatory action criteria not met,Advice given,No
Completed,GDPR,IC-365176-G6Y1,21/02/2025,2025,2024/25,Q4,11-Feb,24/02/2025,2025,2024/25,Q4,11-Feb,Land or property services,Property management,Multiplex Construction Europe Limited,Informal action taken,Breach recorded - regulatory action criteria not met,Advice given,No
Completed,GDPR,IC-365053-X9J8,18/02/2025,2025,2024/25,Q4,11-Feb,24/02/2025,2025,2024/25,Q4,11-Feb,Legal,Legal professionals,Munro & Noble Solicitors,Informal action taken,Breach recorded - regulatory action criteria not met,Advice given,No
Completed,GDPR,IC-365441-N0W4,21/02/2025,2025,2024/25,Q4,11-Feb,24/02/2025,2025,2024/25,Q4,11-Feb,Retail and manufacture,Supplier of services,NG Bailey Limited,Informal action taken,Breach recorded - regulatory action criteria not met,Advice given,No
Completed,GDPR,IC-365143-R9S2,20/02/2025,2025,2024/25,Q4,11-Feb,24/02/2025,2025,2024/25,Q4,11-Feb,Health,Secondary care,Northumbria Healthcare NHS Foundation Trust,Informal action taken,Breach recorded - regulatory action criteria not met,Advice given,No
Completed,GDPR,IC-365245-M7Q9,21/02/2025,2025,2024/25,Q4,11-Feb,24/02/2025,2025,2024/25,Q4,11-Feb,"Finance, insurance and credit",Financial services and advice,O'connor & Co (Financial Services) Limited,Informal action taken,Breach recorded - regulatory action criteria not met,Advice given,Yes
Completed,GDPR,IC-363225-N3D7,12/02/2025,2025,2024/25,Q4,11-Feb,24/02/2025,2025,2024/25,Q4,11-Feb,Utilities,Utility companies,Octopus Energy Operations Limited,Informal action taken,Breach recorded - regulatory action criteria not met,Advice given,No
Completed,GDPR,IC-358972-Q0V7,26/01/2025,2025,2024/25,Q4,10-Jan,24/02/2025,2025,2024/25,Q4,11-Feb,Legal,Legal professionals,Page White & Farrer Services,Informal action taken,Breach recorded - regulatory action criteria not met,Unassigned,Yes
Completed,GDPR,IC-358978-R1S6,26/01/2025,2025,2024/25,Q4,10-Jan,24/02/2025,2025,2024/25,Q4,11-Feb,Legal,Legal professionals,"Page, White & Farrer Germany LLP",Informal action taken,Breach recorded - regulatory action criteria not met,Unassigned,Yes
Completed,GDPR,IC-358970-C9P1,26/01/2025,2025,2024/25,Q4,10-Jan,24/02/2025,2025,2024/25,Q4,11-Feb,Legal,Legal professionals,"Page, White & Farrer Limited",Informal action taken,Breach recorded - regulatory action criteria not met,Unassigned,Yes
Completed,GDPR,IC-364241-Z1W9,14/02/2025,2025,2024/25,Q4,11-Feb,24/02/2025,2025,2024/25,Q4,11-Feb,Legal,Legal professionals,Payne Hicks Beach LLP,Informal action taken,Breach recorded - regulatory action criteria not met,Advice given,No
Completed,GDPR,IC-362118-L4Q5,07/02/2025,2025,2024/25,Q4,11-Feb,24/02/2025,2025,2024/25,Q4,11-Feb,Education and childcare,Maintained schools,Rosemead Preparatory School & Nursey,Informal action taken,Breach recorded - regulatory action criteria not met,Advice given,No
Completed,GDPR,IC-365127-J6X8,19/02/2025,2025,2024/25,Q4,11-Feb,24/02/2025,2025,2024/25,Q4,11-Feb,"Finance, insurance and credit",Financial services and advice,Scottish Friendly Assurance Society Limited,Informal action taken,Breach recorded - regulatory action criteria not met,Advice given,No
Completed,GDPR,IC-365131-Z1M2,19/02/2025,2025,2024/25,Q4,11-Feb,24/02/2025,2025,2024/25,Q4,11-Feb,Charitable and voluntary,Local charities,Second Chance Headway Centre,Informal action taken,Breach recorded - regulatory action criteria not met,Advice given,No
Completed,GDPR,IC-365497-D7B6,21/02/2025,2025,2024/25,Q4,11-Feb,24/02/2025,2025,2024/25,Q4,11-Feb,Legal,Legal professionals,Solicitor Direct Limited,Informal action taken,Breach recorded - regulatory action criteria not met,Advice given,No
Completed,GDPR,IC-365548-P2B3,21/02/2025,2025,2024/25,Q4,11-Feb,24/02/2025,2025,2024/25,Q4,11-Feb,Health,Secondary care,St George's University Hospitals NHS Foundation Trust,Informal action taken,Breach recorded - regulatory action criteria not met,Advice given,No
Completed,GDPR,IC-365184-S3Q0,21/02/2025,2025,2024/25,Q4,11-Feb,24/02/2025,2025,2024/25,Q4,11-Feb,Charitable and voluntary,Local charities,Surrey Federation of Women's Institutes,Informal action taken,Breach recorded - regulatory action criteria not met,Advice given,No
Completed,GDPR,IC-365260-P9L1,21/02/2025,2025,2024/25,Q4,11-Feb,24/02/2025,2025,2024/25,Q4,11-Feb,Health,Secondary care,Swansea Bay University Health Board,Informal action taken,Breach recorded - regulatory action criteria not met,Advice given,No
Completed,GDPR,IC-362132-H8G1,07/02/2025,2025,2024/25,Q4,11-Feb,24/02/2025,2025,2024/25,Q4,11-Feb,Regulators,Regulatory Body,The Nursing and Midwifery Council,Informal action taken,Breach recorded - regulatory action criteria not met,Advice given,No
Completed,GDPR,IC-332005-D5K9,13/09/2024,2024,2024/25,Q2,06-Sep,24/02/2025,2025,2024/25,Q4,11-Feb,Charitable and voluntary,Local charities,Transform Housing & Support,Informal action taken,Breach recorded - regulatory action criteria not met,Advice given,No
Completed,GDPR,IC-365464-W8H9,21/02/2025,2025,2024/25,Q4,11-Feb,24/02/2025,2025,2024/25,Q4,11-Feb,Legal,Legal professionals,Vanderpump & Sykes LLP,Informal action taken,Breach recorded - regulatory action criteria not met,Advice given,No
Completed,GDPR,IC-365294-V7S8,21/02/2025,2025,2024/25,Q4,11-Feb,24/02/2025,2025,2024/25,Q4,11-Feb,Online Technology and Telecoms,Software developers,Workbooks Online Limited,Informal action taken,Breach recorded - regulatory action criteria not met,Advice given,No
Completed,GDPR,IC-365171-B9N7,20/02/2025,2025,2024/25,Q4,11-Feb,24/02/2025,2025,2024/25,Q4,11-Feb,Retail and manufacture,Supplier of goods,YGC Partners Ltd,Informal action taken,Breach recorded - regulatory action criteria not met,Advice given,No
Completed,GDPR,IC-365235-R4V4,21/02/2025,2025,2024/25,Q4,11-Feb,24/02/2025,2025,2024/25,Q4,11-Feb,Health,Secondary care,Sandwell and West Birmingham Hospitals NHS Trust,No Further Action,Not PDB,Unassigned,No
Completed,GDPR,IC-365055-Q5Z5,19/02/2025,2025,2024/25,Q4,11-Feb,25/02/2025,2025,2024/25,Q4,11-Feb,Education and childcare,Training Company,ACACIA TRAINING LIMITED,Informal action taken,Breach recorded - regulatory action criteria not met,Advice given,No
Completed,GDPR,IC-364023-L1J0,18/02/2025,2025,2024/25,Q4,11-Feb,25/02/2025,2025,2024/25,Q4,11-Feb,Retail and manufacture,Supplier of services,Aerospace Support International,Informal action taken,Breach recorded - regulatory action criteria not met,Advice given,Yes
Completed,GDPR,IC-361107-Y6W4,05/02/2025,2025,2024/25,Q4,11-Feb,25/02/2025,2025,2024/25,Q4,11-Feb,Health,Primary care,Ardale (Oakham) Limited,Informal action taken,Breach recorded - regulatory action criteria not met,Advice given,Yes
Completed,GDPR,IC-361117-T4M2,05/02/2025,2025,2024/25,Q4,11-Feb,25/02/2025,2025,2024/25,Q4,11-Feb,Health,Primary care,Ardale (Potters Grange) Limited,Informal action taken,Breach recorded - regulatory action criteria not met,Advice given,Yes
Completed,GDPR,IC-361116-V3F7,05/02/2025,2025,2024/25,Q4,11-Feb,25/02/2025,2025,2024/25,Q4,11-Feb,Social care,Residential care,Ardale (Welwyn Grange) Limited,Informal action taken,Breach recorded - regulatory action criteria not met,Advice given,Yes
Completed,GDPR,IC-365400-W7G7,21/02/2025,2025,2024/25,Q4,11-Feb,25/02/2025,2025,2024/25,Q4,11-Feb,General business,Unassigned,Arla Foods Limited,Informal action taken,Breach recorded - regulatory action criteria not met,Advice given,No
Completed,GDPR,IC-358948-T6J6,27/01/2025,2025,2024/25,Q4,10-Jan,25/02/2025,2025,2024/25,Q4,11-Feb,Retail and manufacture,Supplier of services,Arrow Auctions and Arrow Motor Auctions,Informal action taken,Breach recorded - regulatory action criteria not met,Unassigned,Yes
Completed,GDPR,IC-365795-V0Q4,21/02/2025,2025,2024/25,Q4,11-Feb,25/02/2025,2025,2024/25,Q4,11-Feb,Health,Secondary care,Belfast Health & Social Care Trust,Informal action taken,Breach recorded - regulatory action criteria not met,Advice given,No
Completed,GDPR,IC-365847-C1D8,23/02/2025,2025,2024/25,Q4,11-Feb,25/02/2025,2025,2024/25,Q4,11-Feb,Health,General Practitioner,Cherrymead Surgery,Informal action taken,Breach recorded - regulatory action criteria not met,Advice given,No
Completed,GDPR,IC-362152-L8H0,07/02/2025,2025,2024/25,Q4,11-Feb,25/02/2025,2025,2024/25,Q4,11-Feb,Justice,Police Forces,Chief Constable Dyfed-Powys Police,Informal action taken,Breach recorded - regulatory action criteria not met,Advice given,No
Completed,GDPR,IC-358958-L2L5,27/01/2025,2025,2024/25,Q4,10-Jan,25/02/2025,2025,2024/25,Q4,11-Feb,Marketing,Marketing providers,COMMUNISIS PS LIMITED,Informal action taken,Breach recorded - regulatory action criteria not met,Unassigned,Yes
Completed,GDPR,IC-364997-W9G9,18/02/2025,2025,2024/25,Q4,11-Feb,25/02/2025,2025,2024/25,Q4,11-Feb,Transport and leisure,Entertainment providers,"DayTrip Europe, Ltd",Informal action taken,Breach recorded - regulatory action criteria not met,Advice given,No
Completed,GDPR,IC-293675-H8J5,08/03/2024,2024,2023/24,Q4,12-Mar,25/02/2025,2025,2024/25,Q4,11-Feb,Local government,"Unitary Authority (London Borough, Mets and Councils in Scotland and Wales)",Derby City Council,Informal action taken,Breach recorded - regulatory action criteria not met,Advice given,Don't know
Completed,GDPR,IC-365704-C6R5,21/02/2025,2025,2024/25,Q4,11-Feb,25/02/2025,2025,2024/25,Q4,11-Feb,Local government,"Unitary Authority (London Borough, Mets and Councils in Scotland and Wales)",Derby City Council,Informal action taken,Breach recorded - regulatory action criteria not met,Advice given,No
Completed,GDPR,IC-359991-G9J6,01/02/2025,2025,2024/25,Q4,11-Feb,25/02/2025,2025,2024/25,Q4,11-Feb,Online Technology and Telecoms,Infrastructure and hardware providers,"DISA Global Solutions, Inc.",Informal action taken,Breach recorded - regulatory action criteria not met,Advice given,Yes
Completed,GDPR,IC-358977-P9X1,27/01/2025,2025,2024/25,Q4,10-Jan,25/02/2025,2025,2024/25,Q4,11-Feb,Retail and manufacture,Supplier of services,Editions Publishing Limited,Informal action taken,Breach recorded - regulatory action criteria not met,Unassigned,Yes
Completed,GDPR,IC-364011-J4W0,18/02/2025,2025,2024/25,Q4,11-Feb,25/02/2025,2025,2024/25,Q4,11-Feb,Health,Healthcare and pharmaceuticals,ERGOCOM Limited,Informal action taken,Breach recorded - regulatory action criteria not met,Advice given,Yes
Completed,GDPR,IC-365683-F0R3,21/02/2025,2025,2024/25,Q4,11-Feb,25/02/2025,2025,2024/25,Q4,11-Feb,Utilities,Unassigned,Faradion Limited,Informal action taken,Breach recorded - regulatory action criteria not met,Advice given,No
Completed,GDPR,IC-365447-K0N5,21/02/2025,2025,2024/25,Q4,11-Feb,25/02/2025,2025,2024/25,Q4,11-Feb,Retail and manufacture,Supplier of goods,Frank Roberts & Sons Ltd,Informal action taken,Breach recorded - regulatory action criteria not met,Advice given,Yes
Completed,GDPR,IC-365801-Y5F9,21/02/2025,2025,2024/25,Q4,11-Feb,25/02/2025,2025,2024/25,Q4,11-Feb,"Finance, insurance and credit",Banks and Building Societies,Hampshire Trust Bank PLC,Informal action taken,Breach recorded - regulatory action criteria not met,Advice given,No
Completed,GDPR,IC-364766-C6V9,17/02/2025,2025,2024/25,Q4,11-Feb,25/02/2025,2025,2024/25,Q4,11-Feb,Central Government,Government Department,HM Revenue and Customs (HMRC),Informal action taken,Breach recorded - regulatory action criteria not met,Advice given,No
Completed,GDPR,IC-361111-V3R4,03/02/2025,2025,2024/25,Q4,11-Feb,25/02/2025,2025,2024/25,Q4,11-Feb,Retail and manufacture,Manufacturing,Imi Precision Engineering Limited,Informal action taken,Breach recorded - regulatory action criteria not met,Advice given,Yes
Completed,GDPR,IC-365857-R9T6,22/02/2025,2025,2024/25,Q4,11-Feb,25/02/2025,2025,2024/25,Q4,11-Feb,Education and childcare,Private schools,"King's School, Rochester",Informal action taken,Breach recorded - regulatory action criteria not met,Advice given,No
Completed,GDPR,IC-365621-D4T2,24/02/2025,2025,2024/25,Q4,11-Feb,25/02/2025,2025,2024/25,Q4,11-Feb,Charitable and voluntary,Local charities,Lambourne End Ltd,Informal action taken,Breach recorded - regulatory action criteria not met,Advice given,Yes
Completed,GDPR,IC-358660-G8Z4,24/01/2025,2025,2024/25,Q4,10-Jan,25/02/2025,2025,2024/25,Q4,11-Feb,Local government,County Council,Lancashire County Council,Informal action taken,Breach recorded - regulatory action criteria not met,Advice given,No
Completed,GDPR,IC-364365-K3Q5,14/02/2025,2025,2024/25,Q4,11-Feb,25/02/2025,2025,2024/25,Q4,11-Feb,Charitable and voluntary,Local charities,LCR Pride Foundation,Informal action taken,Breach recorded - regulatory action criteria not met,Advice given,No
Completed,GDPR,IC-362770-Q7K0,11/02/2025,2025,2024/25,Q4,11-Feb,25/02/2025,2025,2024/25,Q4,11-Feb,Local government,"Unitary Authority (London Borough, Mets and Councils in Scotland and Wales)",London Borough of Waltham Forest,Informal action taken,Breach recorded - regulatory action criteria not met,Advice given,No
Completed,GDPR,IC-365139-L9Z5,19/02/2025,2025,2024/25,Q4,11-Feb,25/02/2025,2025,2024/25,Q4,11-Feb,Retail and manufacture,Manufacturing,Monaghan Mushrooms Limited,Informal action taken,Breach recorded - regulatory action criteria not met,Advice given,Yes
Completed,GDPR,IC-365278-Y3Y3,21/02/2025,2025,2024/25,Q4,11-Feb,25/02/2025,2025,2024/25,Q4,11-Feb,Land or property services,Property management,Montalt Management Limited,Informal action taken,Breach recorded - regulatory action criteria not met,Advice given,Yes
Completed,GDPR,IC-364991-W7B7,18/02/2025,2025,2024/25,Q4,11-Feb,25/02/2025,2025,2024/25,Q4,11-Feb,Health,Public health,NHS Lothian,Informal action taken,Breach recorded - regulatory action criteria not met,Advice given,No
Completed,GDPR,IC-365821-H6M4,21/02/2025,2025,2024/25,Q4,11-Feb,25/02/2025,2025,2024/25,Q4,11-Feb,Health,Healthcare and pharmaceuticals,NTW Solutions Limited,Informal action taken,Breach recorded - regulatory action criteria not met,Advice given,No
Completed,GDPR,IC-365707-P5P5,21/02/2025,2025,2024/25,Q4,11-Feb,25/02/2025,2025,2024/25,Q4,11-Feb,Education and childcare,Unassigned,Oak Hill CE Primary School,Informal action taken,Breach recorded - regulatory action criteria not met,Advice given,No
Completed,GDPR,IC-365396-D9D7,21/02/2025,2025,2024/25,Q4,11-Feb,25/02/2025,2025,2024/25,Q4,11-Feb,Utilities,Utility companies,Octopus Energy Group Limited,Informal action taken,Breach recorded - regulatory action criteria not met,Advice given,No
Completed,GDPR,IC-364034-V5K8,18/02/2025,2025,2024/25,Q4,11-Feb,25/02/2025,2025,2024/25,Q4,11-Feb,Legal,Legal professionals,Pearson Solicitors and Financial Advisers Limited,Informal action taken,Breach recorded - regulatory action criteria not met,Advice given,Yes
Completed,GDPR,IC-365797-Q1R4,21/02/2025,2025,2024/25,Q4,11-Feb,25/02/2025,2025,2024/25,Q4,11-Feb,Education and childcare,Unassigned,Penryn College,Informal action taken,Breach recorded - regulatory action criteria not met,Advice given,No
Completed,GDPR,IC-358968-J2R9,27/01/2025,2025,2024/25,Q4,10-Jan,25/02/2025,2025,2024/25,Q4,11-Feb,Retail and manufacture,Supplier of services,Psona Limited,Informal action taken,Breach recorded - regulatory action criteria not met,Unassigned,Yes
Completed,GDPR,IC-359364-T0H4,28/01/2025,2025,2024/25,Q4,10-Jan,25/02/2025,2025,2024/25,Q4,11-Feb,Charitable and voluntary,Local charities,Quarriers,Informal action taken,Breach recorded - regulatory action criteria not met,Advice given,No
Completed,GDPR,IC-365722-K0C6,21/02/2025,2025,2024/25,Q4,11-Feb,25/02/2025,2025,2024/25,Q4,11-Feb,Central Government,Non-departmental public body,Scottish Children's Reporter Administration,Informal action taken,Breach recorded - regulatory action criteria not met,Advice given,No
Completed,GDPR,IC-365624-F5Z0,21/02/2025,2025,2024/25,Q4,11-Feb,25/02/2025,2025,2024/25,Q4,11-Feb,Legal,Legal professionals,Solicitor Direct Limited,Informal action taken,Breach recorded - regulatory action criteria not met,Advice given,No
Completed,GDPR,IC-365460-Q3H4,21/02/2025,2025,2024/25,Q4,11-Feb,25/02/2025,2025,2024/25,Q4,11-Feb,Health,Healthcare and pharmaceuticals,The London Psychiatry Clinic Ltd,Informal action taken,Breach recorded - regulatory action criteria not met,Advice given,No
Completed,GDPR,IC-365666-G6B4,22/02/2025,2025,2024/25,Q4,11-Feb,25/02/2025,2025,2024/25,Q4,11-Feb,Transport and leisure,Accommodation providers,The Other House Opco Holdings LTD,Informal action taken,Breach recorded - regulatory action criteria not met,Advice given,Yes
Completed,GDPR,IC-365647-F3S1,21/02/2025,2025,2024/25,Q4,11-Feb,25/02/2025,2025,2024/25,Q4,11-Feb,"Finance, insurance and credit",Unassigned,Vincent Burch Limited,Informal action taken,Breach recorded - regulatory action criteria not met,Advice given,No
Case Officer Review Completed,GDPR,IC-365852-R8N1,21/02/2025,2025,2024/25,Q4,11-Feb,25/02/2025,2025,2024/25,Q4,11-Feb,Online Technology and Telecoms,Software developers,The Event Nest Ltd,No Further Action,Not PDB,Unassigned,No
Completed,GDPR,IC-366079-G2J4,24/02/2025,2025,2024/25,Q4,11-Feb,26/02/2025,2025,2024/25,Q4,11-Feb,Transport and leisure,Passenger transport,Access Car and Commercials,Informal action taken,Breach recorded - regulatory action criteria not met,Advice given,No
Completed,Hybrid,IC-362502-B2G3,10/02/2025,2025,2024/25,Q4,11-Feb,26/02/2025,2025,2024/25,Q4,11-Feb,Social care,Residential care,Achieve Together Ltd,Informal action taken,Breach recorded - regulatory action criteria not met,Advice given,No
Completed,Hybrid,IC-363917-X1L1,14/02/2025,2025,2024/25,Q4,11-Feb,26/02/2025,2025,2024/25,Q4,11-Feb,Charitable and voluntary,National charities,Affinity Trust,Informal action taken,Breach recorded - regulatory action criteria not met,Advice given,No
Completed,GDPR,IC-366244-L6H7,24/02/2025,2025,2024/25,Q4,11-Feb,26/02/2025,2025,2024/25,Q4,11-Feb,Land or property services,Housing association,APEX HOUSING ASSOCIATION LIMITED,Informal action taken,Breach recorded - regulatory action criteria not met,Advice given,No
Completed,GDPR,IC-365644-R7M4,24/02/2025,2025,2024/25,Q4,11-Feb,26/02/2025,2025,2024/25,Q4,11-Feb,"Finance, insurance and credit",Financial services and advice,Arc & Co Structured Finance Limited,Informal action taken,Breach recorded - regulatory action criteria not met,Advice given,Yes
Completed,GDPR,IC-364239-D3T1,14/02/2025,2025,2024/25,Q4,11-Feb,26/02/2025,2025,2024/25,Q4,11-Feb,Education and childcare,Academy and Free Schools,Athena Learning Trust,Informal action taken,Breach recorded - regulatory action criteria not met,Advice given,No
Completed,GDPR,IC-366138-W2C0,24/02/2025,2025,2024/25,Q4,11-Feb,26/02/2025,2025,2024/25,Q4,11-Feb,Justice,Police Authority,Avon and Somerset Constabulary,Informal action taken,Breach recorded - regulatory action criteria not met,Advice given,No
Completed,GDPR,IC-363437-V6R3,14/02/2025,2025,2024/25,Q4,11-Feb,26/02/2025,2025,2024/25,Q4,11-Feb,Health,Healthcare and pharmaceuticals,BACKBONE CHIROPRACTIC LIMITED,Informal action taken,Breach recorded - regulatory action criteria not met,Advice given,No
Completed,GDPR,IC-365129-X1R0,19/02/2025,2025,2024/25,Q4,11-Feb,26/02/2025,2025,2024/25,Q4,11-Feb,Health,Healthcare and pharmaceuticals,Beverley & Driffield Chiropractic Limited,Informal action taken,Breach recorded - regulatory action criteria not met,Advice given,No
Completed,GDPR,IC-361736-H4J0,07/02/2025,2025,2024/25,Q4,11-Feb,26/02/2025,2025,2024/25,Q4,11-Feb,Central Government,Non-departmental public body,British Broadcasting Corporation (BBC),Informal action taken,Breach recorded - regulatory action criteria not met,Advice given,No
Completed,GDPR,IC-365132-K0Q2,19/02/2025,2025,2024/25,Q4,11-Feb,26/02/2025,2025,2024/25,Q4,11-Feb,Social care,Domiciliary care,Bronte House Group Limited,Informal action taken,Breach recorded - regulatory action criteria not met,Advice given,No
Completed,GDPR,IC-366238-V2T0,25/02/2025,2025,2024/25,Q4,11-Feb,26/02/2025,2025,2024/25,Q4,11-Feb,Legal,Legal professionals,Buckles Solicitors LLP,Informal action taken,Breach recorded - regulatory action criteria not met,Advice given,No
Completed,GDPR,IC-366304-V2F1,24/02/2025,2025,2024/25,Q4,11-Feb,26/02/2025,2025,2024/25,Q4,11-Feb,Education and childcare,Community School,Burgh by Sands Primary School,Informal action taken,Breach recorded - regulatory action criteria not met,Advice given,No
Completed,GDPR,IC-365037-N7Z6,18/02/2025,2025,2024/25,Q4,11-Feb,26/02/2025,2025,2024/25,Q4,11-Feb,"Finance, insurance and credit",Financial services and advice,Causon Business Finance,Informal action taken,Breach recorded - regulatory action criteria not met,Advice given,No
Completed,GDPR,IC-359997-C5Y9,31/01/2025,2025,2024/25,Q4,10-Jan,26/02/2025,2025,2024/25,Q4,11-Feb,Charitable and voluntary,National charities,Change Grow Live,Informal action taken,Breach recorded - regulatory action criteria not met,Advice given,No
Completed,GDPR,IC-360093-Q5N5,31/01/2025,2025,2024/25,Q4,10-Jan,26/02/2025,2025,2024/25,Q4,11-Feb,Justice,Police Forces,Chief Constable West Midlands Police,Informal action taken,Breach recorded - regulatory action criteria not met,Advice given,No
Completed,Hybrid,IC-365764-G0K7,21/02/2025,2025,2024/25,Q4,11-Feb,26/02/2025,2025,2024/25,Q4,11-Feb,Retail and manufacture,Supplier of goods,Costa Limited,Informal action taken,Breach recorded - regulatory action criteria not met,Advice given,No
Completed,GDPR,IC-364969-F7W0,18/02/2025,2025,2024/25,Q4,11-Feb,26/02/2025,2025,2024/25,Q4,11-Feb,Health,Healthcare and pharmaceuticals,Coventry Rape & Sexual Abuse Centre Limited (CRASAC) ,Informal action taken,Breach recorded - regulatory action criteria not met,Advice given,No
Completed,GDPR,IC-271222-W2G1,16/11/2023,2023,2023/24,Q3,08-Nov,26/02/2025,2025,2024/25,Q4,11-Feb,Central Government,Government Department,Department For Education (DFE),Informal action taken,Breach recorded - regulatory action criteria not met,Advice given,No
Completed,GDPR,IC-365610-L5T6,25/02/2025,2025,2024/25,Q4,11-Feb,26/02/2025,2025,2024/25,Q4,11-Feb,Retail and manufacture,Supplier of goods,DTS Garage Services Ltd,Informal action taken,Breach recorded - regulatory action criteria not met,Advice given,Yes
Completed,GDPR,IC-361853-L1N4,07/02/2025,2025,2024/25,Q4,11-Feb,26/02/2025,2025,2024/25,Q4,11-Feb,General business,Supplier of services,EQUANS Holding UK Limited,Informal action taken,Breach recorded - regulatory action criteria not met,Advice given,No
Completed,GDPR,IC-365967-Z7G6,24/02/2025,2025,2024/25,Q4,11-Feb,26/02/2025,2025,2024/25,Q4,11-Feb,Charitable and voluntary,Local charities,Federation of Women's Institutes NI,Informal action taken,Breach recorded - regulatory action criteria not met,Advice given,Don't know
Completed,GDPR,IC-365134-K7R9,19/02/2025,2025,2024/25,Q4,11-Feb,26/02/2025,2025,2024/25,Q4,11-Feb,General business,Supplier of services,Granta Veterinary Specialists Limited,Informal action taken,Breach recorded - regulatory action criteria not met,Advice given,No
Completed,GDPR,IC-366112-X9Q1,24/02/2025,2025,2024/25,Q4,11-Feb,26/02/2025,2025,2024/25,Q4,11-Feb,Utilities,Utility companies,Green Energy Uk Plc,Informal action taken,Breach recorded - regulatory action criteria not met,Advice given,No
Completed,GDPR,IC-366215-W8M1,25/02/2025,2025,2024/25,Q4,11-Feb,26/02/2025,2025,2024/25,Q4,11-Feb,Charitable and voluntary,Unassigned,Invictus Wellbeing Foundation CIO,Informal action taken,Breach recorded - regulatory action criteria not met,Advice given,No
Completed,GDPR,IC-365306-F0R0,21/02/2025,2025,2024/25,Q4,11-Feb,26/02/2025,2025,2024/25,Q4,11-Feb,Retail and manufacture,Supplier of goods,Itsu Limited,Informal action taken,Breach recorded - regulatory action criteria not met,Advice given,Yes
Completed,GDPR,IC-365290-X8M3,21/02/2025,2025,2024/25,Q4,11-Feb,26/02/2025,2025,2024/25,Q4,11-Feb,Retail and manufacture,Supplier of goods,KP Snacks Limited,Informal action taken,Breach recorded - regulatory action criteria not met,Advice given,Yes
Completed,GDPR,IC-365149-W1N4,20/02/2025,2025,2024/25,Q4,11-Feb,26/02/2025,2025,2024/25,Q4,11-Feb,Local government,"Parish, community and town councils",Lewes Town Council,Informal action taken,Breach recorded - regulatory action criteria not met,Advice given,No
Completed,GDPR,IC-366143-F9S0,24/02/2025,2025,2024/25,Q4,11-Feb,26/02/2025,2025,2024/25,Q4,11-Feb,Land or property services,Housing association,London & Quadrant Housing Trust (L&Q),Informal action taken,Breach recorded - regulatory action criteria not met,Advice given,No
Completed,GDPR,IC-365829-W5G0,21/02/2025,2025,2024/25,Q4,11-Feb,26/02/2025,2025,2024/25,Q4,11-Feb,Retail and manufacture,Manufacturing,Mitchell & Ness International Limited,Informal action taken,Breach recorded - regulatory action criteria not met,Advice given,Yes
Completed,GDPR,IC-366084-Q5G6,24/02/2025,2025,2024/25,Q4,11-Feb,26/02/2025,2025,2024/25,Q4,11-Feb,Education and childcare,Unassigned,Mora Primary School ,Informal action taken,Breach recorded - regulatory action criteria not met,Advice given,No
Completed,GDPR,IC-366085-W5X2,24/02/2025,2025,2024/25,Q4,11-Feb,26/02/2025,2025,2024/25,Q4,11-Feb,Land or property services,Estate agency / letting agency,Move South Limited,Informal action taken,Breach recorded - regulatory action criteria not met,Advice given,No
Completed,GDPR,IC-366176-G3R7,24/02/2025,2025,2024/25,Q4,11-Feb,26/02/2025,2025,2024/25,Q4,11-Feb,Local government,"Parish, community and town councils",Newbury Town Council,Informal action taken,Breach recorded - regulatory action criteria not met,Advice given,No
Completed,GDPR,IC-366187-D2S8,24/02/2025,2025,2024/25,Q4,11-Feb,26/02/2025,2025,2024/25,Q4,11-Feb,Health,Secondary care,Northumbria Healthcare NHS Foundation Trust,Informal action taken,Breach recorded - regulatory action criteria not met,Advice given,No
Completed,GDPR,IC-365150-C4Q8,20/02/2025,2025,2024/25,Q4,11-Feb,26/02/2025,2025,2024/25,Q4,11-Feb,"Finance, insurance and credit",Accountancy and Payroll,One Accounting Ltd,Informal action taken,Breach recorded - regulatory action criteria not met,Advice given,No
Completed,GDPR,IC-366301-X4W0,24/02/2025,2025,2024/25,Q4,11-Feb,26/02/2025,2025,2024/25,Q4,11-Feb,Legal,Legal professionals,PCS Legal,Informal action taken,Breach recorded - regulatory action criteria not met,Advice given,No
Completed,GDPR,IC-366058-J5D1,24/02/2025,2025,2024/25,Q4,11-Feb,26/02/2025,2025,2024/25,Q4,11-Feb,Utilities,Unassigned,PPS,Informal action taken,Breach recorded - regulatory action criteria not met,Advice given,No
Completed,GDPR,IC-363959-Q0D8,14/02/2025,2025,2024/25,Q4,11-Feb,26/02/2025,2025,2024/25,Q4,11-Feb,Social care,Unassigned,Rosewood House Care Home,Informal action taken,Breach recorded - regulatory action criteria not met,Advice given,No
Completed,GDPR,IC-366043-J7T1,25/02/2025,2025,2024/25,Q4,11-Feb,26/02/2025,2025,2024/25,Q4,11-Feb,Land or property services,Building and property construction,Simply Conveyancing Panel Management Limited,Informal action taken,Breach recorded - regulatory action criteria not met,Advice given,Don't know
Completed,GDPR,IC-366167-P5W5,24/02/2025,2025,2024/25,Q4,11-Feb,26/02/2025,2025,2024/25,Q4,11-Feb,Legal,Legal professionals,Stephen Rimmer LLP,Informal action taken,Breach recorded - regulatory action criteria not met,Advice given,No
Completed,GDPR,IC-366124-L9C8,24/02/2025,2025,2024/25,Q4,11-Feb,26/02/2025,2025,2024/25,Q4,11-Feb,Local government,"Unitary Authority (London Borough, Mets and Councils in Scotland and Wales)",Stirling Council,Informal action taken,Breach recorded - regulatory action criteria not met,Advice given,No
Completed,GDPR,IC-366013-P3X4,24/02/2025,2025,2024/25,Q4,11-Feb,26/02/2025,2025,2024/25,Q4,11-Feb,"Finance, insurance and credit",Unassigned,Stonehage Fleming Investment Management Limited,Informal action taken,Breach recorded - regulatory action criteria not met,Advice given,No
Case Officer Review Completed,GDPR,IC-365717-J1G3,21/02/2025,2025,2024/25,Q4,11-Feb,26/02/2025,2025,2024/25,Q4,11-Feb,Retail and manufacture,Supplier of services,Style Hair & Beauty ( Wing ) Ltd,Informal action taken,Breach recorded - regulatory action criteria not met,Advice given,No
Completed,GDPR,IC-365940-H9L2,24/02/2025,2025,2024/25,Q4,11-Feb,26/02/2025,2025,2024/25,Q4,11-Feb,Charitable and voluntary,Local charities,Suffolk Libraries IPS LTD,Informal action taken,Breach recorded - regulatory action criteria not met,Advice given,No
Completed,GDPR,IC-366072-T7D0,25/02/2025,2025,2024/25,Q4,11-Feb,26/02/2025,2025,2024/25,Q4,11-Feb,Health,Unassigned,The Tutbury Practice,Informal action taken,Breach recorded - regulatory action criteria not met,Advice given,No
Completed,GDPR,IC-366224-L2R4,25/02/2025,2025,2024/25,Q4,11-Feb,26/02/2025,2025,2024/25,Q4,11-Feb,Legal,Legal professionals,TLT LLP,Informal action taken,Breach recorded - regulatory action criteria not met,Advice given,No
Completed,GDPR,IC-359468-V3S4,28/01/2025,2025,2024/25,Q4,10-Jan,26/02/2025,2025,2024/25,Q4,11-Feb,Local government,"Unitary Authority (London Borough, Mets and Councils in Scotland and Wales)",West Berkshire District Council,Informal action taken,Breach recorded - regulatory action criteria not met,Advice given,No
Completed,GDPR,IC-361662-B6H3,07/02/2025,2025,2024/25,Q4,11-Feb,26/02/2025,2025,2024/25,Q4,11-Feb,Legal,Legal professionals,Wheldon Law,Informal action taken,Breach recorded - regulatory action criteria not met,Advice given,No
Completed,GDPR,IC-366553-N6D5,26/02/2025,2025,2024/25,Q4,11-Feb,27/02/2025,2025,2024/25,Q4,11-Feb,Education and childcare,Academy and Free Schools,Accord Multi Academy Trust,Informal action taken,Breach recorded - regulatory action criteria not met,Advice given,No
Completed,GDPR,IC-364989-L1H8,18/02/2025,2025,2024/25,Q4,11-Feb,27/02/2025,2025,2024/25,Q4,11-Feb,Education and childcare,Community School,Anglian Learning,Informal action taken,Breach recorded - regulatory action criteria not met,Advice given,No
Completed,GDPR,IC-366624-F1G4,27/02/2025,2025,2024/25,Q4,11-Feb,27/02/2025,2025,2024/25,Q4,11-Feb,Legal,Barristers,Anon DC,Informal action taken,Breach recorded - regulatory action criteria not met,Advice given,Not Provided
Completed,GDPR,IC-366481-V0H2,26/02/2025,2025,2024/25,Q4,11-Feb,27/02/2025,2025,2024/25,Q4,11-Feb,"Finance, insurance and credit",Banks and Building Societies,Atom Bank,Informal action taken,Breach recorded - regulatory action criteria not met,Advice given,No
Completed,GDPR,IC-366469-C8N5,26/02/2025,2025,2024/25,Q4,11-Feb,27/02/2025,2025,2024/25,Q4,11-Feb,Land or property services,Unassigned,BA Commercial,Informal action taken,Breach recorded - regulatory action criteria not met,Advice given,No
Completed,GDPR,IC-366490-W0V5,25/02/2025,2025,2024/25,Q4,11-Feb,27/02/2025,2025,2024/25,Q4,11-Feb,Health,Secondary care,Barnsley Hospital NHS Foundation Trust,Informal action taken,Breach recorded - regulatory action criteria not met,Advice given,No
Completed,GDPR,IC-366409-R4Z9,25/02/2025,2025,2024/25,Q4,11-Feb,27/02/2025,2025,2024/25,Q4,11-Feb,Education and childcare,Maintained schools,Brookhurst Primary School,Informal action taken,Breach recorded - regulatory action criteria not met,Advice given,No
Completed,GDPR,IC-359702-V3Q0,30/01/2025,2025,2024/25,Q4,10-Jan,27/02/2025,2025,2024/25,Q4,11-Feb,Retail and manufacture,Supplier of goods,City West Commercials Limited,Informal action taken,Breach recorded - regulatory action criteria not met,Unassigned,Yes
Completed,GDPR,IC-366515-C5G2,26/02/2025,2025,2024/25,Q4,11-Feb,27/02/2025,2025,2024/25,Q4,11-Feb,Local government,District Council,East Staffordshire Borough Council,Informal action taken,Breach recorded - regulatory action criteria not met,Advice given,No
Completed,GDPR,IC-366449-J6L6,25/02/2025,2025,2024/25,Q4,11-Feb,27/02/2025,2025,2024/25,Q4,11-Feb,Health,Private Healthcare providers,Florence Nightingale Hospitals Ltd,Informal action taken,Breach recorded - regulatory action criteria not met,Advice given,No
Completed,GDPR,IC-366158-Y8H2,24/02/2025,2025,2024/25,Q4,11-Feb,27/02/2025,2025,2024/25,Q4,11-Feb,Retail and manufacture,Manufacturing,Fluke Precision Measurement Limited,Informal action taken,Breach recorded - regulatory action criteria not met,Advice given,No
Completed,GDPR,IC-366508-B7Q7,27/02/2025,2025,2024/25,Q4,11-Feb,27/02/2025,2025,2024/25,Q4,11-Feb,Membership association,Unassigned,Future Homes Hub,Informal action taken,Breach recorded - regulatory action criteria not met,Advice given,Yes
Completed,GDPR,IC-366071-K7N9,24/02/2025,2025,2024/25,Q4,11-Feb,27/02/2025,2025,2024/25,Q4,11-Feb,General business,Supplier of services,Hartford House Limited,Informal action taken,Breach recorded - regulatory action criteria not met,Advice given,No
Completed,GDPR,IC-366414-T4G0,26/02/2025,2025,2024/25,Q4,11-Feb,27/02/2025,2025,2024/25,Q4,11-Feb,Legal,Legal professionals,Haworth & Gallagher Solicitors,Informal action taken,Breach recorded - regulatory action criteria not met,Advice given,Yes
Completed,GDPR,IC-365142-M7S9,20/02/2025,2025,2024/25,Q4,11-Feb,27/02/2025,2025,2024/25,Q4,11-Feb,Retail and manufacture,Supplier of goods,Iceland Foods Ltd,Informal action taken,Breach recorded - regulatory action criteria not met,Advice given,No
Completed,GDPR,IC-366380-J0J9,25/02/2025,2025,2024/25,Q4,11-Feb,27/02/2025,2025,2024/25,Q4,11-Feb,Social care,Residential care,Institute of Integrated Systemic Therapy,Informal action taken,Breach recorded - regulatory action criteria not met,Advice given,No
Completed,GDPR,IC-360669-L3Z8,31/01/2025,2025,2024/25,Q4,10-Jan,27/02/2025,2025,2024/25,Q4,11-Feb,Charitable and voluntary,National charities,International Institute For Environment And Development,Informal action taken,Breach recorded - regulatory action criteria not met,Advice given,Yes
Completed,GDPR,IC-366498-Q2F1,25/02/2025,2025,2024/25,Q4,11-Feb,27/02/2025,2025,2024/25,Q4,11-Feb,Retail and manufacture,Supplier of services,Knight Protection Limited,Informal action taken,Breach recorded - regulatory action criteria not met,Advice given,No
Completed,GDPR,IC-361607-X5V6,06/02/2025,2025,2024/25,Q4,11-Feb,27/02/2025,2025,2024/25,Q4,11-Feb,Health,Healthcare and pharmaceuticals,L&R Medical UK Limited,Informal action taken,Breach recorded - regulatory action criteria not met,Advice given,No
Completed,GDPR,IC-366375-Z5M4,26/02/2025,2025,2024/25,Q4,11-Feb,27/02/2025,2025,2024/25,Q4,11-Feb,Local government,"Unitary Authority (London Borough, Mets and Councils in Scotland and Wales)",London Borough of Bexley,Informal action taken,Breach recorded - regulatory action criteria not met,Advice given,No
Completed,GDPR,IC-364644-C8J4,17/02/2025,2025,2024/25,Q4,11-Feb,27/02/2025,2025,2024/25,Q4,11-Feb,Local government,"Unitary Authority (London Borough, Mets and Councils in Scotland and Wales)",London Borough of Newham,Informal action taken,Breach recorded - regulatory action criteria not met,Advice given,No
Completed,GDPR,IC-359814-W5L3,31/01/2025,2025,2024/25,Q4,10-Jan,27/02/2025,2025,2024/25,Q4,11-Feb,Retail and manufacture,Supplier of goods,LRUK (Retail) Limited,Informal action taken,Breach recorded - regulatory action criteria not met,Unassigned,Yes
Completed,GDPR,IC-366501-K0P1,26/02/2025,2025,2024/25,Q4,11-Feb,27/02/2025,2025,2024/25,Q4,11-Feb,Land or property services,Building and property construction,Maintenance & Contracting Services Ltd,Informal action taken,Breach recorded - regulatory action criteria not met,Advice given,No
Completed,GDPR,IC-366056-C5V4,25/02/2025,2025,2024/25,Q4,11-Feb,27/02/2025,2025,2024/25,Q4,11-Feb,Land or property services,Property management,Multiplex Construction Europe Limited,Informal action taken,Breach recorded - regulatory action criteria not met,Advice given,Yes
Completed,GDPR,IC-366376-Z5T0,25/02/2025,2025,2024/25,Q4,11-Feb,27/02/2025,2025,2024/25,Q4,11-Feb,Local government,District Council,North Hertfordshire District Council,Informal action taken,Breach recorded - regulatory action criteria not met,Advice given,No
Completed,GDPR,IC-359509-J0D3,29/01/2025,2025,2024/25,Q4,10-Jan,27/02/2025,2025,2024/25,Q4,11-Feb,Retail and manufacture,Supplier of goods,Premier Housewares Limited,Informal action taken,Breach recorded - regulatory action criteria not met,Unassigned,Yes
Completed,GDPR,IC-359698-J0R5,30/01/2025,2025,2024/25,Q4,10-Jan,27/02/2025,2025,2024/25,Q4,11-Feb,"Finance, insurance and credit",Insurance,Protection Refined Limited t/a Protection Experts,Informal action taken,Breach recorded - regulatory action criteria not met,Unassigned,Yes
Completed,GDPR,IC-366360-C4M6,25/02/2025,2025,2024/25,Q4,11-Feb,27/02/2025,2025,2024/25,Q4,11-Feb,"Finance, insurance and credit",Financial services and advice,Ramsdens Financial Limited,Informal action taken,Breach recorded - regulatory action criteria not met,Advice given,No
Completed,GDPR,IC-366354-C9D6,26/02/2025,2025,2024/25,Q4,11-Feb,27/02/2025,2025,2024/25,Q4,11-Feb,Retail and manufacture,Unassigned,Shaft Innovations HK Limited,Informal action taken,Breach recorded - regulatory action criteria not met,Advice given,No
Completed,GDPR,IC-360105-H0M9,31/01/2025,2025,2024/25,Q4,10-Jan,27/02/2025,2025,2024/25,Q4,11-Feb,Health,Secondary care,South Tyneside and Sunderland NHS Foundation Trust,Informal action taken,Breach recorded - regulatory action criteria not met,Advice given,No
Completed,GDPR,IC-359822-L4X2,31/01/2025,2025,2024/25,Q4,10-Jan,27/02/2025,2025,2024/25,Q4,11-Feb,Education and childcare,"Nursery, playgroups and After School club",SPRINGBOARD SUNDERLAND TRUST,Informal action taken,Breach recorded - regulatory action criteria not met,Unassigned,Yes
Completed,GDPR,IC-366132-S3B0,24/02/2025,2025,2024/25,Q4,11-Feb,27/02/2025,2025,2024/25,Q4,11-Feb,Health,General Practitioner,Suffolk GP Federation CIC,Informal action taken,Breach recorded - regulatory action criteria not met,Advice given,No
Completed,GDPR,IC-366581-P1Y7,26/02/2025,2025,2024/25,Q4,11-Feb,27/02/2025,2025,2024/25,Q4,11-Feb,Retail and manufacture,Supplier of services,Supply Tree Recruitment Limited,Informal action taken,Breach recorded - regulatory action criteria not met,Advice given,No
Completed,GDPR,IC-364673-W9K1,17/02/2025,2025,2024/25,Q4,11-Feb,27/02/2025,2025,2024/25,Q4,11-Feb,Local government,"Unitary Authority (London Borough, Mets and Councils in Scotland and Wales)",Swindon Borough Council,Informal action taken,Breach recorded - regulatory action criteria not met,Advice given,No
Completed,GDPR,IC-366023-N0R4,24/02/2025,2025,2024/25,Q4,11-Feb,27/02/2025,2025,2024/25,Q4,11-Feb,Education and childcare,Community School,The Calder Learning Trust,Informal action taken,Breach recorded - regulatory action criteria not met,Advice given,Yes
Completed,GDPR,IC-366377-D2F8,25/02/2025,2025,2024/25,Q4,11-Feb,27/02/2025,2025,2024/25,Q4,11-Feb,Education and childcare,Maintained schools,The Olympus Academy Trust,Informal action taken,Breach recorded - regulatory action criteria not met,Advice given,No
Completed,GDPR,IC-366740-Z1Y2,26/02/2025,2025,2024/25,Q4,11-Feb,28/02/2025,2025,2024/25,Q4,11-Feb,Local government,"Unitary Authority (London Borough, Mets and Councils in Scotland and Wales)",Aberdeen City Council,Informal action taken,Breach recorded - regulatory action criteria not met,Advice given,No
Completed,GDPR,IC-366545-S1R0,26/02/2025,2025,2024/25,Q4,11-Feb,28/02/2025,2025,2024/25,Q4,11-Feb,Health,Healthcare and pharmaceuticals,Anon DC,Informal action taken,Breach recorded - regulatory action criteria not met,Advice given,No
Completed,GDPR,IC-366673-F1S7,27/02/2025,2025,2024/25,Q4,11-Feb,28/02/2025,2025,2024/25,Q4,11-Feb,Health,General Practitioner,Ballater Surgery,Informal action taken,Breach recorded - regulatory action criteria not met,Advice given,No
Completed,GDPR,IC-366725-L0H2,26/02/2025,2025,2024/25,Q4,11-Feb,28/02/2025,2025,2024/25,Q4,11-Feb,Legal,Legal professionals,Barrett and Thomson,Informal action taken,Breach recorded - regulatory action criteria not met,Advice given,No
Completed,GDPR,IC-364859-C2R6,17/02/2025,2025,2024/25,Q4,11-Feb,28/02/2025,2025,2024/25,Q4,11-Feb,Education and childcare,"Nursery, playgroups and After School club",Beech Tree Club,Informal action taken,Unassigned,Unassigned,No
Completed,GDPR,IC-366738-D0M6,26/02/2025,2025,2024/25,Q4,11-Feb,28/02/2025,2025,2024/25,Q4,11-Feb,Local government,"Unitary Authority (London Borough, Mets and Councils in Scotland and Wales)",Bristol City Council,Informal action taken,Breach recorded - regulatory action criteria not met,Advice given,No
Completed,GDPR,IC-366734-T7Z6,27/02/2025,2025,2024/25,Q4,11-Feb,28/02/2025,2025,2024/25,Q4,11-Feb,Legal,Legal professionals,Buckles Solicitors LLP,Informal action taken,Breach recorded - regulatory action criteria not met,Advice given,No
Completed,GDPR,IC-365168-R7W6,20/02/2025,2025,2024/25,Q4,11-Feb,28/02/2025,2025,2024/25,Q4,11-Feb,Health,General Practitioner,Corbett Medical Practice,Informal action taken,Breach recorded - regulatory action criteria not met,Advice given,No
Completed,GDPR,IC-366677-L0C7,26/02/2025,2025,2024/25,Q4,11-Feb,28/02/2025,2025,2024/25,Q4,11-Feb,General business,Security,Corps Security (UK) Limited,Informal action taken,Breach recorded - regulatory action criteria not met,Advice given,No
Completed,GDPR,IC-366794-K1Z8,27/02/2025,2025,2024/25,Q4,11-Feb,28/02/2025,2025,2024/25,Q4,11-Feb,Charitable and voluntary,National charities,Countryside Learning Scotland,Informal action taken,Breach recorded - regulatory action criteria not met,Advice given,Yes
Completed,GDPR,IC-366593-V5M0,26/02/2025,2025,2024/25,Q4,11-Feb,28/02/2025,2025,2024/25,Q4,11-Feb,Local government,County Council,Derbyshire County Council,Informal action taken,Breach recorded - regulatory action criteria not met,Advice given,No
Completed,GDPR,IC-364829-K7L7,17/02/2025,2025,2024/25,Q4,11-Feb,28/02/2025,2025,2024/25,Q4,11-Feb,Legal,Legal professionals,Dodds Solicitors LLP,Informal action taken,Breach recorded - regulatory action criteria not met,Advice given,No
Completed,GDPR,IC-365144-S0W9,19/02/2025,2025,2024/25,Q4,11-Feb,28/02/2025,2025,2024/25,Q4,11-Feb,Retail and manufacture,Manufacturing,Drimbawn (Uk) Limited,Informal action taken,Breach recorded - regulatory action criteria not met,Advice given,Yes
Completed,GDPR,IC-366722-F7M9,26/02/2025,2025,2024/25,Q4,11-Feb,28/02/2025,2025,2024/25,Q4,11-Feb,Health,General Practitioner,Harewood Medical Practice,Informal action taken,Breach recorded - regulatory action criteria not met,Advice given,No
Completed,GDPR,IC-366749-Q5F2,27/02/2025,2025,2024/25,Q4,11-Feb,28/02/2025,2025,2024/25,Q4,11-Feb,Health,Healthcare and pharmaceuticals,Harley Street ENT Clinic Ltd,Informal action taken,Breach recorded - regulatory action criteria not met,Advice given,No
Completed,GDPR,IC-366781-M7T6,26/02/2025,2025,2024/25,Q4,11-Feb,28/02/2025,2025,2024/25,Q4,11-Feb,Health,Pharmacist,Healthcare 4u Ltd,Informal action taken,Breach recorded - regulatory action criteria not met,Advice given,No
Completed,GDPR,IC-366730-Y2S1,26/02/2025,2025,2024/25,Q4,11-Feb,28/02/2025,2025,2024/25,Q4,11-Feb,Land or property services,Property management,Iam- Sold Ltd,Informal action taken,Breach recorded - regulatory action criteria not met,Advice given,No
Completed,GDPR,IC-364944-J1Z7,17/02/2025,2025,2024/25,Q4,11-Feb,28/02/2025,2025,2024/25,Q4,11-Feb,Health,Dentists,Inglewood House Dental Practice,Informal action taken,Breach recorded - regulatory action criteria not met,Advice given,No
Completed,GDPR,IC-365170-K8R2,20/02/2025,2025,2024/25,Q4,11-Feb,28/02/2025,2025,2024/25,Q4,11-Feb,Land or property services,Property management,Land Securities Group PLC,Informal action taken,Breach recorded - regulatory action criteria not met,Advice given,No
Completed,GDPR,IC-364988-Q1L6,17/02/2025,2025,2024/25,Q4,11-Feb,28/02/2025,2025,2024/25,Q4,11-Feb,Local government,Representative and arm's length bodies,Northern Ireland Assembly Commission,Informal action taken,Breach recorded - regulatory action criteria not met,Advice given,No
Completed,GDPR,IC-361418-S8Z9,05/02/2025,2025,2024/25,Q4,11-Feb,28/02/2025,2025,2024/25,Q4,11-Feb,Local government,"Unitary Authority (London Borough, Mets and Councils in Scotland and Wales)",Rotherham Metropolitan Borough Council,Informal action taken,Breach recorded - regulatory action criteria not met,Advice given,No
Completed,GDPR,IC-365079-T3Z4,19/02/2025,2025,2024/25,Q4,11-Feb,28/02/2025,2025,2024/25,Q4,11-Feb,Local government,Borough Council,Sandbach Town Council,Informal action taken,Breach recorded - regulatory action criteria not met,Advice given,No
Completed,GDPR,IC-366669-P0R9,27/02/2025,2025,2024/25,Q4,11-Feb,28/02/2025,2025,2024/25,Q4,11-Feb,"Finance, insurance and credit",Unassigned,St. James's Place Wealth Management Group Plc,Informal action taken,Breach recorded - regulatory action criteria not met,Advice given,No
Completed,GDPR,IC-365864-W7S3,25/02/2025,2025,2024/25,Q4,11-Feb,28/02/2025,2025,2024/25,Q4,11-Feb,"Finance, insurance and credit",Accountancy and Payroll,TCM Bookkeeping Limited,Informal action taken,Breach recorded - regulatory action criteria not met,Advice given,Yes
Completed,GDPR,IC-366750-M4H6,26/02/2025,2025,2024/25,Q4,11-Feb,28/02/2025,2025,2024/25,Q4,11-Feb,Health,Secondary care,The Rotherham NHS Foundation Trust,Informal action taken,Breach recorded - regulatory action criteria not met,Advice given,No
Completed,GDPR,IC-366602-R5K0,26/02/2025,2025,2024/25,Q4,11-Feb,28/02/2025,2025,2024/25,Q4,11-Feb,Health,Private Healthcare providers,Unravel Support Ltd,Informal action taken,Breach recorded - regulatory action criteria not met,Advice given,No
Completed,GDPR,IC-361474-K1N3,05/02/2025,2025,2024/25,Q4,11-Feb,28/02/2025,2025,2024/25,Q4,11-Feb,Local government,"Unitary Authority (London Borough, Mets and Councils in Scotland and Wales)",Wolverhampton City Council,Informal action taken,Breach recorded - regulatory action criteria not met,Advice given,No
Completed,DPA 98,IC-366682-T9B3,26/02/2025,2025,2024/25,Q4,11-Feb,28/02/2025,2025,2024/25,Q4,11-Feb,Health,General Practitioner,Elizabeth House Medical Practice,No Further Action,Not PDB,Unassigned,No
Completed,GDPR,IC-312701-R6T3,11/06/2024,2024,2024/25,Q1,03-Jun,01/03/2025,2025,2024/25,Q4,12-Mar,General business,Business advice and consultancy, Nectar HR Limited,Informal action taken,Breach recorded - regulatory action criteria not met,Advice given,No
Completed,GDPR,IC-308826-M8L7,23/05/2024,2024,2024/25,Q1,02-May,01/03/2025,2025,2024/25,Q4,12-Mar,Online Technology and Telecoms,Software developers,Administrate Limited,Informal action taken,Breach recorded - regulatory action criteria not met,Advice given,No
Completed,GDPR,IC-313028-Y2M5,13/06/2024,2024,2024/25,Q1,03-Jun,01/03/2025,2025,2024/25,Q4,12-Mar,Health,Unassigned,Animal Trust Vets CIC,Informal action taken,Breach recorded - regulatory action criteria not met,Advice given,No
Completed,GDPR,IC-309975-J0C4,29/05/2024,2024,2024/25,Q1,02-May,01/03/2025,2025,2024/25,Q4,12-Mar,Legal,Barristers,Anon DC,Informal action taken,Breach recorded - regulatory action criteria not met,Advice given,No
Completed,GDPR,IC-310563-L8N7,31/05/2024,2024,2024/25,Q1,02-May,01/03/2025,2025,2024/25,Q4,12-Mar,"Finance, insurance and credit",Insurance,Aviva Health UK Limited,Informal action taken,Breach recorded - regulatory action criteria not met,Advice given,No
Completed,GDPR,IC-309269-L3R1,24/05/2024,2024,2024/25,Q1,02-May,01/03/2025,2025,2024/25,Q4,12-Mar,"Finance, insurance and credit",Accountancy and Payroll,Azets Holdings Limited,Informal action taken,Breach recorded - regulatory action criteria not met,Advice given,No
Completed,GDPR,IC-264946-N9H4,13/10/2023,2023,2023/24,Q3,07-Oct,01/03/2025,2025,2024/25,Q4,12-Mar,Health,General Practitioner,Beacon Health Group (Danbury Medical Centre),Informal action taken,Breach recorded - regulatory action criteria not met,Advice given,No
Completed,GDPR,IC-366809-G8S7,30/11/2023,2023,2023/24,Q3,08-Nov,01/03/2025,2025,2024/25,Q4,12-Mar,"Finance, insurance and credit",Pensions,Berkshire Pension Fund,Informal action taken,Breach recorded - regulatory action criteria not met,Advice given,Yes
Completed,GDPR,IC-310570-M4X1,31/05/2024,2024,2024/25,Q1,02-May,01/03/2025,2025,2024/25,Q4,12-Mar,Transport and leisure,Bar and restaurant,Chalk Hill Inns Limited,Informal action taken,Breach recorded - regulatory action criteria not met,Advice given,No
Completed,GDPR,IC-263840-G0B9,09/10/2023,2023,2023/24,Q3,07-Oct,01/03/2025,2025,2024/25,Q4,12-Mar,Justice,Police Forces,Chief Constable North Yorkshire Police,Informal action taken,Breach recorded - regulatory action criteria not met,Advice given,No
Completed,GDPR,IC-307004-H6R2,15/05/2024,2024,2024/25,Q1,02-May,01/03/2025,2025,2024/25,Q4,12-Mar,"Finance, insurance and credit",Lenders,Creation Consumer Finance Limited,Informal action taken,Breach recorded - regulatory action criteria not met,Advice given,No
Completed,GDPR,IC-313220-S4K1,13/06/2024,2024,2024/25,Q1,03-Jun,01/03/2025,2025,2024/25,Q4,12-Mar,"Finance, insurance and credit",Unassigned,Darnells Chartered Accountants,Informal action taken,Breach recorded - regulatory action criteria not met,Advice given,No
Completed,GDPR,IC-263753-H8P6,09/10/2023,2023,2023/24,Q3,07-Oct,01/03/2025,2025,2024/25,Q4,12-Mar,Health,Unassigned,Day One Counselling,Informal action taken,Breach recorded - regulatory action criteria not met,Advice given,No
Completed,GDPR,IC-308792-V3B5,23/05/2024,2024,2024/25,Q1,02-May,01/03/2025,2025,2024/25,Q4,12-Mar,Local government,"Unitary Authority (London Borough, Mets and Councils in Scotland and Wales)",Denbighshire County Council,Informal action taken,Breach recorded - regulatory action criteria not met,Advice given,No
Completed,GDPR,IC-313211-C6B5,13/06/2024,2024,2024/25,Q1,03-Jun,01/03/2025,2025,2024/25,Q4,12-Mar,Education and childcare,Academy and Free Schools,Diocese Of Bristol Academies Trust ,Informal action taken,Breach recorded - regulatory action criteria not met,Advice given,No
Completed,GDPR,IC-310315-Z1F9,31/05/2024,2024,2024/25,Q1,02-May,01/03/2025,2025,2024/25,Q4,12-Mar,"Finance, insurance and credit",Accountancy and Payroll,Future Insight Consultancy Ltd,Informal action taken,Breach recorded - regulatory action criteria not met,Advice given,No
Completed,GDPR,IC-309528-C4T1,28/05/2024,2024,2024/25,Q1,02-May,01/03/2025,2025,2024/25,Q4,12-Mar,Land or property services,Unassigned,Gleeson Developments Limited,Informal action taken,Breach recorded - regulatory action criteria not met,Advice given,No
Completed,GDPR,IC-308820-Y6G1,23/05/2024,2024,2024/25,Q1,02-May,01/03/2025,2025,2024/25,Q4,12-Mar,"Finance, insurance and credit",Banks and Building Societies,HSBC UK Bank Plc,Informal action taken,Breach recorded - regulatory action criteria not met,Advice given,No
Completed,GDPR,IC-312953-N6H7,12/06/2024,2024,2024/25,Q1,03-Jun,01/03/2025,2025,2024/25,Q4,12-Mar,Social care,Domiciliary care,Kope-Medics Ltd,Informal action taken,Breach recorded - regulatory action criteria not met,Advice given,No
Completed,GDPR,IC-309953-X8X6,29/05/2024,2024,2024/25,Q1,02-May,01/03/2025,2025,2024/25,Q4,12-Mar,Health,General Practitioner,Ladybarn Group Practice,Informal action taken,Breach recorded - regulatory action criteria not met,Advice given,No
Completed,GDPR,IC-263852-R6V4,10/10/2023,2023,2023/24,Q3,07-Oct,01/03/2025,2025,2024/25,Q4,12-Mar,Health,General Practitioner,Leander Family Practice,Informal action taken,Breach recorded - regulatory action criteria not met,Advice given,No
Completed,GDPR,IC-312902-Q5B3,12/06/2024,2024,2024/25,Q1,03-Jun,01/03/2025,2025,2024/25,Q4,12-Mar,Local government,"Unitary Authority (London Borough, Mets and Councils in Scotland and Wales)",London Borough Of Harrow,Informal action taken,Breach recorded - regulatory action criteria not met,Advice given,No
Completed,GDPR,IC-312763-P1L5,10/06/2024,2024,2024/25,Q1,03-Jun,01/03/2025,2025,2024/25,Q4,12-Mar,Education and childcare,Higher education,London School of Economics,Informal action taken,Breach recorded - regulatory action criteria not met,Advice given,Not Provided
Completed,GDPR,IC-263790-T7M2,09/10/2023,2023,2023/24,Q3,07-Oct,01/03/2025,2025,2024/25,Q4,12-Mar,Health,Secondary care,Maidstone and Tunbridge Wells NHS Trust,Informal action taken,Breach recorded - regulatory action criteria not met,Advice given,No
Completed,GDPR,IC-306446-J0H0,13/05/2024,2024,2024/25,Q1,02-May,01/03/2025,2025,2024/25,Q4,12-Mar,Health,Pharmacist,Mamedica Dispensary Ltd,Informal action taken,Breach recorded - regulatory action criteria not met,Advice given,No
Completed,GDPR,IC-306453-R9Z8,13/05/2024,2024,2024/25,Q1,02-May,01/03/2025,2025,2024/25,Q4,12-Mar,Health,Pharmacist,Mamedica Dispensary Ltd,Informal action taken,Breach recorded - regulatory action criteria not met,Advice given,No
Completed,GDPR,IC-306452-C8P5,13/05/2024,2024,2024/25,Q1,02-May,01/03/2025,2025,2024/25,Q4,12-Mar,Health,Pharmacist,Mamedica Dispensary Ltd,Informal action taken,Breach recorded - regulatory action criteria not met,Advice given,No
Completed,GDPR,IC-309814-K5W4,28/05/2024,2024,2024/25,Q1,02-May,01/03/2025,2025,2024/25,Q4,12-Mar,Utilities,Utility companies,MTC Operations Limited,Informal action taken,Breach recorded - regulatory action criteria not met,Advice given,No
Completed,GDPR,IC-264990-Z2X0,13/10/2023,2023,2023/24,Q3,07-Oct,01/03/2025,2025,2024/25,Q4,12-Mar,Health,Commissioning,NHS North West London Integrated Care Board,Informal action taken,Breach recorded - regulatory action criteria not met,Advice given,No
Completed,GDPR,IC-262829-P3N0,04/10/2023,2023,2023/24,Q3,07-Oct,01/03/2025,2025,2024/25,Q4,12-Mar,Health,General Practitioner,Norton Brook Medical Centre,Informal action taken,Breach recorded - regulatory action criteria not met,Advice given,No
Completed,GDPR,IC-261540-W1S3,29/09/2023,2023,2023/24,Q2,06-Sep,01/03/2025,2025,2024/25,Q4,12-Mar,"Finance, insurance and credit",Insurance,Phoenix Life Assurance Limited,Informal action taken,Breach recorded - regulatory action criteria not met,Advice given,No
Completed,GDPR,IC-264003-H6V9,11/10/2023,2023,2023/24,Q3,07-Oct,01/03/2025,2025,2024/25,Q4,12-Mar,Local government,"Parish, community and town councils",Ponteland Town Council,Informal action taken,Breach recorded - regulatory action criteria not met,Advice given,No
Completed,GDPR,IC-261330-N1P0,02/10/2023,2023,2023/24,Q3,07-Oct,01/03/2025,2025,2024/25,Q4,12-Mar,Health,Healthcare and pharmaceuticals,PSYCH-UK LIMITED,Informal action taken,Breach recorded - regulatory action criteria not met,Advice given,No
Completed,GDPR,IC-309607-Q4Y3,28/05/2024,2024,2024/25,Q1,02-May,01/03/2025,2025,2024/25,Q4,12-Mar,Land or property services,Building and property construction,Robertson Group Limited,Informal action taken,Breach recorded - regulatory action criteria not met,Advice given,No
Completed,GDPR,IC-262693-L9H1,09/10/2023,2023,2023/24,Q3,07-Oct,01/03/2025,2025,2024/25,Q4,12-Mar,Local government,"Unitary Authority (London Borough, Mets and Councils in Scotland and Wales)",Royal Borough of Windsor & Maidenhead,Informal action taken,Breach recorded - regulatory action criteria not met,Advice given,Yes
Completed,GDPR,IC-310444-H8L8,28/05/2024,2024,2024/25,Q1,02-May,01/03/2025,2025,2024/25,Q4,12-Mar,Health,Unassigned,Sapphire Homecare Ltd ,Informal action taken,Breach recorded - regulatory action criteria not met,Advice given,No
Completed,GDPR,IC-262919-Q8T8,05/10/2023,2023,2023/24,Q3,07-Oct,01/03/2025,2025,2024/25,Q4,12-Mar,Health,Public health,Shetland Health Board,Informal action taken,Breach recorded - regulatory action criteria not met,Advice given,No
Completed,GDPR,IC-313188-N1N4,13/06/2024,2024,2024/25,Q1,03-Jun,01/03/2025,2025,2024/25,Q4,12-Mar,Social care,Residential care,South Care Homes Ltd,Informal action taken,Breach recorded - regulatory action criteria not met,Advice given,No
Completed,GDPR,IC-261526-B7R8,29/09/2023,2023,2023/24,Q2,06-Sep,01/03/2025,2025,2024/25,Q4,12-Mar,Health,Secondary care,South West Yorkshire Partnership NHS Foundation Trust,Informal action taken,Breach recorded - regulatory action criteria not met,Advice given,No
Completed,GDPR,IC-306761-C0D5,14/05/2024,2024,2024/25,Q1,02-May,01/03/2025,2025,2024/25,Q4,12-Mar,Education and childcare,Academy and Free Schools,St Thomas Aquinas Catholic Multi Academy Trust,Informal action taken,Breach recorded - regulatory action criteria not met,Advice given,No
Completed,GDPR,IC-309849-Q0S8,29/05/2024,2024,2024/25,Q1,02-May,01/03/2025,2025,2024/25,Q4,12-Mar,Health,Unassigned,The Surrey Cardiovascular Clinic,Informal action taken,Breach recorded - regulatory action criteria not met,Advice given,No
Completed,GDPR,IC-312720-Z7G2,11/06/2024,2024,2024/25,Q1,03-Jun,01/03/2025,2025,2024/25,Q4,12-Mar,Health,General Practitioner,Thorpe-Le-Soken Surgery,Informal action taken,Breach recorded - regulatory action criteria not met,Advice given,No
Completed,GDPR,IC-264541-R0G0,12/10/2023,2023,2023/24,Q3,07-Oct,01/03/2025,2025,2024/25,Q4,12-Mar,Health,Secondary care,University Hospitals Dorset NHS Foundation Trust,Informal action taken,Breach recorded - regulatory action criteria not met,Advice given,No
Completed,GDPR,IC-309560-G8P2,28/05/2024,2024,2024/25,Q1,02-May,01/03/2025,2025,2024/25,Q4,12-Mar,Membership association,Higher education,Warwick Students Union,Informal action taken,Breach recorded - regulatory action criteria not met,Advice given,No
Completed,GDPR,IC-312496-H7V5,08/06/2024,2024,2024/25,Q1,03-Jun,01/03/2025,2025,2024/25,Q4,12-Mar,Legal,Legal professionals,Wilsons Solicitors LLP,Informal action taken,Breach recorded - regulatory action criteria not met,Advice given,No
Completed,GDPR,IC-261275-V7C8,02/10/2023,2023,2023/24,Q3,07-Oct,01/03/2025,2025,2024/25,Q4,12-Mar,Transport and leisure,Accommodation providers,Woodlands Caravan Site (Trimingham) Limited,Informal action taken,Breach recorded - regulatory action criteria not met,Advice given,No
Completed,GDPR,IC-263741-G2N7,08/10/2023,2023,2023/24,Q3,07-Oct,01/03/2025,2025,2024/25,Q4,12-Mar,Online Technology and Telecoms,Software developers,Tide Platform Ltd,No Further Action,Not PDB,Unassigned,No
Completed,GDPR,IC-268236-P1N7,02/11/2023,2023,2023/24,Q3,08-Nov,02/03/2025,2025,2024/25,Q4,12-Mar,Land or property services,Estate agency / letting agency, Coastal Lettings & Property Management Limited,Informal action taken,Breach recorded - regulatory action criteria not met,Advice given,No
Completed,GDPR,IC-266208-C5V2,20/10/2023,2023,2023/24,Q3,07-Oct,02/03/2025,2025,2024/25,Q4,12-Mar,"Finance, insurance and credit",Banks and Building Societies,Ahli United Bank UL PLC,Informal action taken,Breach recorded - regulatory action criteria not met,Advice given,No
Completed,GDPR,IC-271096-L4T2,16/11/2023,2023,2023/24,Q3,08-Nov,02/03/2025,2025,2024/25,Q4,12-Mar,Health,Secondary care,Alder Hey Children's NHS Foundation Trust,Informal action taken,Breach recorded - regulatory action criteria not met,Advice given,No
Completed,GDPR,IC-318281-R4R4,05/07/2024,2024,2024/25,Q2,04-Jul,02/03/2025,2025,2024/25,Q4,12-Mar,Social care,Domiciliary care,Allerton C&S Limited,Informal action taken,Breach recorded - regulatory action criteria not met,Advice given,No
Completed,GDPR,IC-266561-Z5S3,23/10/2023,2023,2023/24,Q3,07-Oct,02/03/2025,2025,2024/25,Q4,12-Mar,Health,General Practitioner,Anon DC,Informal action taken,Breach recorded - regulatory action criteria not met,Advice given,No
Completed,GDPR,IC-319604-C9H4,11/07/2024,2024,2024/25,Q2,04-Jul,02/03/2025,2025,2024/25,Q4,12-Mar,Education and childcare,Maintained schools,Barley Lane Primary School,Informal action taken,Breach recorded - regulatory action criteria not met,Advice given,Not Provided
Completed,GDPR,IC-315040-D0W5,21/06/2024,2024,2024/25,Q1,03-Jun,02/03/2025,2025,2024/25,Q4,12-Mar,Health,Secondary care,Belfast Health & Social Care Trust,Informal action taken,Breach recorded - regulatory action criteria not met,Advice given,No
Completed,GDPR,IC-317939-L3B5,04/07/2024,2024,2024/25,Q2,04-Jul,02/03/2025,2025,2024/25,Q4,12-Mar,Education and childcare,Unassigned,Benson Community School,Informal action taken,Breach recorded - regulatory action criteria not met,Advice given,No
Completed,GDPR,IC-268019-F5T9,01/11/2023,2023,2023/24,Q3,08-Nov,02/03/2025,2025,2024/25,Q4,12-Mar,Utilities,Unassigned,Bluebird Clearance Co,Informal action taken,Breach recorded - regulatory action criteria not met,Advice given,No
Completed,GDPR,IC-318712-D0C5,08/07/2024,2024,2024/25,Q2,04-Jul,02/03/2025,2025,2024/25,Q4,12-Mar,Membership association,Unassigned,Branston Golf & Country Club,Informal action taken,Breach recorded - regulatory action criteria not met,Advice given,No
Completed,GDPR,IC-271151-M4C1,16/11/2023,2023,2023/24,Q3,08-Nov,02/03/2025,2025,2024/25,Q4,12-Mar,Education and childcare,Academy and Free Schools,Broad Square Primary School,Informal action taken,Breach recorded - regulatory action criteria not met,Advice given,No
Completed,GDPR,IC-313432-Z3P9,14/06/2024,2024,2024/25,Q1,03-Jun,02/03/2025,2025,2024/25,Q4,12-Mar,Justice,Police Forces,Chief Constable Cambridgeshire Constabulary,Informal action taken,Breach recorded - regulatory action criteria not met,Advice given,No
Completed,GDPR,IC-266771-T5K0,25/10/2023,2023,2023/24,Q3,07-Oct,02/03/2025,2025,2024/25,Q4,12-Mar,Justice,Police Forces,Chief Constable Norfolk Constabulary,Informal action taken,Breach recorded - regulatory action criteria not met,Advice given,No
Completed,GDPR,IC-268350-S1G3,03/11/2023,2023,2023/24,Q3,08-Nov,02/03/2025,2025,2024/25,Q4,12-Mar,Justice,Police Forces,Chief Constable North Yorkshire Police,Informal action taken,Breach recorded - regulatory action criteria not met,Advice given,No
Completed,GDPR,IC-315153-F4Z7,21/06/2024,2024,2024/25,Q1,03-Jun,02/03/2025,2025,2024/25,Q4,12-Mar,Central Government,Government Department,Competition and Markets Authority,Informal action taken,Breach recorded - regulatory action criteria not met,Advice given,No
Completed,GDPR,IC-318243-B1G9,05/07/2024,2024,2024/25,Q2,04-Jul,02/03/2025,2025,2024/25,Q4,12-Mar,Charitable and voluntary,Unassigned,Curve (Leicester Theatre Trust),Informal action taken,Breach recorded - regulatory action criteria not met,Advice given,No
Completed,GDPR,IC-271470-J3Q2,17/11/2023,2023,2023/24,Q3,08-Nov,02/03/2025,2025,2024/25,Q4,12-Mar,Education and childcare,Maintained schools,Dallam School,Informal action taken,Breach recorded - regulatory action criteria not met,Advice given,No
Completed,GDPR,IC-315759-N3W2,25/06/2024,2024,2024/25,Q1,03-Jun,02/03/2025,2025,2024/25,Q4,12-Mar,Charitable and voluntary,Local charities,Empowerment Charity Lancashire,Informal action taken,Breach recorded - regulatory action criteria not met,Advice given,No
Completed,GDPR,IC-314200-Z0M1,18/06/2024,2024,2024/25,Q1,03-Jun,02/03/2025,2025,2024/25,Q4,12-Mar,Regulators,Ombudsman,Financial Ombudsman Service Limited,Informal action taken,Breach recorded - regulatory action criteria not met,Advice given,No
Completed,GDPR,IC-313346-X0J4,14/06/2024,2024,2024/25,Q1,03-Jun,02/03/2025,2025,2024/25,Q4,12-Mar,General business,Supplier of services,GoodShape UK Limited,Informal action taken,Breach recorded - regulatory action criteria not met,Advice given,No
Completed,GDPR,IC-316604-N6Z6,28/06/2024,2024,2024/25,Q1,03-Jun,02/03/2025,2025,2024/25,Q4,12-Mar,Education and childcare,Maintained schools,Grange Primary School,Informal action taken,Breach recorded - regulatory action criteria not met,Advice given,No
Completed,GDPR,IC-271502-Z7J2,17/11/2023,2023,2023/24,Q3,08-Nov,02/03/2025,2025,2024/25,Q4,12-Mar,Charitable and voluntary,Local charities,Grit: breakthrough programmes,Informal action taken,Breach recorded - regulatory action criteria not met,Advice given,Yes
Completed,GDPR,IC-271433-F2S8,17/11/2023,2023,2023/24,Q3,08-Nov,02/03/2025,2025,2024/25,Q4,12-Mar,Health,General Practitioner,Heart of Lincoln Medical Group,Informal action taken,Breach recorded - regulatory action criteria not met,Advice given,No
Completed,GDPR,IC-358065-H6H6,23/01/2025,2025,2024/25,Q4,10-Jan,02/03/2025,2025,2024/25,Q4,12-Mar,Education and childcare,Maintained schools,Maidenhall Primary School,Informal action taken,Breach recorded - regulatory action criteria not met,Advice given,No
Completed,GDPR,IC-318563-N2V4,08/07/2024,2024,2024/25,Q2,04-Jul,02/03/2025,2025,2024/25,Q4,12-Mar,Retail and manufacture,Unassigned,MPSS Ltd,Informal action taken,Breach recorded - regulatory action criteria not met,Advice given,No
Completed,GDPR,IC-315169-V6L0,21/06/2024,2024,2024/25,Q1,03-Jun,02/03/2025,2025,2024/25,Q4,12-Mar,"Finance, insurance and credit",Banks and Building Societies,National Westminster Bank PLC,Informal action taken,Breach recorded - regulatory action criteria not met,Advice given,No
Completed,GDPR,IC-313450-V8F8,14/06/2024,2024,2024/25,Q1,03-Jun,02/03/2025,2025,2024/25,Q4,12-Mar,Local government,City Council,Newcastle City Council,Informal action taken,Breach recorded - regulatory action criteria not met,Advice given,No
Completed,GDPR,IC-269669-C1N2,09/11/2023,2023,2023/24,Q3,08-Nov,02/03/2025,2025,2024/25,Q4,12-Mar,Health,Secondary care,NHS Lanarkshire,Informal action taken,Breach recorded - regulatory action criteria not met,Advice given,No
Completed,GDPR,IC-267013-J1L4,27/10/2023,2023,2023/24,Q3,07-Oct,02/03/2025,2025,2024/25,Q4,12-Mar,Health,Representative and arm's length bodies,NHS Suffolk and North East Essex Integrated Care Board,Informal action taken,Breach recorded - regulatory action criteria not met,Advice given,No
Completed,GDPR,IC-313944-Z3J9,17/06/2024,2024,2024/25,Q1,03-Jun,02/03/2025,2025,2024/25,Q4,12-Mar,Local government,District Council,North West Leicestershire District Council,Informal action taken,Breach recorded - regulatory action criteria not met,Advice given,No
Completed,GDPR,IC-269688-M3S4,09/11/2023,2023,2023/24,Q3,08-Nov,02/03/2025,2025,2024/25,Q4,12-Mar,Retail and manufacture,Supplier of goods,PPG Industries (UK) Limited,Informal action taken,Breach recorded - regulatory action criteria not met,Advice given,No
Completed,GDPR,IC-352457-V2G7,19/12/2024,2024,2024/25,Q3,09-Dec,02/03/2025,2025,2024/25,Q4,12-Mar,Health,General Practitioner,Praze-an-Beeble Surgery,Informal action taken,Breach recorded - regulatory action criteria not met,Advice given,No
Completed,GDPR,IC-316443-M3G7,28/06/2024,2024,2024/25,Q1,03-Jun,02/03/2025,2025,2024/25,Q4,12-Mar,Education and childcare,Training Company,RDS Driving Services Limited,Informal action taken,Breach recorded - regulatory action criteria not met,Advice given,No
Completed,GDPR,IC-319610-C6N8,11/07/2024,2024,2024/25,Q2,04-Jul,02/03/2025,2025,2024/25,Q4,12-Mar,Education and childcare,Maintained schools,RED MARSH SCHOOL,Informal action taken,Breach recorded - regulatory action criteria not met,Advice given,No
Completed,GDPR,IC-346529-X1K9,25/11/2024,2024,2024/25,Q3,08-Nov,02/03/2025,2025,2024/25,Q4,12-Mar,Charitable and voluntary,Local charities,Running Deer C.I.C.,Informal action taken,Breach recorded - regulatory action criteria not met,Advice given,No
Completed,GDPR,IC-318667-N5X6,08/07/2024,2024,2024/25,Q2,04-Jul,02/03/2025,2025,2024/25,Q4,12-Mar,Education and childcare,Unassigned,Safe Start School,Informal action taken,Breach recorded - regulatory action criteria not met,Advice given,No
Completed,GDPR,IC-318250-C1Z0,05/07/2024,2024,2024/25,Q2,04-Jul,02/03/2025,2025,2024/25,Q4,12-Mar,Charitable and voluntary,National charities,Shaw Trust Limited,Informal action taken,Breach recorded - regulatory action criteria not met,Advice given,No
Completed,GDPR,IC-313606-Z2P7,14/06/2024,2024,2024/25,Q1,03-Jun,02/03/2025,2025,2024/25,Q4,12-Mar,General business,Supplier of services,Solutionlabs Ltd,Informal action taken,Breach recorded - regulatory action criteria not met,Advice given,No
Completed,GDPR,IC-272881-S9V8,24/11/2023,2023,2023/24,Q3,08-Nov,02/03/2025,2025,2024/25,Q4,12-Mar,"Finance, insurance and credit",Insurance,Stevenson Associates Ltd,Informal action taken,Breach recorded - regulatory action criteria not met,Advice given,No
Completed,GDPR,IC-316325-V2D1,27/06/2024,2024,2024/25,Q1,03-Jun,02/03/2025,2025,2024/25,Q4,12-Mar,Health,Healthcare and pharmaceuticals,Stryker UK Ltd,Informal action taken,Breach recorded - regulatory action criteria not met,Advice given,No
Completed,GDPR,IC-352976-P8Q2,23/12/2024,2024,2024/25,Q3,09-Dec,02/03/2025,2025,2024/25,Q4,12-Mar,Local government,County Council,Surrey County Council,Informal action taken,Breach recorded - regulatory action criteria not met,Advice given,No
Completed,GDPR,IC-271137-L6K4,16/11/2023,2023,2023/24,Q3,08-Nov,02/03/2025,2025,2024/25,Q4,12-Mar,Local government,City Council,Swansea Council,Informal action taken,Breach recorded - regulatory action criteria not met,Advice given,No
Completed,GDPR,IC-313772-S3N9,16/06/2024,2024,2024/25,Q1,03-Jun,02/03/2025,2025,2024/25,Q4,12-Mar,Land or property services,Property management,The Gateway (Thamesmead) Management Company Limited,Informal action taken,Breach recorded - regulatory action criteria not met,Advice given,No
Completed,GDPR,IC-315505-V9Z3,24/06/2024,2024,2024/25,Q1,03-Jun,02/03/2025,2025,2024/25,Q4,12-Mar,Education and childcare,Community School,The Henry Beaufort School,Informal action taken,Breach recorded - regulatory action criteria not met,Advice given,No
Completed,GDPR,IC-314454-N4M2,19/06/2024,2024,2024/25,Q1,03-Jun,02/03/2025,2025,2024/25,Q4,12-Mar,Education and childcare,Academy and Free Schools,The Park Academies Trust,Informal action taken,Breach recorded - regulatory action criteria not met,Advice given,No
Completed,GDPR,IC-314463-N6G0,19/06/2024,2024,2024/25,Q1,03-Jun,02/03/2025,2025,2024/25,Q4,12-Mar,Social care,Unassigned,Vestra Homecare Limited,Informal action taken,Breach recorded - regulatory action criteria not met,Advice given,No
Completed,GDPR,IC-351767-Q2B0,17/12/2024,2024,2024/25,Q3,09-Dec,02/03/2025,2025,2024/25,Q4,12-Mar,Health,Healthcare and pharmaceuticals,Wigan Borough Federated Healthcare,Informal action taken,Breach recorded - regulatory action criteria not met,Advice given,No
Completed,GDPR,IC-271175-Y8B2,18/11/2023,2023,2023/24,Q3,08-Nov,02/03/2025,2025,2024/25,Q4,12-Mar,Retail and manufacture,Unassigned,William King Ltd,Informal action taken,Breach recorded - regulatory action criteria not met,Advice given,Yes
Completed,GDPR,IC-314276-Z1F8,18/06/2024,2024,2024/25,Q1,03-Jun,02/03/2025,2025,2024/25,Q4,12-Mar,Charitable and voluntary,Local charities,Winchester Cathedral,Informal action taken,Breach recorded - regulatory action criteria not met,Advice given,No
Completed,GDPR,IC-315636-C9Y4,25/06/2024,2024,2024/25,Q1,03-Jun,02/03/2025,2025,2024/25,Q4,12-Mar,Religious,Religious organisations,World Mission Agency - Winners Chapel International,Informal action taken,Breach recorded - regulatory action criteria not met,Advice given,No
Completed,GDPR,IC-317718-V4Z0,03/07/2024,2024,2024/25,Q2,04-Jul,02/03/2025,2025,2024/25,Q4,12-Mar,Local government,"Unitary Authority (London Borough, Mets and Councils in Scotland and Wales)",Wrexham County Borough Council,Informal action taken,Breach recorded - regulatory action criteria not met,Advice given,No
Completed,GDPR,IC-313236-D4B4,13/06/2024,2024,2024/25,Q1,03-Jun,02/03/2025,2025,2024/25,Q4,12-Mar,Local government,Representative and arm's length bodies,York and North Yorkshire Combined Authority,Informal action taken,Breach recorded - regulatory action criteria not met,Advice given,No
Completed,GDPR,IC-367056-W3R8,28/02/2025,2025,2024/25,Q4,11-Feb,03/03/2025,2025,2024/25,Q4,12-Mar,Social care,Residential care,Barchester Healthcare Homes Limited,Informal action taken,Breach recorded - regulatory action criteria not met,Advice given,No
Completed,GDPR,IC-361598-C6C9,06/02/2025,2025,2024/25,Q4,11-Feb,03/03/2025,2025,2024/25,Q4,12-Mar,Charitable and voluntary,Local charities,Bluebell Wood Children's Hospice,Informal action taken,Breach recorded - regulatory action criteria not met,Advice given,No
Completed,GDPR,IC-366773-T3F2,27/02/2025,2025,2024/25,Q4,11-Feb,03/03/2025,2025,2024/25,Q4,12-Mar,Health,Unassigned,CB1 Medical,Informal action taken,Breach recorded - regulatory action criteria not met,Advice given,No
Completed,GDPR,IC-366848-L4V7,27/02/2025,2025,2024/25,Q4,11-Feb,03/03/2025,2025,2024/25,Q4,12-Mar,Legal,Unassigned,Consilia Legal Leeds Limited,Informal action taken,Breach recorded - regulatory action criteria not met,Advice given,No
Completed,GDPR,IC-366909-T6Q4,27/02/2025,2025,2024/25,Q4,11-Feb,03/03/2025,2025,2024/25,Q4,12-Mar,Retail and manufacture,Supplier of services,CPL Talent Solutions Ltd,Informal action taken,Breach recorded - regulatory action criteria not met,Advice given,No
Completed,GDPR,IC-367130-D3K1,28/02/2025,2025,2024/25,Q4,11-Feb,03/03/2025,2025,2024/25,Q4,12-Mar,Transport and leisure,Parking,Creative Car Park Ltd ,Informal action taken,Breach recorded - regulatory action criteria not met,Advice given,No
Completed,GDPR,IC-366887-L4J2,27/02/2025,2025,2024/25,Q4,11-Feb,03/03/2025,2025,2024/25,Q4,12-Mar,"Finance, insurance and credit",Insurance,Dallas Scott Davey Ltd,Informal action taken,Breach recorded - regulatory action criteria not met,Advice given,Yes
Completed,GDPR,IC-366849-T0R3,27/02/2025,2025,2024/25,Q4,11-Feb,03/03/2025,2025,2024/25,Q4,12-Mar,Health,Ambulance Service,East of England Ambulance NHS Trust,Informal action taken,Breach recorded - regulatory action criteria not met,Advice given,No
Completed,GDPR,IC-367106-Z4L2,28/02/2025,2025,2024/25,Q4,11-Feb,03/03/2025,2025,2024/25,Q4,12-Mar,Central Government,Government Department,Education Scotland ,Informal action taken,Breach recorded - regulatory action criteria not met,Advice given,No
Completed,GDPR,IC-366871-G3C0,27/02/2025,2025,2024/25,Q4,11-Feb,03/03/2025,2025,2024/25,Q4,12-Mar,"Finance, insurance and credit",Financial services and advice,EUI Limited,Informal action taken,Breach recorded - regulatory action criteria not met,Unassigned,Yes
Completed,GDPR,IC-366850-K7J2,27/02/2025,2025,2024/25,Q4,11-Feb,03/03/2025,2025,2024/25,Q4,12-Mar,Legal,Legal professionals,FDC Law,Informal action taken,Breach recorded - regulatory action criteria not met,Advice given,No
Completed,GDPR,IC-367127-W1Q1,28/02/2025,2025,2024/25,Q4,11-Feb,03/03/2025,2025,2024/25,Q4,12-Mar,Health,Secondary care,Greater Manchester Mental Health NHS Foundation Trust,Informal action taken,Breach recorded - regulatory action criteria not met,Advice given,No
Completed,GDPR,IC-365017-M0B1,18/02/2025,2025,2024/25,Q4,11-Feb,03/03/2025,2025,2024/25,Q4,12-Mar,Land or property services,Property management,Homes For Students Limited,Informal action taken,Breach recorded - regulatory action criteria not met,Advice given,No
Completed,GDPR,IC-359146-L4X2,27/01/2025,2025,2024/25,Q4,10-Jan,03/03/2025,2025,2024/25,Q4,12-Mar,Charitable and voluntary,Local charities,Home-Start Harwich,Informal action taken,Breach recorded - regulatory action criteria not met,Advice given,No
Completed,GDPR,IC-366839-S4G4,27/02/2025,2025,2024/25,Q4,11-Feb,03/03/2025,2025,2024/25,Q4,12-Mar,Legal,Legal professionals,Judicium Consulting Ltd,Informal action taken,Breach recorded - regulatory action criteria not met,Advice given,No
Completed,GDPR,IC-366955-S0J4,28/02/2025,2025,2024/25,Q4,11-Feb,03/03/2025,2025,2024/25,Q4,12-Mar,Health,Secondary care,Leeds Community Healthcare NHS Trust,Informal action taken,Breach recorded - regulatory action criteria not met,Advice given,No
Completed,GDPR,IC-366818-W0Z1,27/02/2025,2025,2024/25,Q4,11-Feb,03/03/2025,2025,2024/25,Q4,12-Mar,Transport and leisure,Entertainment providers,LEEDS UNITED FOOTBALL CLUB,Informal action taken,Breach recorded - regulatory action criteria not met,Unassigned,Yes
Completed,GDPR,IC-366844-M8Y1,27/02/2025,2025,2024/25,Q4,11-Feb,03/03/2025,2025,2024/25,Q4,12-Mar,Local government,"Unitary Authority (London Borough, Mets and Councils in Scotland and Wales)",Manchester City Council,Informal action taken,Breach recorded - regulatory action criteria not met,Advice given,No
Completed,GDPR,IC-366782-J4K2,27/02/2025,2025,2024/25,Q4,11-Feb,03/03/2025,2025,2024/25,Q4,12-Mar,Charitable and voluntary,National charities,Mankind uk,Informal action taken,Breach recorded - regulatory action criteria not met,Advice given,No
Completed,GDPR,IC-363260-S7H8,12/02/2025,2025,2024/25,Q4,11-Feb,03/03/2025,2025,2024/25,Q4,12-Mar,Land or property services,Housing association,Midland Heart Limited,Informal action taken,Breach recorded - regulatory action criteria not met,Advice given,No
Completed,GDPR,IC-367066-M6Y1,28/02/2025,2025,2024/25,Q4,11-Feb,03/03/2025,2025,2024/25,Q4,12-Mar,Charitable and voluntary,Local charities,Northamptonshire Association of Youth Clubs,Informal action taken,Breach recorded - regulatory action criteria not met,Advice given,No
Completed,GDPR,IC-366991-S5T2,28/02/2025,2025,2024/25,Q4,11-Feb,03/03/2025,2025,2024/25,Q4,12-Mar,Retail and manufacture,Supplier of services,Novogene (Uk) Company Limited,Informal action taken,Breach recorded - regulatory action criteria not met,Advice given,No
Completed,GDPR,IC-367039-R1H2,28/02/2025,2025,2024/25,Q4,11-Feb,03/03/2025,2025,2024/25,Q4,12-Mar,Charitable and voluntary,National charities,Rape Crisis Scotland ,Informal action taken,Breach recorded - regulatory action criteria not met,Advice given,No
Completed,GDPR,IC-366869-Z8T9,27/02/2025,2025,2024/25,Q4,11-Feb,03/03/2025,2025,2024/25,Q4,12-Mar,Land or property services,Estate agency / letting agency,Richard James (East Swindon) Ltd,Informal action taken,Breach recorded - regulatory action criteria not met,Advice given,No
Completed,GDPR,IC-366813-B5Q2,27/02/2025,2025,2024/25,Q4,11-Feb,03/03/2025,2025,2024/25,Q4,12-Mar,Legal,Legal professionals,Roythornes Limited,Informal action taken,Breach recorded - regulatory action criteria not met,Advice given,No
Completed,GDPR,IC-366908-Y8V1,27/02/2025,2025,2024/25,Q4,11-Feb,03/03/2025,2025,2024/25,Q4,12-Mar,"Finance, insurance and credit",Financial services and advice,St James's Place Wealth Management,Informal action taken,Breach recorded - regulatory action criteria not met,Advice given,No
Completed,GDPR,IC-366972-F8K4,28/02/2025,2025,2024/25,Q4,11-Feb,03/03/2025,2025,2024/25,Q4,12-Mar,Education and childcare,Maintained schools,St Michael's C of E Combined School,Informal action taken,Breach recorded - regulatory action criteria not met,Advice given,No
Completed,GDPR,IC-366845-S2P8,27/02/2025,2025,2024/25,Q4,11-Feb,03/03/2025,2025,2024/25,Q4,12-Mar,Education and childcare,Training Company,Strictly Education,Informal action taken,Breach recorded - regulatory action criteria not met,Advice given,No
Completed,GDPR,IC-366864-X2S2,27/02/2025,2025,2024/25,Q4,11-Feb,03/03/2025,2025,2024/25,Q4,12-Mar,Legal,Legal professionals,Stuart Legal Limited (Trading as Kingsley Bond Solicitors),Informal action taken,Breach recorded - regulatory action criteria not met,Advice given,Yes
Completed,GDPR,IC-366881-P1G5,27/02/2025,2025,2024/25,Q4,11-Feb,03/03/2025,2025,2024/25,Q4,12-Mar,"Finance, insurance and credit",Financial services and advice,T L Dallas & Co Limited,Informal action taken,Breach recorded - regulatory action criteria not met,Advice given,Yes
Completed,GDPR,IC-367055-J9P4,28/02/2025,2025,2024/25,Q4,11-Feb,03/03/2025,2025,2024/25,Q4,12-Mar,Health,Private Healthcare providers,Teledoctor Limited,Informal action taken,Breach recorded - regulatory action criteria not met,Advice given,No
Completed,GDPR,IC-366763-M0Z8,27/02/2025,2025,2024/25,Q4,11-Feb,03/03/2025,2025,2024/25,Q4,12-Mar,Transport and leisure,Unassigned,Tendring Express Services Ltd,Informal action taken,Breach recorded - regulatory action criteria not met,Advice given,Yes
Completed,GDPR,IC-366962-W8V8,28/02/2025,2025,2024/25,Q4,11-Feb,03/03/2025,2025,2024/25,Q4,12-Mar,Education and childcare,Academy and Free Schools,The Redhill Academy Trust,Informal action taken,Breach recorded - regulatory action criteria not met,Advice given,No
Completed,GDPR,IC-366916-P2S8,27/02/2025,2025,2024/25,Q4,11-Feb,03/03/2025,2025,2024/25,Q4,12-Mar,Education and childcare,Higher education,The University of Nottingham,Informal action taken,Breach recorded - regulatory action criteria not met,Advice given,No
Completed,GDPR,IC-362880-Z8H5,19/01/2025,2025,2024/25,Q4,10-Jan,03/03/2025,2025,2024/25,Q4,12-Mar,Membership association,Clubs,The Weimaraner Association,Informal action taken,Breach recorded - regulatory action criteria not met,Advice given,No
Completed,GDPR,IC-366755-N5R0,27/02/2025,2025,2024/25,Q4,11-Feb,03/03/2025,2025,2024/25,Q4,12-Mar,General business,Market Research,Thinks Insight and Strategy (Britain Thinks) Ltd,Informal action taken,Breach recorded - regulatory action criteria not met,Advice given,Yes
Completed,GDPR,IC-366965-F1Z0,28/02/2025,2025,2024/25,Q4,11-Feb,03/03/2025,2025,2024/25,Q4,12-Mar,Education and childcare,Academy and Free Schools,Thrive Church Of England Academy Trust Ltd,Informal action taken,Breach recorded - regulatory action criteria not met,Advice given,Yes
Completed,GDPR,IC-366891-F0V2,27/02/2025,2025,2024/25,Q4,11-Feb,03/03/2025,2025,2024/25,Q4,12-Mar,Health,Private Healthcare providers,Trustee(s) of the London Clinic Limited,Informal action taken,Breach recorded - regulatory action criteria not met,Advice given,No
Completed,GDPR,IC-366960-R0L0,27/02/2025,2025,2024/25,Q4,11-Feb,03/03/2025,2025,2024/25,Q4,12-Mar,Legal,Legal professionals,Watson Woodhouse Limited,Informal action taken,Breach recorded - regulatory action criteria not met,Advice given,No
Completed,GDPR,IC-366952-V1X5,27/02/2025,2025,2024/25,Q4,11-Feb,03/03/2025,2025,2024/25,Q4,12-Mar,Transport and leisure,Passenger transport,Assenta Ltd,No Further Action,Not PDB,Unassigned,No
Case Officer Review Completed,GDPR,IC-366868-N1R0,27/02/2025,2025,2024/25,Q4,11-Feb,03/03/2025,2025,2024/25,Q4,12-Mar,Land or property services,Building and property construction,Hi-Acre Construction Ltd,No Further Action,Not PDB,Unassigned,No
Completed,GDPR,IC-362685-V2Z1,11/02/2025,2025,2024/25,Q4,11-Feb,03/03/2025,2025,2024/25,Q4,12-Mar,Land or property services,Property management,John O'Conner (Grounds Maintenance) Limited,No Further Action,Breach recorded - regulatory action criteria not met,Unassigned,Yes
Completed,GDPR,IC-362767-G2C2,12/02/2025,2025,2024/25,Q4,11-Feb,03/03/2025,2025,2024/25,Q4,12-Mar,"Finance, insurance and credit",Accountancy and Payroll,MacIntyre Hudson LLP,No Further Action,Breach recorded - regulatory action criteria not met,Unassigned,Don't know
Completed,GDPR,IC-362031-H9X4,07/02/2025,2025,2024/25,Q4,11-Feb,03/03/2025,2025,2024/25,Q4,12-Mar,Membership association,Employment and Trade Unions,Public and Commercial Services Union,No Further Action,Breach recorded - regulatory action criteria not met,Unassigned,Yes
Completed,GDPR,IC-367166-W6G8,28/02/2025,2025,2024/25,Q4,11-Feb,04/03/2025,2025,2024/25,Q4,12-Mar,"Finance, insurance and credit",Accountancy and Payroll,Accountantskantoor Van den Berghe & Partners B.V.,Informal action taken,Breach recorded - regulatory action criteria not met,Advice given,Yes
Completed,GDPR,IC-367343-W8Q6,03/03/2025,2025,2024/25,Q4,12-Mar,04/03/2025,2025,2024/25,Q4,12-Mar,Legal,Legal professionals,Adcocks Solicitors Limited,Informal action taken,Breach recorded - regulatory action criteria not met,Advice given,Yes
Completed,GDPR,IC-367151-K4Y2,28/02/2025,2025,2024/25,Q4,11-Feb,04/03/2025,2025,2024/25,Q4,12-Mar,Education and childcare,Maintained schools,ALL SAINTS' PRIMARY SCHOOL,Informal action taken,Breach recorded - regulatory action criteria not met,Advice given,No
Completed,GDPR,IC-367352-W2S7,24/02/2025,2025,2024/25,Q4,11-Feb,04/03/2025,2025,2024/25,Q4,12-Mar,Legal,Barristers,Anon DC,Informal action taken,Breach recorded - regulatory action criteria not met,Advice given,No
Completed,GDPR,IC-363908-W0F9,14/02/2025,2025,2024/25,Q4,11-Feb,04/03/2025,2025,2024/25,Q4,12-Mar,Health,General Practitioner,Aston Healthcare Limited,Informal action taken,Breach recorded - regulatory action criteria not met,Advice given,No
Completed,GDPR,IC-363849-P5S8,14/02/2025,2025,2024/25,Q4,11-Feb,04/03/2025,2025,2024/25,Q4,12-Mar,Health,Secondary care,Blackpool Teaching Hospitals NHS Foundation Trust,Informal action taken,Breach recorded - regulatory action criteria not met,Advice given,No
Completed,GDPR,IC-367243-B8V4,28/02/2025,2025,2024/25,Q4,11-Feb,04/03/2025,2025,2024/25,Q4,12-Mar,"Finance, insurance and credit",Unassigned,Blesshall Ltd t/a Ace Associates,Informal action taken,Breach recorded - regulatory action criteria not met,Advice given,No
Completed,GDPR,IC-367040-H1J5,28/02/2025,2025,2024/25,Q4,11-Feb,04/03/2025,2025,2024/25,Q4,12-Mar,Retail and manufacture,Supplier of goods,Bradley Stoke Bristol Limited,Informal action taken,Breach recorded - regulatory action criteria not met,Advice given,No
Completed,GDPR,IC-366979-L8S0,28/02/2025,2025,2024/25,Q4,11-Feb,04/03/2025,2025,2024/25,Q4,12-Mar,Land or property services,Building and property construction,CARTER TOWLER LIMITED ,Informal action taken,Breach recorded - regulatory action criteria not met,Advice given,Yes
Completed,GDPR,IC-367348-Y9J6,28/02/2025,2025,2024/25,Q4,11-Feb,04/03/2025,2025,2024/25,Q4,12-Mar,"Finance, insurance and credit",Banks and Building Societies,Clydesdale Bank Plc,Informal action taken,Breach recorded - regulatory action criteria not met,Advice given,No
Completed,GDPR,IC-361458-P6F7,06/02/2025,2025,2024/25,Q4,11-Feb,04/03/2025,2025,2024/25,Q4,12-Mar,Local government,"Unitary Authority (London Borough, Mets and Councils in Scotland and Wales)",County of Herefordshire District Council,Informal action taken,Breach recorded - regulatory action criteria not met,Advice given,No
Completed,GDPR,IC-366241-H6Z7,24/02/2025,2025,2024/25,Q4,11-Feb,04/03/2025,2025,2024/25,Q4,12-Mar,Charitable and voluntary,Local charities,Coventry Haven Women's Aid (CHWA),Informal action taken,Breach recorded - regulatory action criteria not met,Advice given,No
Completed,GDPR,IC-367365-M6Q1,28/02/2025,2025,2024/25,Q4,11-Feb,04/03/2025,2025,2024/25,Q4,12-Mar,Local government,"Unitary Authority (London Borough, Mets and Councils in Scotland and Wales)",Derby City Council,Informal action taken,Breach recorded - regulatory action criteria not met,Advice given,No
Completed,GDPR,IC-363053-H2T8,12/02/2025,2025,2024/25,Q4,11-Feb,04/03/2025,2025,2024/25,Q4,12-Mar,Local government,District Council,Dover District Council,Informal action taken,Breach recorded - regulatory action criteria not met,Advice given,No
Completed,GDPR,IC-367395-C9H0,02/03/2025,2025,2024/25,Q4,12-Mar,04/03/2025,2025,2024/25,Q4,12-Mar,Charitable and voluntary,Local charities,Dursley United Charity,Informal action taken,Breach recorded - regulatory action criteria not met,Advice given,No
Completed,GDPR,IC-367268-N9Z8,28/02/2025,2025,2024/25,Q4,11-Feb,04/03/2025,2025,2024/25,Q4,12-Mar,Education and childcare,Academy and Free Schools,Ebor Academy Trust,Informal action taken,Breach recorded - regulatory action criteria not met,Advice given,No
Completed,GDPR,IC-367457-G5Y7,03/03/2025,2025,2024/25,Q4,12-Mar,04/03/2025,2025,2024/25,Q4,12-Mar,Health,Secondary care,Epsom & St Helier University Hospitals NHS Trust,Informal action taken,Breach recorded - regulatory action criteria not met,Advice given,No
Completed,GDPR,IC-366814-M5X3,27/02/2025,2025,2024/25,Q4,11-Feb,04/03/2025,2025,2024/25,Q4,12-Mar,"Finance, insurance and credit",Insurance,ERGO Travel Insurance Services Ltd,Informal action taken,Breach recorded - regulatory action criteria not met,Advice given,No
Completed,GDPR,IC-367012-K4H4,28/02/2025,2025,2024/25,Q4,11-Feb,04/03/2025,2025,2024/25,Q4,12-Mar,General business,Unassigned,EuroABS Ltd,Informal action taken,Breach recorded - regulatory action criteria not met,Unassigned,Yes
Completed,GDPR,IC-367034-Z4F2,28/02/2025,2025,2024/25,Q4,11-Feb,04/03/2025,2025,2024/25,Q4,12-Mar,Legal,Legal professionals,Gardner Champion Solicitors Ltd,Informal action taken,Breach recorded - regulatory action criteria not met,Advice given,No
Completed,GDPR,IC-366900-G2T3,27/02/2025,2025,2024/25,Q4,11-Feb,04/03/2025,2025,2024/25,Q4,12-Mar,Retail and manufacture,Supplier of goods,"GIGAFLIGHT Connectivity, Inc",Informal action taken,Breach recorded - regulatory action criteria not met,Advice given,Yes
Completed,GDPR,IC-367347-L0F8,28/02/2025,2025,2024/25,Q4,11-Feb,04/03/2025,2025,2024/25,Q4,12-Mar,Health,Secondary care,Hampshire and Isle of Wight NHS Foundation Trust,Informal action taken,Breach recorded - regulatory action criteria not met,Advice given,No
Completed,GDPR,IC-367172-R6J0,28/02/2025,2025,2024/25,Q4,11-Feb,04/03/2025,2025,2024/25,Q4,12-Mar,Health,Secondary care,Hampshire Hospitals NHS Foundation Trust,Informal action taken,Breach recorded - regulatory action criteria not met,Advice given,No
Completed,GDPR,IC-362288-R1C7,08/02/2025,2025,2024/25,Q4,11-Feb,04/03/2025,2025,2024/25,Q4,12-Mar,Health,General Practitioner,King's Medical Practice,Informal action taken,Breach recorded - regulatory action criteria not met,Advice given,No
Completed,GDPR,IC-366815-J2K6,27/02/2025,2025,2024/25,Q4,11-Feb,04/03/2025,2025,2024/25,Q4,12-Mar,Legal,Legal professionals,Lester Aldridge LLP,Informal action taken,Breach recorded - regulatory action criteria not met,Advice given,No
Completed,GDPR,IC-366862-F7Q9,27/02/2025,2025,2024/25,Q4,11-Feb,04/03/2025,2025,2024/25,Q4,12-Mar,Online Technology and Telecoms,Social media,MTCH Technology Services Limited,Informal action taken,Breach recorded - regulatory action criteria not met,Advice given,No
Completed,GDPR,IC-367262-F7P4,28/02/2025,2025,2024/25,Q4,11-Feb,04/03/2025,2025,2024/25,Q4,12-Mar,Health,Representative and arm's length bodies,NHS Resolution,Informal action taken,Breach recorded - regulatory action criteria not met,Advice given,No
Completed,GDPR,IC-366831-G8P9,27/02/2025,2025,2024/25,Q4,11-Feb,04/03/2025,2025,2024/25,Q4,12-Mar,Retail and manufacture,Manufacturing,Oil Technics Limited,Informal action taken,Breach recorded - regulatory action criteria not met,Advice given,Yes
Completed,GDPR,IC-367466-Y1L3,03/03/2025,2025,2024/25,Q4,12-Mar,04/03/2025,2025,2024/25,Q4,12-Mar,Health,Opticians,Outside Clinic Limited,Informal action taken,Breach recorded - regulatory action criteria not met,Advice given,No
Completed,GDPR,IC-367487-C6P9,03/03/2025,2025,2024/25,Q4,12-Mar,04/03/2025,2025,2024/25,Q4,12-Mar,Social care,Domiciliary care,QCM Healthcare Limited,Informal action taken,Breach recorded - regulatory action criteria not met,Advice given,No
Completed,GDPR,IC-366996-Z5P7,28/02/2025,2025,2024/25,Q4,11-Feb,04/03/2025,2025,2024/25,Q4,12-Mar,Land or property services,Estate agency / letting agency,RBGF Sales & Lettings Ltd,Informal action taken,Breach recorded - regulatory action criteria not met,Advice given,No
Completed,GDPR,IC-367002-W1L0,28/02/2025,2025,2024/25,Q4,11-Feb,04/03/2025,2025,2024/25,Q4,12-Mar,Charitable and voluntary,National charities,Royal National Lifeboat Institution,Informal action taken,Breach recorded - regulatory action criteria not met,Unassigned,Yes
Completed,GDPR,IC-366819-R6H7,27/02/2025,2025,2024/25,Q4,11-Feb,04/03/2025,2025,2024/25,Q4,12-Mar,Legal,Legal professionals,Roythornes Limited,Informal action taken,Breach recorded - regulatory action criteria not met,Advice given,No
Completed,GDPR,IC-365016-C0W2,18/02/2025,2025,2024/25,Q4,11-Feb,04/03/2025,2025,2024/25,Q4,12-Mar,Local government,"Parish, community and town councils",Rugeley Town Council,Informal action taken,Breach recorded - regulatory action criteria not met,Advice given,No
Completed,GDPR,IC-362927-T9F8,11/02/2025,2025,2024/25,Q4,11-Feb,04/03/2025,2025,2024/25,Q4,12-Mar,Utilities,Utility companies,Severn Trent Water Limited,Informal action taken,Breach recorded - regulatory action criteria not met,Advice given,No
Completed,GDPR,IC-367431-X0M4,02/03/2025,2025,2024/25,Q4,12-Mar,04/03/2025,2025,2024/25,Q4,12-Mar,Retail and manufacture,Supplier of services,SLS 360 Limited,Informal action taken,Breach recorded - regulatory action criteria not met,Advice given,Yes
Completed,GDPR,IC-366432-R0L5,26/02/2025,2025,2024/25,Q4,11-Feb,04/03/2025,2025,2024/25,Q4,12-Mar,Retail and manufacture,Manufacturing,SMC Corporation (U.K.) Ltd,Informal action taken,Breach recorded - regulatory action criteria not met,Advice given,Yes
Completed,GDPR,IC-367059-W5D6,28/02/2025,2025,2024/25,Q4,11-Feb,04/03/2025,2025,2024/25,Q4,12-Mar,Education and childcare,Maintained schools,St Cuthbert Mayne School,Informal action taken,Breach recorded - regulatory action criteria not met,Advice given,No
Completed,DPA 98,IC-339020-B0F5,17/10/2024,2024,2024/25,Q3,07-Oct,04/03/2025,2025,2024/25,Q4,12-Mar,Local government,County Council,Staffordshire County Council,Informal action taken,Breach recorded - regulatory action criteria not met,Advice given,No
Completed,GDPR,IC-367361-G1H9,01/03/2025,2025,2024/25,Q4,12-Mar,04/03/2025,2025,2024/25,Q4,12-Mar,"Finance, insurance and credit",Payment services,Stripe Payments UK Ltd,Informal action taken,Breach recorded - regulatory action criteria not met,Advice given,No
Completed,GDPR,IC-367177-D4X3,28/02/2025,2025,2024/25,Q4,11-Feb,04/03/2025,2025,2024/25,Q4,12-Mar,Retail and manufacture,Supplier of services,Target Windows,Informal action taken,Breach recorded - regulatory action criteria not met,Unassigned,Yes
Completed,Hybrid,IC-363861-L6D1,14/02/2025,2025,2024/25,Q4,11-Feb,04/03/2025,2025,2024/25,Q4,12-Mar,Religious,Religious organisations,The Archbishops' Council of the Church of England,Informal action taken,Breach recorded - regulatory action criteria not met,Advice given,No
Completed,GDPR,IC-366522-V4G9,26/02/2025,2025,2024/25,Q4,11-Feb,04/03/2025,2025,2024/25,Q4,12-Mar,Education and childcare,Academy and Free Schools,The Blessed Christopher Wharton Catholic Academy Trust,Informal action taken,Breach recorded - regulatory action criteria not met,Advice given,No
Completed,GDPR,IC-367488-T8Q7,03/03/2025,2025,2024/25,Q4,12-Mar,04/03/2025,2025,2024/25,Q4,12-Mar,Education and childcare,Maintained schools,The Federation of Trosnant Schools,Informal action taken,Breach recorded - regulatory action criteria not met,Advice given,No
Completed,GDPR,IC-366884-L9F2,27/02/2025,2025,2024/25,Q4,11-Feb,04/03/2025,2025,2024/25,Q4,12-Mar,"Finance, insurance and credit",Unassigned,Walls & Ceilings International Limited,Informal action taken,Breach recorded - regulatory action criteria not met,Advice given,Yes
Completed,GDPR,IC-367247-C0P3,28/02/2025,2025,2024/25,Q4,11-Feb,04/03/2025,2025,2024/25,Q4,12-Mar,Education and childcare,Private schools,Westminster School,Informal action taken,Breach recorded - regulatory action criteria not met,Advice given,No
Completed,GDPR,IC-367200-N6W1,28/02/2025,2025,2024/25,Q4,11-Feb,04/03/2025,2025,2024/25,Q4,12-Mar,Online Technology and Telecoms,Unassigned,Zilch Technology Limited,Informal action taken,Breach recorded - regulatory action criteria not met,Unassigned,No
Case Officer Review Completed,GDPR,IC-294750-F9X9,14/03/2024,2024,2023/24,Q4,12-Mar,04/03/2025,2025,2024/25,Q4,12-Mar,Justice,Police Forces,Chief Constable Commissioner for the Metropolis (Metropolitan Police Service),No Further Action,Not PDB,Unassigned,No
Completed,GDPR,IC-367675-F9G5,03/03/2025,2025,2024/25,Q4,12-Mar,05/03/2025,2025,2024/25,Q4,12-Mar,Membership association,Employment and Trade Unions,ABMEC,Informal action taken,Breach recorded - regulatory action criteria not met,Advice given,No
Completed,GDPR,IC-365444-V8L7,21/02/2025,2025,2024/25,Q4,11-Feb,05/03/2025,2025,2024/25,Q4,12-Mar,Health,Commissioning,Angus Integration Joint Board,Informal action taken,Breach recorded - regulatory action criteria not met,Advice given,No
Completed,GDPR,IC-364658-C2P1,17/02/2025,2025,2024/25,Q4,11-Feb,05/03/2025,2025,2024/25,Q4,12-Mar,Land or property services,Building and property construction,Barratt Developments PLC,Informal action taken,Breach recorded - regulatory action criteria not met,Advice given,No
Completed,GDPR,IC-365023-W5J2,19/02/2025,2025,2024/25,Q4,11-Feb,05/03/2025,2025,2024/25,Q4,12-Mar,Health,Pharmacist,Boots UK Limited,Informal action taken,Breach recorded - regulatory action criteria not met,Advice given,No
Completed,GDPR,IC-340336-R0G5,23/10/2024,2024,2024/25,Q3,07-Oct,05/03/2025,2025,2024/25,Q4,12-Mar,Local government,"Unitary Authority (London Borough, Mets and Councils in Scotland and Wales)",Buckinghamshire Council,Informal action taken,Breach recorded - regulatory action criteria not met,Advice given,No
Completed,GDPR,IC-366686-J0J6,25/02/2025,2025,2024/25,Q4,11-Feb,05/03/2025,2025,2024/25,Q4,12-Mar,Regulators,Regulatory Body,Care Quality Commission,Informal action taken,Breach recorded - regulatory action criteria not met,Advice given,No
Completed,GDPR,IC-363231-Q1L7,12/02/2025,2025,2024/25,Q4,11-Feb,05/03/2025,2025,2024/25,Q4,12-Mar,"Finance, insurance and credit",Financial services and advice,Central Liverpool Credit Union Limited,Informal action taken,Breach recorded - regulatory action criteria not met,Advice given,No
Completed,GDPR,IC-365835-P8W6,21/02/2025,2025,2024/25,Q4,11-Feb,05/03/2025,2025,2024/25,Q4,12-Mar,Justice,Police Forces,Chief Constable Devon & Cornwall Constabulary,Informal action taken,Breach recorded - regulatory action criteria not met,Advice given,No
Completed,GDPR,IC-366803-W4D0,27/02/2025,2025,2024/25,Q4,11-Feb,05/03/2025,2025,2024/25,Q4,12-Mar,Justice,Police Forces,Chief Constable Hampshire Constabulary,Informal action taken,Breach recorded - regulatory action criteria not met,Advice given,No
Completed,GDPR,IC-356454-Z3J3,17/01/2025,2025,2024/25,Q4,10-Jan,05/03/2025,2025,2024/25,Q4,12-Mar,Justice,Police Forces,Chief Constable Merseyside Police,Informal action taken,Breach recorded - regulatory action criteria not met,Advice given,No
Completed,GDPR,IC-366704-B6L5,25/02/2025,2025,2024/25,Q4,11-Feb,05/03/2025,2025,2024/25,Q4,12-Mar,Justice,Police Forces,Chief Constable Staffordshire Police,Informal action taken,Breach recorded - regulatory action criteria not met,Advice given,No
Completed,GDPR,IC-367803-Z5K4,04/03/2025,2025,2024/25,Q4,12-Mar,05/03/2025,2025,2024/25,Q4,12-Mar,Land or property services,Estate agency / letting agency,CLEVER STUDENT LETS LIMITED,Informal action taken,Breach recorded - regulatory action criteria not met,Advice given,No
Completed,GDPR,IC-367546-T6B8,28/02/2025,2025,2024/25,Q4,11-Feb,05/03/2025,2025,2024/25,Q4,12-Mar,"Finance, insurance and credit",Lenders,Close Brothers Limited,Informal action taken,Breach recorded - regulatory action criteria not met,Advice given,No
Completed,Hybrid,IC-364220-R3H6,14/02/2025,2025,2024/25,Q4,11-Feb,05/03/2025,2025,2024/25,Q4,12-Mar,Education and childcare,Further education,DN Colleges Group,Informal action taken,Breach recorded - regulatory action criteria not met,Advice given,No
Completed,GDPR,IC-367690-Y8D1,03/03/2025,2025,2024/25,Q4,12-Mar,05/03/2025,2025,2024/25,Q4,12-Mar,Health,General Practitioner,Dounby Surgery,Informal action taken,Breach recorded - regulatory action criteria not met,Advice given,No
Completed,GDPR,IC-367790-T3J1,04/03/2025,2025,2024/25,Q4,12-Mar,05/03/2025,2025,2024/25,Q4,12-Mar,Health,General Practitioner,Downlands Medical Centre,Informal action taken,Breach recorded - regulatory action criteria not met,Advice given,No
Completed,GDPR,IC-367211-B6J3,28/02/2025,2025,2024/25,Q4,11-Feb,05/03/2025,2025,2024/25,Q4,12-Mar,Health,Secondary care,East Lancashire Hospitals NHS Trust,Informal action taken,Breach recorded - regulatory action criteria not met,Advice given,No
Completed,GDPR,IC-367688-Z0R7,03/03/2025,2025,2024/25,Q4,12-Mar,05/03/2025,2025,2024/25,Q4,12-Mar,General business,Unassigned,Entikera Limited,Informal action taken,Breach recorded - regulatory action criteria not met,Advice given,No
Completed,GDPR,IC-367003-G0L8,28/02/2025,2025,2024/25,Q4,11-Feb,05/03/2025,2025,2024/25,Q4,12-Mar,Health,Unassigned,FCMS (NW) Ltd,Informal action taken,Breach recorded - regulatory action criteria not met,Advice given,No
Completed,GDPR,IC-354565-Y3W4,09/01/2025,2025,2024/25,Q4,10-Jan,05/03/2025,2025,2024/25,Q4,12-Mar,Health,Secondary care,Greater Manchester Mental Health NHS Foundation Trust,Informal action taken,Breach recorded - regulatory action criteria not met,Advice given,No
Completed,GDPR,IC-366806-D9Y0,26/02/2025,2025,2024/25,Q4,11-Feb,05/03/2025,2025,2024/25,Q4,12-Mar,Health,Healthcare and pharmaceuticals,Invitro Genetics Limited,Informal action taken,Breach recorded - regulatory action criteria not met,Advice given,No
Completed,GDPR,IC-365173-D5X7,20/02/2025,2025,2024/25,Q4,11-Feb,05/03/2025,2025,2024/25,Q4,12-Mar,Health,Healthcare and pharmaceuticals,J & M Care Limited,Informal action taken,Breach recorded - regulatory action criteria not met,Advice given,No
Completed,GDPR,IC-367403-B1S3,03/03/2025,2025,2024/25,Q4,12-Mar,05/03/2025,2025,2024/25,Q4,12-Mar,Legal,Legal professionals,Kilpatrick & Walker,Informal action taken,Breach recorded - regulatory action criteria not met,Unassigned,Yes
Completed,GDPR,IC-367685-Z6V0,04/03/2025,2025,2024/25,Q4,12-Mar,05/03/2025,2025,2024/25,Q4,12-Mar,Political,Political Party,Labour Housing Group,Informal action taken,Breach recorded - regulatory action criteria not met,Advice given,No
Completed,GDPR,IC-367385-R7H9,01/03/2025,2025,2024/25,Q4,12-Mar,05/03/2025,2025,2024/25,Q4,12-Mar,Transport and leisure,Haulage,Metro Supply Chain (Uk) Limited,Informal action taken,Breach recorded - regulatory action criteria not met,Unassigned,Yes
Completed,GDPR,IC-367748-F3G1,04/03/2025,2025,2024/25,Q4,12-Mar,05/03/2025,2025,2024/25,Q4,12-Mar,Transport and leisure,Holiday providers and services,MSC Cruises Limited,Informal action taken,Breach recorded - regulatory action criteria not met,Advice given,No
Completed,GDPR,IC-334039-G7T9,25/09/2024,2024,2024/25,Q2,06-Sep,05/03/2025,2025,2024/25,Q4,12-Mar,Legal,Legal professionals,National Legal Service Limited,Informal action taken,Breach recorded - regulatory action criteria not met,Advice given,No
Completed,GDPR,IC-367670-P0T3,04/03/2025,2025,2024/25,Q4,12-Mar,05/03/2025,2025,2024/25,Q4,12-Mar,Education and childcare,Academy and Free Schools,Raynes park high school,Informal action taken,Breach recorded - regulatory action criteria not met,Advice given,No
Completed,GDPR,IC-367880-C4S2,04/03/2025,2025,2024/25,Q4,12-Mar,05/03/2025,2025,2024/25,Q4,12-Mar,Land or property services,Property management,Regency Living,Informal action taken,Breach recorded - regulatory action criteria not met,Advice given,No
Completed,GDPR,IC-359186-G8T3,27/01/2025,2025,2024/25,Q4,10-Jan,05/03/2025,2025,2024/25,Q4,12-Mar,Legal,Legal professionals,RWK Goodman LLP,Informal action taken,Breach recorded - regulatory action criteria not met,Advice given,No
Completed,GDPR,IC-367736-V1K8,05/03/2025,2025,2024/25,Q4,12-Mar,05/03/2025,2025,2024/25,Q4,12-Mar,Education and childcare,Training Company,Scholastic UK Ltd,Informal action taken,Breach recorded - regulatory action criteria not met,Advice given,No
Completed,GDPR,IC-365872-C3M8,22/02/2025,2025,2024/25,Q4,11-Feb,05/03/2025,2025,2024/25,Q4,12-Mar,"Finance, insurance and credit",Insurance,Sirius International Insurance Corporation,Informal action taken,Breach recorded - regulatory action criteria not met,Advice given,No
Completed,GDPR,IC-367747-Y8N7,04/03/2025,2025,2024/25,Q4,12-Mar,05/03/2025,2025,2024/25,Q4,12-Mar,Social care,Domiciliary care,Smithfield Health & Social Care Ltd,Informal action taken,Breach recorded - regulatory action criteria not met,Advice given,No
Completed,GDPR,IC-367650-Q2S2,03/03/2025,2025,2024/25,Q4,12-Mar,05/03/2025,2025,2024/25,Q4,12-Mar,Charitable and voluntary,National charities,SOUTH EAST STAFFORDSHIRE CITIZENS ADVICE BUREAU,Informal action taken,Breach recorded - regulatory action criteria not met,Advice given,No
Completed,GDPR,IC-365691-Z1G5,21/02/2025,2025,2024/25,Q4,11-Feb,05/03/2025,2025,2024/25,Q4,12-Mar,Central Government,Ombudsman,The Health and Care Professions Council,Informal action taken,Breach recorded - regulatory action criteria not met,Advice given,No
Completed,GDPR,IC-355622-M9F4,15/01/2025,2025,2024/25,Q4,10-Jan,05/03/2025,2025,2024/25,Q4,12-Mar,Land or property services,Property management,The Leaders Romans Group Limited,Informal action taken,Breach recorded - regulatory action criteria not met,Advice given,No
Completed,GDPR,IC-367566-G3L0,03/03/2025,2025,2024/25,Q4,12-Mar,05/03/2025,2025,2024/25,Q4,12-Mar,Health,General Practitioner,The Morris House Group Practice,Informal action taken,Breach recorded - regulatory action criteria not met,Advice given,No
Completed,GDPR,IC-367700-N2G3,04/03/2025,2025,2024/25,Q4,12-Mar,05/03/2025,2025,2024/25,Q4,12-Mar,Education and childcare,Maintained schools,The Olympus Academy Trust,Informal action taken,Breach recorded - regulatory action criteria not met,Advice given,No
Completed,GDPR,IC-367662-N9N5,03/03/2025,2025,2024/25,Q4,12-Mar,05/03/2025,2025,2024/25,Q4,12-Mar,Education and childcare,Academy and Free Schools,The Stour Academy Trust,Informal action taken,Breach recorded - regulatory action criteria not met,Advice given,No
Completed,GDPR,IC-367061-M5Y9,28/02/2025,2025,2024/25,Q4,11-Feb,05/03/2025,2025,2024/25,Q4,12-Mar,Charitable and voluntary,Local charities,The Zoological Society London,Informal action taken,Breach recorded - regulatory action criteria not met,Advice given,No
Completed,GDPR,IC-367773-P8P0,04/03/2025,2025,2024/25,Q4,12-Mar,05/03/2025,2025,2024/25,Q4,12-Mar,Legal,Legal professionals,Tyndallwoods Solicitors Limited,Informal action taken,Breach recorded - regulatory action criteria not met,Advice given,No
Completed,GDPR,IC-367206-G3N8,28/02/2025,2025,2024/25,Q4,11-Feb,05/03/2025,2025,2024/25,Q4,12-Mar,Education and childcare,Higher education,University of Edinburgh,Informal action taken,Breach recorded - regulatory action criteria not met,Advice given,No
Completed,GDPR,IC-357274-P2B1,18/01/2025,2025,2024/25,Q4,10-Jan,05/03/2025,2025,2024/25,Q4,12-Mar,General business,Supplier of services,Urban Heard CIC,Informal action taken,Breach recorded - regulatory action criteria not met,Advice given,No
Completed,GDPR,IC-367659-H1R5,03/03/2025,2025,2024/25,Q4,12-Mar,05/03/2025,2025,2024/25,Q4,12-Mar,"Finance, insurance and credit",Payment services,Wise Payments Limited,Informal action taken,Breach recorded - regulatory action criteria not met,Advice given,No
Completed,GDPR,IC-364121-C1Y7,17/02/2025,2025,2024/25,Q4,11-Feb,06/03/2025,2025,2024/25,Q4,12-Mar,Legal,Chambers,12 Old square Chambers,Informal action taken,Breach recorded - regulatory action criteria not met,Advice given,Yes
Completed,GDPR,IC-367416-K7H8,02/03/2025,2025,2024/25,Q4,12-Mar,06/03/2025,2025,2024/25,Q4,12-Mar,Online Technology and Telecoms,Software developers,Accelya Global Limited,Informal action taken,Breach recorded - regulatory action criteria not met,Unassigned,Yes
Completed,GDPR,IC-365064-X8L4,19/02/2025,2025,2024/25,Q4,11-Feb,06/03/2025,2025,2024/25,Q4,12-Mar,Health,Healthcare and pharmaceuticals,Agar Mahomed Ltd,Informal action taken,Breach recorded - regulatory action criteria not met,Advice given,No
Completed,GDPR,IC-368005-S6Y3,05/03/2025,2025,2024/25,Q4,12-Mar,06/03/2025,2025,2024/25,Q4,12-Mar,"Finance, insurance and credit",Financial services and advice,Alexander Hall Associates Limited,Informal action taken,Breach recorded - regulatory action criteria not met,Advice given,No
Completed,GDPR,IC-367976-T2P1,05/03/2025,2025,2024/25,Q4,12-Mar,06/03/2025,2025,2024/25,Q4,12-Mar,Retail and manufacture,Supplier of goods,Anon DC,Informal action taken,Breach recorded - regulatory action criteria not met,Advice given,Yes
Completed,GDPR,IC-367359-W6T8,28/02/2025,2025,2024/25,Q4,11-Feb,06/03/2025,2025,2024/25,Q4,12-Mar,Online Technology and Telecoms,Infrastructure and hardware providers,Apple Distribution International Ltd,Informal action taken,Breach recorded - regulatory action criteria not met,Advice given,No
Completed,GDPR,IC-367997-P1L8,04/03/2025,2025,2024/25,Q4,12-Mar,06/03/2025,2025,2024/25,Q4,12-Mar,Health,Private Healthcare providers,AT Rehab Ltd,Informal action taken,Breach recorded - regulatory action criteria not met,Advice given,Yes
Completed,GDPR,IC-297501-Q8H8,28/03/2024,2024,2023/24,Q4,12-Mar,06/03/2025,2025,2024/25,Q4,12-Mar,"Finance, insurance and credit",Financial services and advice,Avellemy Limited,Informal action taken,Breach recorded - regulatory action criteria not met,Advice given,No
Completed,GDPR,IC-367984-N8T0,04/03/2025,2025,2024/25,Q4,12-Mar,06/03/2025,2025,2024/25,Q4,12-Mar,Health,Secondary care,Belfast Health & Social Care Trust,Informal action taken,Breach recorded - regulatory action criteria not met,Advice given,No
Completed,GDPR,IC-367897-Q3H4,04/03/2025,2025,2024/25,Q4,12-Mar,06/03/2025,2025,2024/25,Q4,12-Mar,Local government,"Unitary Authority (London Borough, Mets and Councils in Scotland and Wales)","Bournemouth, Christchurch and Poole Council (BCP)",Informal action taken,Breach recorded - regulatory action criteria not met,Advice given,No
Completed,GDPR,IC-368150-D3N1,05/03/2025,2025,2024/25,Q4,12-Mar,06/03/2025,2025,2024/25,Q4,12-Mar,Legal,Legal professionals,Buckles Solicitors LLP,Informal action taken,Breach recorded - regulatory action criteria not met,Advice given,No
Completed,GDPR,IC-366853-B8S8,27/02/2025,2025,2024/25,Q4,11-Feb,06/03/2025,2025,2024/25,Q4,12-Mar,Health,Secondary care,Central London Community Healthcare NHS Trust,Informal action taken,Breach recorded - regulatory action criteria not met,Advice given,No
Completed,GDPR,IC-368047-R6P9,05/03/2025,2025,2024/25,Q4,12-Mar,06/03/2025,2025,2024/25,Q4,12-Mar,Health,General Practitioner,Channel View Medical Practice,Informal action taken,Breach recorded - regulatory action criteria not met,Advice given,No
Completed,GDPR,IC-368009-X7M2,05/03/2025,2025,2024/25,Q4,12-Mar,06/03/2025,2025,2024/25,Q4,12-Mar,Justice,Police Forces,Chief Constable North Wales Police,Informal action taken,Breach recorded - regulatory action criteria not met,Advice given,No
Completed,GDPR,IC-366695-H4Q2,25/02/2025,2025,2024/25,Q4,11-Feb,06/03/2025,2025,2024/25,Q4,12-Mar,Justice,Police Forces,Chief Constable Staffordshire Police,Informal action taken,Breach recorded - regulatory action criteria not met,Advice given,No
Completed,GDPR,IC-368136-Y6F9,05/03/2025,2025,2024/25,Q4,12-Mar,06/03/2025,2025,2024/25,Q4,12-Mar,Local government,"Unitary Authority (London Borough, Mets and Councils in Scotland and Wales)",Cornwall Council,Informal action taken,Breach recorded - regulatory action criteria not met,Advice given,No
Completed,GDPR,IC-367958-Y6Z3,04/03/2025,2025,2024/25,Q4,12-Mar,06/03/2025,2025,2024/25,Q4,12-Mar,Health,Dentists,Dental Excellence Pembroke Ltd,Informal action taken,Breach recorded - regulatory action criteria not met,Advice given,No
Completed,GDPR,IC-367998-N8S0,05/03/2025,2025,2024/25,Q4,12-Mar,06/03/2025,2025,2024/25,Q4,12-Mar,Land or property services,Housing association,District Homes C.I.C,Informal action taken,Breach recorded - regulatory action criteria not met,Advice given,No
Completed,GDPR,IC-368078-W0H5,05/03/2025,2025,2024/25,Q4,12-Mar,06/03/2025,2025,2024/25,Q4,12-Mar,Local government,District Council,Dorset Council,Informal action taken,Breach recorded - regulatory action criteria not met,Advice given,No
Completed,GDPR,IC-355773-P3K8,15/01/2025,2025,2024/25,Q4,10-Jan,06/03/2025,2025,2024/25,Q4,12-Mar,Retail and manufacture,Supplier of goods,Eastern Holdings Limited,Informal action taken,Unassigned,Unassigned,Don't know
Completed,GDPR,IC-367970-P1S7,05/03/2025,2025,2024/25,Q4,12-Mar,06/03/2025,2025,2024/25,Q4,12-Mar,"Finance, insurance and credit",Accountancy and Payroll,Fosters Accountants Limited ,Informal action taken,Breach recorded - regulatory action criteria not met,Advice given,Yes
Completed,GDPR,IC-354712-W9P6,09/01/2025,2025,2024/25,Q4,10-Jan,06/03/2025,2025,2024/25,Q4,12-Mar,Education and childcare,Maintained schools,Futura Learning Partnership,Informal action taken,Breach recorded - regulatory action criteria not met,Advice given,No
Completed,GDPR,IC-297702-V5S4,29/03/2024,2024,2023/24,Q4,12-Mar,06/03/2025,2025,2024/25,Q4,12-Mar,"Finance, insurance and credit",Financial services and advice,Global Prime Partners Ltd,Informal action taken,Breach recorded - regulatory action criteria not met,Advice given,No
Completed,GDPR,IC-368011-X1N0,05/03/2025,2025,2024/25,Q4,12-Mar,06/03/2025,2025,2024/25,Q4,12-Mar,Health,Secondary care,Humber Teaching NHS Foundation Trust,Informal action taken,Breach recorded - regulatory action criteria not met,Advice given,No
Completed,GDPR,IC-368015-V2Q8,04/03/2025,2025,2024/25,Q4,12-Mar,06/03/2025,2025,2024/25,Q4,12-Mar,Local government,"Unitary Authority (London Borough, Mets and Councils in Scotland and Wales)",Knowsley Metropolitan Borough Council,Informal action taken,Breach recorded - regulatory action criteria not met,Advice given,No
Completed,GDPR,IC-352107-Y7L1,18/12/2024,2024,2024/25,Q3,09-Dec,06/03/2025,2025,2024/25,Q4,12-Mar,Religious,Religious organisations,London City Mission,Informal action taken,Breach recorded - regulatory action criteria not met,Advice given,No
Completed,GDPR,IC-368087-V0Y8,05/03/2025,2025,2024/25,Q4,12-Mar,06/03/2025,2025,2024/25,Q4,12-Mar,Education and childcare,Maintained schools,Loxford School Trust Limited,Informal action taken,Breach recorded - regulatory action criteria not met,Advice given,No
Completed,GDPR,IC-367900-W6W0,04/03/2025,2025,2024/25,Q4,12-Mar,06/03/2025,2025,2024/25,Q4,12-Mar,Charitable and voluntary,Local charities,Manchester Care & Repair Limited,Informal action taken,Breach recorded - regulatory action criteria not met,Advice given,No
Completed,GDPR,IC-365091-P7Y1,19/02/2025,2025,2024/25,Q4,11-Feb,06/03/2025,2025,2024/25,Q4,12-Mar,Health,General Practitioner,Mayfield Medical Centre,Informal action taken,Breach recorded - regulatory action criteria not met,Advice given,No
Completed,GDPR,IC-367777-Z6T0,04/03/2025,2025,2024/25,Q4,12-Mar,06/03/2025,2025,2024/25,Q4,12-Mar,Transport and leisure,Holiday providers and services,MSC Cruises Limited,Informal action taken,Breach recorded - regulatory action criteria not met,Advice given,No
Completed,GDPR,IC-367962-R7X5,04/03/2025,2025,2024/25,Q4,12-Mar,06/03/2025,2025,2024/25,Q4,12-Mar,Health,Secondary care,Northumbria Healthcare NHS Foundation Trust,Informal action taken,Breach recorded - regulatory action criteria not met,Advice given,No
Completed,GDPR,IC-368101-B1L9,05/03/2025,2025,2024/25,Q4,12-Mar,06/03/2025,2025,2024/25,Q4,12-Mar,Local government,City Council,Nottingham City Council,Informal action taken,Breach recorded - regulatory action criteria not met,Advice given,No
Completed,GDPR,IC-368034-K4X7,05/03/2025,2025,2024/25,Q4,12-Mar,06/03/2025,2025,2024/25,Q4,12-Mar,Retail and manufacture,Supplier of services,Orion Electrotech Limited,Informal action taken,Breach recorded - regulatory action criteria not met,Advice given,Yes
Completed,GDPR,IC-368204-R4M3,06/03/2025,2025,2024/25,Q4,12-Mar,06/03/2025,2025,2024/25,Q4,12-Mar,Charitable and voluntary,Local charities,Pandora Project,Informal action taken,Breach recorded - regulatory action criteria not met,Advice given,Yes
Completed,GDPR,IC-368102-G0C5,05/03/2025,2025,2024/25,Q4,12-Mar,06/03/2025,2025,2024/25,Q4,12-Mar,Local government,"Parish, community and town councils",Pickmere Parish Council,Informal action taken,Breach recorded - regulatory action criteria not met,Advice given,No
Completed,GDPR,IC-367983-M0Y6,04/03/2025,2025,2024/25,Q4,12-Mar,06/03/2025,2025,2024/25,Q4,12-Mar,Local government,"Unitary Authority (London Borough, Mets and Councils in Scotland and Wales)",Reading Borough Council,Informal action taken,Breach recorded - regulatory action criteria not met,Advice given,No
Completed,GDPR,IC-367980-V3Z5,04/03/2025,2025,2024/25,Q4,12-Mar,06/03/2025,2025,2024/25,Q4,12-Mar,"Finance, insurance and credit",Financial services and advice,S M Q Services Limited,Informal action taken,Breach recorded - regulatory action criteria not met,Advice given,Yes
Completed,GDPR,IC-368216-C9D5,05/03/2025,2025,2024/25,Q4,12-Mar,06/03/2025,2025,2024/25,Q4,12-Mar,Retail and manufacture,Supplier of goods,schuh Limited,Informal action taken,Breach recorded - regulatory action criteria not met,Advice given,No
Completed,GDPR,IC-368001-X7D0,04/03/2025,2025,2024/25,Q4,12-Mar,06/03/2025,2025,2024/25,Q4,12-Mar,Health,General Practitioner,Sobell Medical Centre,Informal action taken,Breach recorded - regulatory action criteria not met,Advice given,No
Completed,GDPR,IC-368117-Z4H8,05/03/2025,2025,2024/25,Q4,12-Mar,06/03/2025,2025,2024/25,Q4,12-Mar,Education and childcare,Academy and Free Schools,St John the Baptist Catholic Multi Academy Trust,Informal action taken,Breach recorded - regulatory action criteria not met,Advice given,No
Completed,GDPR,IC-368050-X7J7,05/03/2025,2025,2024/25,Q4,12-Mar,06/03/2025,2025,2024/25,Q4,12-Mar,Religious,Religious organisations,St. John the Baptist Parish Church (Crowthorne),Informal action taken,Breach recorded - regulatory action criteria not met,Advice given,No
Completed,GDPR,IC-367982-R8X0,04/03/2025,2025,2024/25,Q4,12-Mar,06/03/2025,2025,2024/25,Q4,12-Mar,Local government,"Unitary Authority (London Borough, Mets and Councils in Scotland and Wales)",Stockport Metropolitan Borough Council,Informal action taken,Breach recorded - regulatory action criteria not met,Advice given,No
Completed,GDPR,IC-366742-Q0L8,26/02/2025,2025,2024/25,Q4,11-Feb,06/03/2025,2025,2024/25,Q4,12-Mar,Health,Unassigned,Surrey Heath Community Providers Limited,Informal action taken,Breach recorded - regulatory action criteria not met,Advice given,No
Completed,GDPR,IC-365822-Q4D1,21/02/2025,2025,2024/25,Q4,11-Feb,06/03/2025,2025,2024/25,Q4,12-Mar,Health,Secondary care,Tameside and Glossop Integrated Care NHS Foundation Trust,Informal action taken,Breach recorded - regulatory action criteria not met,Advice given,No
Completed,GDPR,IC-367721-Z4P9,04/03/2025,2025,2024/25,Q4,12-Mar,06/03/2025,2025,2024/25,Q4,12-Mar,Retail and manufacture,Supplier of services,Teaching Personnel Limited,Informal action taken,Breach recorded - regulatory action criteria not met,Unassigned,Yes
Completed,GDPR,IC-368056-P5K6,05/03/2025,2025,2024/25,Q4,12-Mar,06/03/2025,2025,2024/25,Q4,12-Mar,Membership association,Clubs,The Cruising Association,Informal action taken,Breach recorded - regulatory action criteria not met,Advice given,No
Completed,GDPR,IC-352844-G8S6,20/12/2024,2024,2024/25,Q3,09-Dec,06/03/2025,2025,2024/25,Q4,12-Mar,Central Government,Non-departmental public body,The Scottish Legal Aid Board,Informal action taken,Breach recorded - regulatory action criteria not met,Advice given,No
Completed,GDPR,IC-363216-L1N2,13/02/2025,2025,2024/25,Q4,11-Feb,06/03/2025,2025,2024/25,Q4,12-Mar,Legal,Legal professionals,WMC Legal LLP,Informal action taken,Breach recorded - regulatory action criteria not met,Advice given,No
Completed,GDPR,IC-368113-W8K8,05/03/2025,2025,2024/25,Q4,12-Mar,06/03/2025,2025,2024/25,Q4,12-Mar,Health,General Practitioner,Anon DC,No Further Action,Not PDB,Unassigned,No
Completed,GDPR,IC-367786-Y3F3,04/03/2025,2025,2024/25,Q4,12-Mar,06/03/2025,2025,2024/25,Q4,12-Mar,Online Technology and Telecoms,Unassigned,RHINONATION Ltd,No Further Action,Not PDB,Unassigned,No
Completed,GDPR,IC-354909-H8F2,07/01/2025,2025,2024/25,Q4,10-Jan,06/03/2025,2025,2024/25,Q4,12-Mar,Education and childcare,Academy and Free Schools,SPARK ACADEMY,No Further Action,Not PDB,Unassigned,No
Completed,GDPR,IC-368425-R3B9,06/03/2025,2025,2024/25,Q4,12-Mar,07/03/2025,2025,2024/25,Q4,12-Mar,Local government,District Council,Ards and North Down Borough Council,Informal action taken,Breach recorded - regulatory action criteria not met,Advice given,No
Completed,GDPR,IC-368404-R8S3,06/03/2025,2025,2024/25,Q4,12-Mar,07/03/2025,2025,2024/25,Q4,12-Mar,Education and childcare,Maintained schools,Ashfield Girl's High School,Informal action taken,Breach recorded - regulatory action criteria not met,Advice given,No
Completed,GDPR,IC-368405-F7G5,06/03/2025,2025,2024/25,Q4,12-Mar,07/03/2025,2025,2024/25,Q4,12-Mar,Social care,Residential care,Bluefront Care LTD,Informal action taken,Breach recorded - regulatory action criteria not met,Advice given,No
Completed,GDPR,IC-368334-K5V8,06/03/2025,2025,2024/25,Q4,12-Mar,07/03/2025,2025,2024/25,Q4,12-Mar,Retail and manufacture,Manufacturing,Clays Limited,Informal action taken,Breach recorded - regulatory action criteria not met,Unassigned,Yes
Completed,GDPR,IC-368475-L6J9,07/03/2025,2025,2024/25,Q4,12-Mar,07/03/2025,2025,2024/25,Q4,12-Mar,Transport and leisure,Passenger transport,Condor Ferries Limited,Informal action taken,Breach recorded - regulatory action criteria not met,Advice given,Yes
Completed,GDPR,IC-368262-B9K4,06/03/2025,2025,2024/25,Q4,12-Mar,07/03/2025,2025,2024/25,Q4,12-Mar,Health,General Practitioner,Dounby Surgery,Informal action taken,Breach recorded - regulatory action criteria not met,Advice given,No
Completed,GDPR,IC-368428-Y2Q0,06/03/2025,2025,2024/25,Q4,12-Mar,07/03/2025,2025,2024/25,Q4,12-Mar,Online Technology and Telecoms,Unassigned,FairPhone B.V.,Informal action taken,Breach recorded - regulatory action criteria not met,Advice given,No
Completed,GDPR,IC-368315-Q1M5,06/03/2025,2025,2024/25,Q4,12-Mar,07/03/2025,2025,2024/25,Q4,12-Mar,Health,Healthcare and pharmaceuticals,HARLINGTON HOSPICE ASSOCIATION,Informal action taken,Breach recorded - regulatory action criteria not met,Advice given,No
Completed,GDPR,IC-368333-T6D8,07/03/2025,2025,2024/25,Q4,12-Mar,07/03/2025,2025,2024/25,Q4,12-Mar,Education and childcare,Further education,Horizon Community College,Informal action taken,Breach recorded - regulatory action criteria not met,Advice given,No
Completed,GDPR,IC-368239-B2R0,05/03/2025,2025,2024/25,Q4,12-Mar,07/03/2025,2025,2024/25,Q4,12-Mar,Health,General Practitioner,Hulme Hall Medical Group,Informal action taken,Breach recorded - regulatory action criteria not met,Advice given,No
Completed,GDPR,IC-368245-T8H2,05/03/2025,2025,2024/25,Q4,12-Mar,07/03/2025,2025,2024/25,Q4,12-Mar,Retail and manufacture,Manufacturing,Intuitive Surgical Limited,Informal action taken,Breach recorded - regulatory action criteria not met,Advice given,No
Completed,GDPR,IC-368274-B0D6,06/03/2025,2025,2024/25,Q4,12-Mar,07/03/2025,2025,2024/25,Q4,12-Mar,Land or property services,Estate agency / letting agency,Keith Pattinson Estate Agents Ltd,Informal action taken,Breach recorded - regulatory action criteria not met,Advice given,No
Completed,GDPR,IC-368352-L5G0,06/03/2025,2025,2024/25,Q4,12-Mar,07/03/2025,2025,2024/25,Q4,12-Mar,Education and childcare,Further education,Kirklees College,Informal action taken,Breach recorded - regulatory action criteria not met,Advice given,No
Completed,GDPR,IC-366587-V0D3,25/02/2025,2025,2024/25,Q4,11-Feb,07/03/2025,2025,2024/25,Q4,12-Mar,Online Technology and Telecoms,Gaming,Lake District Giveaways,Informal action taken,Breach recorded - regulatory action criteria not met,Advice given,No
Completed,GDPR,IC-368252-W6D6,06/03/2025,2025,2024/25,Q4,12-Mar,07/03/2025,2025,2024/25,Q4,12-Mar,Health,Primary care,Llandaff North Medical Centre,Informal action taken,Breach recorded - regulatory action criteria not met,Advice given,No
Completed,GDPR,IC-368380-J4N4,06/03/2025,2025,2024/25,Q4,12-Mar,07/03/2025,2025,2024/25,Q4,12-Mar,Land or property services,Property management,McCarthy & Stone Management Services Ltd,Informal action taken,Breach recorded - regulatory action criteria not met,Advice given,No
Completed,GDPR,IC-368288-L5L0,06/03/2025,2025,2024/25,Q4,12-Mar,07/03/2025,2025,2024/25,Q4,12-Mar,Online Technology and Telecoms,Software developers,Metaverse VR Ltd ,Informal action taken,Breach recorded - regulatory action criteria not met,Advice given,No
Completed,GDPR,IC-365448-F3N3,21/02/2025,2025,2024/25,Q4,11-Feb,07/03/2025,2025,2024/25,Q4,12-Mar,Legal,Legal professionals,Mills & Co Solicitors,Informal action taken,Breach recorded - regulatory action criteria not met,Advice given,No
Completed,GDPR,IC-368257-N2B1,06/03/2025,2025,2024/25,Q4,12-Mar,07/03/2025,2025,2024/25,Q4,12-Mar,Utilities,Utility companies,National Grid Electricity Distribution (South West) PLC,Informal action taken,Breach recorded - regulatory action criteria not met,Advice given,No
Completed,GDPR,IC-368337-S0K1,06/03/2025,2025,2024/25,Q4,12-Mar,07/03/2025,2025,2024/25,Q4,12-Mar,Land or property services,Estate agency / letting agency,One Property Recruitment LTD,Informal action taken,Breach recorded - regulatory action criteria not met,Advice given,No
Completed,GDPR,IC-368459-X6F0,06/03/2025,2025,2024/25,Q4,12-Mar,07/03/2025,2025,2024/25,Q4,12-Mar,"Finance, insurance and credit",Insolvency Practitioners,Opus Restructuring LLP,Informal action taken,Breach recorded - regulatory action criteria not met,Advice given,No
Completed,GDPR,IC-368416-C3B9,06/03/2025,2025,2024/25,Q4,12-Mar,07/03/2025,2025,2024/25,Q4,12-Mar,Health,General Practitioner,Parkhill Medical Practice,Informal action taken,Breach recorded - regulatory action criteria not met,Advice given,No
Completed,GDPR,IC-368286-S0V7,06/03/2025,2025,2024/25,Q4,12-Mar,07/03/2025,2025,2024/25,Q4,12-Mar,Health,General Practitioner,Partners of Danestone Medical Practice,Informal action taken,Breach recorded - regulatory action criteria not met,Advice given,No
Completed,GDPR,IC-368203-H0J3,05/03/2025,2025,2024/25,Q4,12-Mar,07/03/2025,2025,2024/25,Q4,12-Mar,"Finance, insurance and credit",Insurance,Phoenix Life Limited,Informal action taken,Breach recorded - regulatory action criteria not met,Unassigned,Yes
Completed,GDPR,IC-366761-J1M8,26/02/2025,2025,2024/25,Q4,11-Feb,07/03/2025,2025,2024/25,Q4,12-Mar,Legal,Legal professionals,Premier Property Lawyers Limited,Informal action taken,Breach recorded - regulatory action criteria not met,Advice given,No
Completed,GDPR,IC-366721-D3H8,25/02/2025,2025,2024/25,Q4,11-Feb,07/03/2025,2025,2024/25,Q4,12-Mar,Charitable and voluntary,Local charities,Preston Vocational Centre Ltd,Informal action taken,Breach recorded - regulatory action criteria not met,Advice given,No
Completed,GDPR,IC-368218-Z1T4,05/03/2025,2025,2024/25,Q4,12-Mar,07/03/2025,2025,2024/25,Q4,12-Mar,Health,General Practitioner,Sobell Medical Centre,Informal action taken,Breach recorded - regulatory action criteria not met,Advice given,No
Completed,GDPR,IC-368344-S6M6,06/03/2025,2025,2024/25,Q4,12-Mar,07/03/2025,2025,2024/25,Q4,12-Mar,Health,General Practitioner,St Augustine’s Medical Practice,Informal action taken,Breach recorded - regulatory action criteria not met,Advice given,No
Completed,GDPR,IC-368469-X0M4,07/03/2025,2025,2024/25,Q4,12-Mar,07/03/2025,2025,2024/25,Q4,12-Mar,Retail and manufacture,Supplier of services,Steadfast Security Systems Ltd,Informal action taken,Breach recorded - regulatory action criteria not met,Advice given,Yes
Completed,GDPR,IC-367429-K8Q2,02/03/2025,2025,2024/25,Q4,12-Mar,07/03/2025,2025,2024/25,Q4,12-Mar,Social care,Residential care,Supportive Futures Ltd,Informal action taken,Breach recorded - regulatory action criteria not met,Advice given,No
Completed,GDPR,IC-366882-V9K7,27/02/2025,2025,2024/25,Q4,11-Feb,07/03/2025,2025,2024/25,Q4,12-Mar,Media,Newspapers,Telegraph Media Group Holdings Limited,Informal action taken,Breach recorded - regulatory action criteria not met,Advice given,No
Completed,GDPR,IC-368358-C6Q6,07/03/2025,2025,2024/25,Q4,12-Mar,07/03/2025,2025,2024/25,Q4,12-Mar,Education and childcare,Academy and Free Schools,The Blessed Christopher Wharton Catholic Academy Trust,Informal action taken,Breach recorded - regulatory action criteria not met,Advice given,No
Completed,GDPR,IC-368290-B7C9,06/03/2025,2025,2024/25,Q4,12-Mar,07/03/2025,2025,2024/25,Q4,12-Mar,"Finance, insurance and credit",Financial services and advice,The Mortgage Lender Limited,Informal action taken,Breach recorded - regulatory action criteria not met,Advice given,No
Completed,GDPR,IC-368357-V0G6,06/03/2025,2025,2024/25,Q4,12-Mar,07/03/2025,2025,2024/25,Q4,12-Mar,Retail and manufacture,Supplier of goods,The Wentworth Wooden Jigsaw Company Limited,Informal action taken,Breach recorded - regulatory action criteria not met,Advice given,No
Completed,GDPR,IC-367553-H4G0,20/02/2025,2025,2024/25,Q4,11-Feb,07/03/2025,2025,2024/25,Q4,12-Mar,Health,Healthcare and pharmaceuticals,Trust Outpatient Pharmacy,Informal action taken,Breach recorded - regulatory action criteria not met,Advice given,No
Completed,GDPR,IC-366801-X0W1,27/02/2025,2025,2024/25,Q4,11-Feb,07/03/2025,2025,2024/25,Q4,12-Mar,Charitable and voluntary,Local charities,United Learning Trust,Informal action taken,Breach recorded - regulatory action criteria not met,Advice given,Don't know
Completed,GDPR,IC-351340-Q5W2,13/12/2024,2024,2024/25,Q3,09-Dec,07/03/2025,2025,2024/25,Q4,12-Mar,Education and childcare,Higher education,University of Kent,Informal action taken,Breach recorded - regulatory action criteria not met,Advice given,No
Completed,GDPR,IC-368338-B7R6,06/03/2025,2025,2024/25,Q4,12-Mar,07/03/2025,2025,2024/25,Q4,12-Mar,Land or property services,Estate agency / letting agency,WORLDWIDE PROPERTY SALES LTD T/A KEY DRUMMOND ESTATE AGENTS,Informal action taken,Breach recorded - regulatory action criteria not met,Advice given,No
Completed,GDPR,IC-368250-P3W2,06/03/2025,2025,2024/25,Q4,12-Mar,07/03/2025,2025,2024/25,Q4,12-Mar,General business,Recruitment agencies,Xcellin Ltd,Informal action taken,Breach recorded - regulatory action criteria not met,Unassigned,Yes
Completed,GDPR,IC-368259-F5Z5,06/03/2025,2025,2024/25,Q4,12-Mar,07/03/2025,2025,2024/25,Q4,12-Mar,Retail and manufacture,Unassigned,Zeppelin Systems UK Ltd,Informal action taken,Breach recorded - regulatory action criteria not met,Advice given,Yes
Case Officer Review Completed,GDPR,IC-368471-Q0Z0,06/03/2025,2025,2024/25,Q4,12-Mar,07/03/2025,2025,2024/25,Q4,12-Mar,Online Technology and Telecoms,Infrastructure and hardware providers,Community Brands UK Holdings Ltd,No Further Action,Not PDB,Unassigned,Yes
Completed,GDPR,IC-364366-B9H9,14/02/2025,2025,2024/25,Q4,11-Feb,07/03/2025,2025,2024/25,Q4,12-Mar,"Finance, insurance and credit",Lenders,Handelsbanken PLC,No Further Action,Not PDB,Unassigned,No
Completed,GDPR,IC-347461-P9L4,29/11/2024,2024,2024/25,Q3,08-Nov,08/03/2025,2025,2024/25,Q4,12-Mar,Land or property services,Housing association,BPHA Limited,Informal action taken,Breach recorded - regulatory action criteria not met,Advice given,No
Completed,GDPR,IC-362292-S5Z9,07/02/2025,2025,2024/25,Q4,11-Feb,08/03/2025,2025,2024/25,Q4,12-Mar,Health,Secondary care,Dumfries & Galloway Health Board,Informal action taken,Breach recorded - regulatory action criteria not met,Advice given,No
Completed,GDPR,IC-361396-T0Y5,04/02/2025,2025,2024/25,Q4,11-Feb,08/03/2025,2025,2024/25,Q4,12-Mar,Retail and manufacture,Supplier of goods,Jade Cottage,Informal action taken,Breach recorded - regulatory action criteria not met,Advice given,No
Completed,GDPR,IC-360529-L7J4,31/01/2025,2025,2024/25,Q4,10-Jan,08/03/2025,2025,2024/25,Q4,12-Mar,Health,Public health,NHS Fife,Informal action taken,Breach recorded - regulatory action criteria not met,Advice given,No
Completed,GDPR,IC-361586-M9K6,06/02/2025,2025,2024/25,Q4,11-Feb,08/03/2025,2025,2024/25,Q4,12-Mar,Local government,District Council,Pembrokeshire Coast National Park Authority,Informal action taken,Breach recorded - regulatory action criteria not met,Advice given,No
Completed,GDPR,IC-361604-V0J0,06/02/2025,2025,2024/25,Q4,11-Feb,08/03/2025,2025,2024/25,Q4,12-Mar,Education and childcare,Further education,Pembrokeshire College,Informal action taken,Breach recorded - regulatory action criteria not met,Advice given,No
Completed,GDPR,IC-302403-K9P8,21/04/2024,2024,2024/25,Q1,01-Apr,08/03/2025,2025,2024/25,Q4,12-Mar,Charitable and voluntary,Local charities,Stronsay Development Trust ,Informal action taken,Breach recorded - regulatory action criteria not met,Advice given,No
Completed,GDPR,IC-368497-J7Y0,07/03/2025,2025,2024/25,Q4,12-Mar,08/03/2025,2025,2024/25,Q4,12-Mar,Charitable and voluntary,Local charities,Thame Barns Centre,Informal action taken,Breach recorded - regulatory action criteria not met,Advice given,Yes
Completed,GDPR,IC-368491-M4K3,07/03/2025,2025,2024/25,Q4,12-Mar,08/03/2025,2025,2024/25,Q4,12-Mar,Social care,Residential care,Hellendoorn Healthcare Limited,No Further Action,Not PDB,Unassigned,No
Completed,GDPR,IC-368511-C4Y9,07/03/2025,2025,2024/25,Q4,12-Mar,09/03/2025,2025,2024/25,Q4,12-Mar,Charitable and voluntary,National charities,Change Grow Live,Informal action taken,Breach recorded - regulatory action criteria not met,Advice given,No
Completed,GDPR,IC-368514-B1B2,07/03/2025,2025,2024/25,Q4,12-Mar,09/03/2025,2025,2024/25,Q4,12-Mar,Land or property services,Housing association,Great Places Housing Association,Informal action taken,Breach recorded - regulatory action criteria not met,Advice given,No
Completed,GDPR,IC-368515-M3M0,07/03/2025,2025,2024/25,Q4,12-Mar,09/03/2025,2025,2024/25,Q4,12-Mar,Education and childcare,Academy and Free Schools,Inspire Education Trust,Informal action taken,Breach recorded - regulatory action criteria not met,Advice given,No
Completed,GDPR,IC-368517-K3Y5,07/03/2025,2025,2024/25,Q4,12-Mar,09/03/2025,2025,2024/25,Q4,12-Mar,"Finance, insurance and credit",Insurance,Insurance Factory Limited,Informal action taken,Breach recorded - regulatory action criteria not met,Advice given,No
Completed,GDPR,IC-368513-C8R1,07/03/2025,2025,2024/25,Q4,12-Mar,09/03/2025,2025,2024/25,Q4,12-Mar,Education and childcare,Academy and Free Schools,Maiden Erlegh Trust,Informal action taken,Breach recorded - regulatory action criteria not met,Advice given,No
Completed,GDPR,IC-368506-F2L3,07/03/2025,2025,2024/25,Q4,12-Mar,09/03/2025,2025,2024/25,Q4,12-Mar,Retail and manufacture,Supplier of goods,The Midcounties Co-operative Limited,Informal action taken,Breach recorded - regulatory action criteria not met,Advice given,No
Completed,GDPR,IC-368512-C4Y6,07/03/2025,2025,2024/25,Q4,12-Mar,09/03/2025,2025,2024/25,Q4,12-Mar,Education and childcare,Academy and Free Schools,The Misbourne,Informal action taken,Breach recorded - regulatory action criteria not met,Advice given,No
Completed,GDPR,IC-368507-G1D5,07/03/2025,2025,2024/25,Q4,12-Mar,09/03/2025,2025,2024/25,Q4,12-Mar,Legal,Legal professionals,Woolley & Co Ltd,Informal action taken,Breach recorded - regulatory action criteria not met,Advice given,Yes
Completed,GDPR,IC-368435-D4L6,06/03/2025,2025,2024/25,Q4,12-Mar,10/03/2025,2025,2024/25,Q4,12-Mar,Health,Private Healthcare providers,Anon DC,Informal action taken,Breach recorded - regulatory action criteria not met,Advice given,No
Completed,GDPR,IC-367178-G1G0,28/02/2025,2025,2024/25,Q4,11-Feb,10/03/2025,2025,2024/25,Q4,12-Mar,"Finance, insurance and credit",Insurance,AXA PPP Healthcare Ltd,Informal action taken,Breach recorded - regulatory action criteria not met,Advice given,No
Completed,GDPR,IC-367259-L7L0,28/02/2025,2025,2024/25,Q4,11-Feb,10/03/2025,2025,2024/25,Q4,12-Mar,Utilities,Unassigned,Axil Integrated Services Ltd,Informal action taken,Breach recorded - regulatory action criteria not met,Advice given,Yes
Completed,GDPR,IC-368802-X5L5,07/03/2025,2025,2024/25,Q4,12-Mar,10/03/2025,2025,2024/25,Q4,12-Mar,Education and childcare,Maintained schools,Barkston & Syston C E School,Informal action taken,Breach recorded - regulatory action criteria not met,Advice given,No
Completed,GDPR,IC-366460-P9W5,26/02/2025,2025,2024/25,Q4,11-Feb,10/03/2025,2025,2024/25,Q4,12-Mar,Social care,Independent Social Worker,Beacon Family Services CIC,Informal action taken,Breach recorded - regulatory action criteria not met,Advice given,No
Completed,GDPR,IC-357775-X3S4,23/01/2025,2025,2024/25,Q4,10-Jan,10/03/2025,2025,2024/25,Q4,12-Mar,Retail and manufacture,Supplier of goods,Bestway Wholesale Limited,Informal action taken,Breach recorded - regulatory action criteria not met,Advice given,No
Completed,GDPR,IC-368016-R1V8,05/03/2025,2025,2024/25,Q4,12-Mar,10/03/2025,2025,2024/25,Q4,12-Mar,Education and childcare,Maintained schools,Bewsey Lodge Primary School,Informal action taken,Breach recorded - regulatory action criteria not met,Advice given,No
Completed,Hybrid,IC-365325-X5Q0,21/02/2025,2025,2024/25,Q4,11-Feb,10/03/2025,2025,2024/25,Q4,12-Mar,Health,Private Healthcare providers,Candlelight Home Care Services Limited,Informal action taken,Breach recorded - regulatory action criteria not met,Advice given,No
Completed,GDPR,IC-367990-M9C3,04/03/2025,2025,2024/25,Q4,12-Mar,10/03/2025,2025,2024/25,Q4,12-Mar,Justice,Police Forces,Chief Constable Norfolk Constabulary,Informal action taken,Breach recorded - regulatory action criteria not met,Advice given,No
Completed,GDPR,IC-367993-X4Q1,04/03/2025,2025,2024/25,Q4,12-Mar,10/03/2025,2025,2024/25,Q4,12-Mar,Justice,Police Forces,Chief Constable Suffolk Constabulary,Informal action taken,Breach recorded - regulatory action criteria not met,Advice given,No
Completed,GDPR,IC-367266-N3X6,28/02/2025,2025,2024/25,Q4,11-Feb,10/03/2025,2025,2024/25,Q4,12-Mar,Retail and manufacture,Unassigned,DREAM HOME LIMITED,Informal action taken,Breach recorded - regulatory action criteria not met,Advice given,No
Completed,GDPR,IC-368786-B9P0,07/03/2025,2025,2024/25,Q4,12-Mar,10/03/2025,2025,2024/25,Q4,12-Mar,"Finance, insurance and credit",Insurance,Esure Services Limited,Informal action taken,Breach recorded - regulatory action criteria not met,Advice given,No
Completed,GDPR,IC-368419-H9K9,06/03/2025,2025,2024/25,Q4,12-Mar,10/03/2025,2025,2024/25,Q4,12-Mar,Health,Secondary care,Fife Health Board,Informal action taken,Breach recorded - regulatory action criteria not met,Advice given,No
Completed,Hybrid,IC-366186-H7W8,24/02/2025,2025,2024/25,Q4,11-Feb,10/03/2025,2025,2024/25,Q4,12-Mar,Retail and manufacture,Supplier of services,Forensic Control Limited,Informal action taken,Breach recorded - regulatory action criteria not met,Advice given,No
Completed,GDPR,IC-368665-Y4H3,07/03/2025,2025,2024/25,Q4,12-Mar,10/03/2025,2025,2024/25,Q4,12-Mar,Central Government,Ombudsman,General Dental Council,Informal action taken,Breach recorded - regulatory action criteria not met,Advice given,No
Completed,GDPR,IC-368698-K6Q2,07/03/2025,2025,2024/25,Q4,12-Mar,10/03/2025,2025,2024/25,Q4,12-Mar,Central Government,Ombudsman,General Dental Council,Informal action taken,Breach recorded - regulatory action criteria not met,Advice given,No
Completed,GDPR,IC-368568-R9S3,07/03/2025,2025,2024/25,Q4,12-Mar,10/03/2025,2025,2024/25,Q4,12-Mar,Legal,Legal professionals,Hawley & Rodgers,Informal action taken,Breach recorded - regulatory action criteria not met,Advice given,Yes
Completed,GDPR,IC-368488-D6D4,07/03/2025,2025,2024/25,Q4,12-Mar,10/03/2025,2025,2024/25,Q4,12-Mar,Education and childcare,Maintained schools,Highwood Primary School,Informal action taken,Breach recorded - regulatory action criteria not met,Advice given,No
Completed,GDPR,IC-367342-K8D7,28/02/2025,2025,2024/25,Q4,11-Feb,10/03/2025,2025,2024/25,Q4,12-Mar,Health,General Practitioner,Hucclecote Surgery,Informal action taken,Breach recorded - regulatory action criteria not met,Advice given,No
Completed,GDPR,IC-368546-P9H6,07/03/2025,2025,2024/25,Q4,12-Mar,10/03/2025,2025,2024/25,Q4,12-Mar,Legal,Legal professionals,Insight Legal Services Limited,Informal action taken,Breach recorded - regulatory action criteria not met,Advice given,Yes
Completed,GDPR,IC-366963-V3F3,28/02/2025,2025,2024/25,Q4,11-Feb,10/03/2025,2025,2024/25,Q4,12-Mar,Retail and manufacture,Supplier of services,K Power Soluions Ltd ,Informal action taken,Breach recorded - regulatory action criteria not met,Advice given,Yes
Completed,GDPR,IC-367274-R8D8,28/02/2025,2025,2024/25,Q4,11-Feb,10/03/2025,2025,2024/25,Q4,12-Mar,Education and childcare,Maintained schools,King David High School,Informal action taken,Breach recorded - regulatory action criteria not met,Advice given,No
Completed,GDPR,IC-367193-W3Y4,28/02/2025,2025,2024/25,Q4,11-Feb,10/03/2025,2025,2024/25,Q4,12-Mar,Local government,"Unitary Authority (London Borough, Mets and Councils in Scotland and Wales)",London Borough of Bexley,Informal action taken,Breach recorded - regulatory action criteria not met,Advice given,No
Completed,GDPR,IC-366808-L0V7,27/02/2025,2025,2024/25,Q4,11-Feb,10/03/2025,2025,2024/25,Q4,12-Mar,Local government,Representative and arm's length bodies,London Fire Commissioner (London Fire Brigade),Informal action taken,Breach recorded - regulatory action criteria not met,Advice given,No
Completed,GDPR,IC-368542-C5S0,07/03/2025,2025,2024/25,Q4,12-Mar,10/03/2025,2025,2024/25,Q4,12-Mar,Legal,Legal professionals,Needham Poulier Solicitors Ltd,Informal action taken,Breach recorded - regulatory action criteria not met,Advice given,No
Completed,GDPR,IC-366384-H4J7,24/02/2025,2025,2024/25,Q4,11-Feb,10/03/2025,2025,2024/25,Q4,12-Mar,General business,Supplier of services,NeuroConnect CIC,Informal action taken,Breach recorded - regulatory action criteria not met,Advice given,No
Completed,GDPR,IC-368775-T6Z1,06/03/2025,2025,2024/25,Q4,12-Mar,10/03/2025,2025,2024/25,Q4,12-Mar,General business,Supplier of services,Online Filings Ltd,Informal action taken,Breach recorded - regulatory action criteria not met,Advice given,No
Completed,GDPR,IC-367229-B6M9,28/02/2025,2025,2024/25,Q4,11-Feb,10/03/2025,2025,2024/25,Q4,12-Mar,Health,Pharmacist,PCT Healthcare Ltd,Informal action taken,Breach recorded - regulatory action criteria not met,Advice given,No
Completed,GDPR,IC-368613-T5B4,07/03/2025,2025,2024/25,Q4,12-Mar,10/03/2025,2025,2024/25,Q4,12-Mar,General business,Supplier of services,Pret A Manger (Europe) Limited,Informal action taken,Unassigned,Unassigned,Yes
Completed,GDPR,IC-366989-G2P9,28/02/2025,2025,2024/25,Q4,11-Feb,10/03/2025,2025,2024/25,Q4,12-Mar,Retail and manufacture,Manufacturing,R.I.B. - Koti Limited,Informal action taken,Breach recorded - regulatory action criteria not met,Advice given,No
Completed,GDPR,IC-367180-X2R2,28/02/2025,2025,2024/25,Q4,11-Feb,10/03/2025,2025,2024/25,Q4,12-Mar,Health,Unassigned,Seaford Hearing Centre Limited,Informal action taken,Breach recorded - regulatory action criteria not met,Advice given,No
Completed,GDPR,IC-367158-M1V7,28/02/2025,2025,2024/25,Q4,11-Feb,10/03/2025,2025,2024/25,Q4,12-Mar,Local government,"Unitary Authority (London Borough, Mets and Councils in Scotland and Wales)",Shropshire Council,Informal action taken,Breach recorded - regulatory action criteria not met,Advice given,No
Completed,GDPR,IC-368565-D1J6,07/03/2025,2025,2024/25,Q4,12-Mar,10/03/2025,2025,2024/25,Q4,12-Mar,Local government,County Council,Somerset Council,Informal action taken,Breach recorded - regulatory action criteria not met,Advice given,No
Completed,GDPR,IC-368264-Y1B4,06/03/2025,2025,2024/25,Q4,12-Mar,10/03/2025,2025,2024/25,Q4,12-Mar,Education and childcare,Unassigned,St Leonards School,Informal action taken,Breach recorded - regulatory action criteria not met,Advice given,No
Completed,GDPR,IC-368586-F0C4,07/03/2025,2025,2024/25,Q4,12-Mar,10/03/2025,2025,2024/25,Q4,12-Mar,Retail and manufacture,Manufacturing,STL POWER & PROCESS CONTROLS LTD,Informal action taken,Breach recorded - regulatory action criteria not met,Advice given,Yes
Completed,GDPR,IC-367165-G3B8,28/02/2025,2025,2024/25,Q4,11-Feb,10/03/2025,2025,2024/25,Q4,12-Mar,Legal,Legal professionals,Streathers Highgate LLP,Informal action taken,Breach recorded - regulatory action criteria not met,Advice given,No
Completed,GDPR,IC-368610-F5W0,07/03/2025,2025,2024/25,Q4,12-Mar,10/03/2025,2025,2024/25,Q4,12-Mar,Health,Secondary care,Sussex Community NHS Foundation Trust,Informal action taken,Breach recorded - regulatory action criteria not met,Advice given,No
Completed,GDPR,IC-367051-H3M7,28/02/2025,2025,2024/25,Q4,11-Feb,10/03/2025,2025,2024/25,Q4,12-Mar,Social care,Residential care,Swallowcourt Limited,Informal action taken,Breach recorded - regulatory action criteria not met,Advice given,No
Completed,GDPR,IC-368779-J2W3,07/03/2025,2025,2024/25,Q4,12-Mar,10/03/2025,2025,2024/25,Q4,12-Mar,Land or property services,Property management,Taylor Wimpey UK Limited,Informal action taken,Breach recorded - regulatory action criteria not met,Advice given,No
Completed,GDPR,IC-367204-F2F7,28/02/2025,2025,2024/25,Q4,11-Feb,10/03/2025,2025,2024/25,Q4,12-Mar,Religious,Unassigned,The Church of the Epiphany,Informal action taken,Breach recorded - regulatory action criteria not met,Advice given,No
Completed,GDPR,IC-368516-W8T3,07/03/2025,2025,2024/25,Q4,12-Mar,10/03/2025,2025,2024/25,Q4,12-Mar,Education and childcare,Academy and Free Schools,The Diocese of Westminster Academy Trust,Informal action taken,Breach recorded - regulatory action criteria not met,Advice given,No
Completed,GDPR,IC-368628-B7L0,07/03/2025,2025,2024/25,Q4,12-Mar,10/03/2025,2025,2024/25,Q4,12-Mar,Transport and leisure,Accommodation providers,The Golden Lion (Hunstanton) Ltd ,Informal action taken,Breach recorded - regulatory action criteria not met,Advice given,Yes
Completed,GDPR,IC-367045-X0G9,28/02/2025,2025,2024/25,Q4,11-Feb,10/03/2025,2025,2024/25,Q4,12-Mar,Charitable and voluntary,Unassigned,The Orders of St John Care Trust,Informal action taken,Breach recorded - regulatory action criteria not met,Advice given,No
Completed,GDPR,IC-367215-S0B4,28/02/2025,2025,2024/25,Q4,11-Feb,10/03/2025,2025,2024/25,Q4,12-Mar,Religious,Unassigned,"The Parish of St Matthew with St Paul, Winchester",Informal action taken,Breach recorded - regulatory action criteria not met,Advice given,No
Completed,GDPR,IC-368719-Z9Y1,07/03/2025,2025,2024/25,Q4,12-Mar,10/03/2025,2025,2024/25,Q4,12-Mar,Charitable and voluntary,National charities,The Pituitary Foundation,Informal action taken,Breach recorded - regulatory action criteria not met,Advice given,Yes
Completed,GDPR,IC-368541-P3Q5,07/03/2025,2025,2024/25,Q4,12-Mar,10/03/2025,2025,2024/25,Q4,12-Mar,Health,Secondary care,The South Eastern Health and Social Care Trust,Informal action taken,Breach recorded - regulatory action criteria not met,Advice given,No
Completed,GDPR,IC-368596-D1N3,07/03/2025,2025,2024/25,Q4,12-Mar,10/03/2025,2025,2024/25,Q4,12-Mar,"Finance, insurance and credit",Pensions,Trustees of the RALEIGH PENSION SCHEME,Informal action taken,Breach recorded - regulatory action criteria not met,Advice given,No
Completed,GDPR,IC-349475-P5C9,06/12/2024,2024,2024/25,Q3,09-Dec,10/03/2025,2025,2024/25,Q4,12-Mar,Health,Secondary care,University Hospitals Sussex NHS Foundation Trust,Informal action taken,Breach recorded - regulatory action criteria not met,Advice given,No
Completed,GDPR,IC-368611-L6V3,07/03/2025,2025,2024/25,Q4,12-Mar,10/03/2025,2025,2024/25,Q4,12-Mar,"Finance, insurance and credit",Financial services and advice,Wealth at Work Limited,Informal action taken,Breach recorded - regulatory action criteria not met,Advice given,No
Completed,GDPR,IC-364314-W5Z7,17/02/2025,2025,2024/25,Q4,11-Feb,10/03/2025,2025,2024/25,Q4,12-Mar,Health,Secondary care,West London NHS Trust,Informal action taken,Breach recorded - regulatory action criteria not met,Advice given,No
Completed,GDPR,IC-348262-S9W2,03/12/2024,2024,2024/25,Q3,09-Dec,10/03/2025,2025,2024/25,Q4,12-Mar,Health,Secondary care,West London NHS Trust,Informal action taken,Breach recorded - regulatory action criteria not met,Advice given,No
Completed,GDPR,IC-367368-P7F1,01/03/2025,2025,2024/25,Q4,12-Mar,10/03/2025,2025,2024/25,Q4,12-Mar,Education and childcare,"Nursery, playgroups and After School club",Wee Chicks Fitness CIC,No Further Action,Not PDB,Unassigned,Don't know
Completed,GDPR,IC-368697-M4W3,07/03/2025,2025,2024/25,Q4,12-Mar,11/03/2025,2025,2024/25,Q4,12-Mar,Health,Pharmacist,ABSM Healthcare Ltd (The Independent Pharmacy),Informal action taken,Breach recorded - regulatory action criteria not met,Advice given,No
Completed,GDPR,IC-367473-X2M3,03/03/2025,2025,2024/25,Q4,12-Mar,11/03/2025,2025,2024/25,Q4,12-Mar,Retail and manufacture,Manufacturing,Anker Technology (UK) Ltd,Informal action taken,Breach recorded - regulatory action criteria not met,Advice given,No
Completed,GDPR,IC-369096-F9T7,09/03/2025,2025,2024/25,Q4,12-Mar,11/03/2025,2025,2024/25,Q4,12-Mar,Health,Dentists,Anon DC,Informal action taken,Breach recorded - regulatory action criteria not met,Advice given,No
Completed,GDPR,IC-368938-C7J5,07/03/2025,2025,2024/25,Q4,12-Mar,11/03/2025,2025,2024/25,Q4,12-Mar,Local government,Advisory boards and panels,Arts Council of Northern Ireland,Informal action taken,Breach recorded - regulatory action criteria not met,Advice given,No
Completed,GDPR,IC-361434-D1D3,05/02/2025,2025,2024/25,Q4,11-Feb,11/03/2025,2025,2024/25,Q4,12-Mar,Education and childcare,Higher education,Association Of Commonwealth Universities,Informal action taken,Breach recorded - regulatory action criteria not met,Advice given,No
Completed,GDPR,IC-368962-Q2Q6,07/03/2025,2025,2024/25,Q4,12-Mar,11/03/2025,2025,2024/25,Q4,12-Mar,Health,Secondary care,Belfast Health & Social Care Trust,Informal action taken,Breach recorded - regulatory action criteria not met,Advice given,No
Completed,GDPR,IC-367322-T4S5,01/03/2025,2025,2024/25,Q4,12-Mar,11/03/2025,2025,2024/25,Q4,12-Mar,"Finance, insurance and credit",Unassigned,BKB Payroll ltd,Informal action taken,Breach recorded - regulatory action criteria not met,Advice given,No
Completed,GDPR,IC-369178-J2G3,10/03/2025,2025,2024/25,Q4,12-Mar,11/03/2025,2025,2024/25,Q4,12-Mar,General business,Recruitment agencies,Blue Arrow Limited,Informal action taken,Breach recorded - regulatory action criteria not met,Advice given,No
Completed,GDPR,IC-366735-Q7T8,26/02/2025,2025,2024/25,Q4,11-Feb,11/03/2025,2025,2024/25,Q4,12-Mar,Health,General Practitioner,Bridgemary Medical Centre,Informal action taken,Breach recorded - regulatory action criteria not met,Advice given,No
Completed,GDPR,IC-367531-W9K7,03/03/2025,2025,2024/25,Q4,12-Mar,11/03/2025,2025,2024/25,Q4,12-Mar,Education and childcare,Unassigned,Brindle St Joseph's Catholic Primary School,Informal action taken,Breach recorded - regulatory action criteria not met,Advice given,No
Completed,GDPR,IC-367337-W2G8,02/03/2025,2025,2024/25,Q4,12-Mar,11/03/2025,2025,2024/25,Q4,12-Mar,Education and childcare,Unassigned,Buckinghamshire College Group,Informal action taken,Breach recorded - regulatory action criteria not met,Advice given,No
Completed,GDPR,IC-360595-Z9R1,31/01/2025,2025,2024/25,Q4,10-Jan,11/03/2025,2025,2024/25,Q4,12-Mar,"Finance, insurance and credit",Debt collection/tracing,Cabot Credit Management Group Limited,Informal action taken,Breach recorded - regulatory action criteria not met,Advice given,Yes
Completed,GDPR,IC-367527-D9R3,03/03/2025,2025,2024/25,Q4,12-Mar,11/03/2025,2025,2024/25,Q4,12-Mar,Education and childcare,Unassigned,Castle Batch Primary School Acadmey,Informal action taken,Breach recorded - regulatory action criteria not met,Advice given,No
Completed,GDPR,IC-369105-W0T8,10/03/2025,2025,2024/25,Q4,12-Mar,11/03/2025,2025,2024/25,Q4,12-Mar,Transport and leisure,Haulage,CBW Group Holdings Limited,Informal action taken,Breach recorded - regulatory action criteria not met,Advice given,Yes
Completed,GDPR,IC-368920-B5D1,07/03/2025,2025,2024/25,Q4,12-Mar,11/03/2025,2025,2024/25,Q4,12-Mar,Utilities,Utility companies,Centrica plc,Informal action taken,Breach recorded - regulatory action criteria not met,Advice given,No
Completed,NIS,IC-361516-M2N8,06/02/2025,2025,2024/25,Q4,11-Feb,11/03/2025,2025,2024/25,Q4,12-Mar,Online Technology and Telecoms,Software developers,Cloudflare Limited,Informal action taken,Breach recorded - regulatory action criteria not met,Advice given,No
Completed,Hybrid,IC-366197-R9N6,24/02/2025,2025,2024/25,Q4,11-Feb,11/03/2025,2025,2024/25,Q4,12-Mar,Retail and manufacture,Supplier of goods,Eden Tyre Sales Limited,Informal action taken,Breach recorded - regulatory action criteria not met,Advice given,No
Completed,GDPR,IC-368877-W4P8,07/03/2025,2025,2024/25,Q4,12-Mar,11/03/2025,2025,2024/25,Q4,12-Mar,Retail and manufacture,Supplier of goods,Elliott Baxter & Co Limited,Informal action taken,Breach recorded - regulatory action criteria not met,Advice given,Yes
Completed,GDPR,IC-369135-H6D7,07/03/2025,2025,2024/25,Q4,12-Mar,11/03/2025,2025,2024/25,Q4,12-Mar,Health,Pharmacist,F. F. & R. STEVENSON LIMITED,Informal action taken,Breach recorded - regulatory action criteria not met,Advice given,No
Completed,GDPR,IC-367409-D0P9,03/03/2025,2025,2024/25,Q4,12-Mar,11/03/2025,2025,2024/25,Q4,12-Mar,Land or property services,Property management,Greenbelt Group Ltd,Informal action taken,Breach recorded - regulatory action criteria not met,Advice given,No
Completed,GDPR,IC-367439-T1G3,03/03/2025,2025,2024/25,Q4,12-Mar,11/03/2025,2025,2024/25,Q4,12-Mar,Charitable and voluntary,Unassigned,Hetton Home Care Services,Informal action taken,Breach recorded - regulatory action criteria not met,Advice given,No
Completed,GDPR,IC-365947-B2P4,23/02/2025,2025,2024/25,Q4,11-Feb,11/03/2025,2025,2024/25,Q4,12-Mar,Media,TV / Radio Station,ITV PLC,Informal action taken,Breach recorded - regulatory action criteria not met,Advice given,No
Completed,GDPR,IC-367545-M9Z7,03/03/2025,2025,2024/25,Q4,12-Mar,11/03/2025,2025,2024/25,Q4,12-Mar,Retail and manufacture,Supplier of services,Jobladder Limited,Informal action taken,Breach recorded - regulatory action criteria not met,Advice given,No
Completed,GDPR,IC-367572-M2G3,03/03/2025,2025,2024/25,Q4,12-Mar,11/03/2025,2025,2024/25,Q4,12-Mar,Local government,County Council,Kent County Council,Informal action taken,Breach recorded - regulatory action criteria not met,Advice given,No
Completed,GDPR,IC-369035-S7R2,07/03/2025,2025,2024/25,Q4,12-Mar,11/03/2025,2025,2024/25,Q4,12-Mar,Transport and leisure,Bar and restaurant,Kimchee Restaurant,Informal action taken,Breach recorded - regulatory action criteria not met,Advice given,No
Completed,GDPR,IC-369125-N9F5,10/03/2025,2025,2024/25,Q4,12-Mar,11/03/2025,2025,2024/25,Q4,12-Mar,Education and childcare,Maintained schools,Ladybridge High School,Informal action taken,Breach recorded - regulatory action criteria not met,Advice given,No
Completed,GDPR,IC-367362-T5J5,03/03/2025,2025,2024/25,Q4,12-Mar,11/03/2025,2025,2024/25,Q4,12-Mar,Legal,Legal professionals,LDJ Solicitors LLP,Informal action taken,Breach recorded - regulatory action criteria not met,Advice given,No
Completed,GDPR,IC-367161-Q7H1,28/02/2025,2025,2024/25,Q4,11-Feb,11/03/2025,2025,2024/25,Q4,12-Mar,Health,Unassigned,Malthouse Surgery,Informal action taken,Breach recorded - regulatory action criteria not met,Advice given,No
Completed,GDPR,IC-369040-R5Q4,08/03/2025,2025,2024/25,Q4,12-Mar,11/03/2025,2025,2024/25,Q4,12-Mar,Religious,Religious organisations,Manchester & Warrington Area Quaker Meeting,Informal action taken,Breach recorded - regulatory action criteria not met,Advice given,No
Completed,GDPR,IC-357594-V5N1,21/01/2025,2025,2024/25,Q4,10-Jan,11/03/2025,2025,2024/25,Q4,12-Mar,"Finance, insurance and credit",Financial services and advice,Mirabella Financial Services LLP,Informal action taken,Breach recorded - regulatory action criteria not met,Advice given,No
Completed,GDPR,IC-367547-D7N5,03/03/2025,2025,2024/25,Q4,12-Mar,11/03/2025,2025,2024/25,Q4,12-Mar,Charitable and voluntary,Unassigned,National Axial Spondyloarthritis Society,Informal action taken,Breach recorded - regulatory action criteria not met,Advice given,No
Completed,GDPR,IC-367569-Y1F2,03/03/2025,2025,2024/25,Q4,12-Mar,11/03/2025,2025,2024/25,Q4,12-Mar,Local government,City Council,Nottingham City Council,Informal action taken,Breach recorded - regulatory action criteria not met,Advice given,No
Completed,GDPR,IC-369036-R3N8,07/03/2025,2025,2024/25,Q4,12-Mar,11/03/2025,2025,2024/25,Q4,12-Mar,Utilities,Utility companies,Octopus Energy Group Limited,Informal action taken,Breach recorded - regulatory action criteria not met,Advice given,No
Completed,GDPR,IC-369131-P8N2,10/03/2025,2025,2024/25,Q4,12-Mar,11/03/2025,2025,2024/25,Q4,12-Mar,Education and childcare,Academy and Free Schools,Sherborne Area Schools' Trust,Informal action taken,Breach recorded - regulatory action criteria not met,Advice given,No
Completed,GDPR,IC-369161-H4X2,10/03/2025,2025,2024/25,Q4,12-Mar,11/03/2025,2025,2024/25,Q4,12-Mar,Education and childcare,Further education,Silverstone University Technical College,Informal action taken,Breach recorded - regulatory action criteria not met,Advice given,No
Completed,GDPR,IC-345579-V5R9,19/11/2024,2024,2024/25,Q3,08-Nov,11/03/2025,2025,2024/25,Q4,12-Mar,Local government,County Council,Somerset Council,Informal action taken,Breach recorded - regulatory action criteria not met,Advice given,No
Completed,GDPR,IC-369060-M6N5,07/03/2025,2025,2024/25,Q4,12-Mar,11/03/2025,2025,2024/25,Q4,12-Mar,Online Technology and Telecoms,Service providers,Spotify AB,Informal action taken,Breach recorded - regulatory action criteria not met,Advice given,No
Completed,GDPR,IC-369167-D0Y9,10/03/2025,2025,2024/25,Q4,12-Mar,11/03/2025,2025,2024/25,Q4,12-Mar,Retail and manufacture,Supplier of services,STEEL DYNAMICS UK LIMITED,Informal action taken,Unassigned,Unassigned,Yes
Completed,GDPR,IC-369088-G5M8,08/03/2025,2025,2024/25,Q4,12-Mar,11/03/2025,2025,2024/25,Q4,12-Mar,Charitable and voluntary,Local charities,STOKE-BY-CLARE VILLAGE HALL,Informal action taken,Breach recorded - regulatory action criteria not met,Advice given,Yes
Completed,GDPR,IC-367539-Z4X2,03/03/2025,2025,2024/25,Q4,12-Mar,11/03/2025,2025,2024/25,Q4,12-Mar,Education and childcare,Academy and Free Schools,The Governors of Dollar Academy Trust,Informal action taken,Breach recorded - regulatory action criteria not met,Advice given,Yes
Completed,GDPR,IC-367379-D9C2,02/03/2025,2025,2024/25,Q4,12-Mar,11/03/2025,2025,2024/25,Q4,12-Mar,Charitable and voluntary,Unassigned,The Phoenix Charitable Trust,Informal action taken,Breach recorded - regulatory action criteria not met,Advice given,No
Completed,GDPR,IC-368867-H5K6,07/03/2025,2025,2024/25,Q4,12-Mar,11/03/2025,2025,2024/25,Q4,12-Mar,Charitable and voluntary,National charities,The Royal United Services Institute,Informal action taken,Breach recorded - regulatory action criteria not met,Advice given,Yes
Completed,GDPR,IC-367459-K0Q3,03/03/2025,2025,2024/25,Q4,12-Mar,11/03/2025,2025,2024/25,Q4,12-Mar,"Finance, insurance and credit",Unassigned,True Self Wealth Ltd,Informal action taken,Breach recorded - regulatory action criteria not met,Advice given,No
Completed,GDPR,IC-366612-Q0F8,27/02/2025,2025,2024/25,Q4,11-Feb,11/03/2025,2025,2024/25,Q4,12-Mar,Retail and manufacture,Supplier of goods,True World Foods (UK) Ltd,Informal action taken,Breach recorded - regulatory action criteria not met,Advice given,Yes
Completed,GDPR,IC-368990-G4W8,07/03/2025,2025,2024/25,Q4,12-Mar,11/03/2025,2025,2024/25,Q4,12-Mar,Education and childcare,Academy and Free Schools,Victorious Academies Trust,Informal action taken,Breach recorded - regulatory action criteria not met,Advice given,No
Completed,GDPR,IC-369142-N9V7,10/03/2025,2025,2024/25,Q4,12-Mar,11/03/2025,2025,2024/25,Q4,12-Mar,"Finance, insurance and credit",Financial services and advice,Wealth Solutions (UK) Ltd,Informal action taken,Breach recorded - regulatory action criteria not met,Advice given,No
Completed,GDPR,IC-369018-F2N7,07/03/2025,2025,2024/25,Q4,12-Mar,11/03/2025,2025,2024/25,Q4,12-Mar,Retail and manufacture,Supplier of goods,JG Pears Holdings,No Further Action,Unassigned,Unassigned,Yes
Review Completed,GDPR,IC-341460-N7S5,30/10/2024,2024,2024/25,Q3,07-Oct,11/03/2025,2025,2024/25,Q4,12-Mar,Health,General Practitioner,Rolle Medical Partnership,No Further Action,Not PDB,Unassigned,No
Completed,GDPR,IC-369300-C2D1,10/03/2025,2025,2024/25,Q4,12-Mar,12/03/2025,2025,2024/25,Q4,12-Mar,Health,Representative and arm's length bodies,Alpha Biolaboratories Analytical Ltd,Informal action taken,Breach recorded - regulatory action criteria not met,Advice given,No
Completed,GDPR,IC-367005-Y6N5,28/02/2025,2025,2024/25,Q4,11-Feb,12/03/2025,2025,2024/25,Q4,12-Mar,Education and childcare,Unassigned,Alternative Learning Trust,Informal action taken,Breach recorded - regulatory action criteria not met,Advice given,No
Completed,GDPR,IC-369195-K6P3,10/03/2025,2025,2024/25,Q4,12-Mar,12/03/2025,2025,2024/25,Q4,12-Mar,Online Technology and Telecoms,Service providers,Apex Networks Limited,Informal action taken,Unassigned,Unassigned,Yes
Completed,GDPR,IC-367526-C2H7,03/03/2025,2025,2024/25,Q4,12-Mar,12/03/2025,2025,2024/25,Q4,12-Mar,Health,Unassigned,Arnold Medical Centre,Informal action taken,Breach recorded - regulatory action criteria not met,Advice given,No
Completed,GDPR,IC-369473-N0S2,11/03/2025,2025,2024/25,Q4,12-Mar,12/03/2025,2025,2024/25,Q4,12-Mar,Health,Secondary care,Blackpool Teaching Hospitals NHS Foundation Trust,Informal action taken,Breach recorded - regulatory action criteria not met,Advice given,No
Completed,GDPR,IC-369338-Z2S4,10/03/2025,2025,2024/25,Q4,12-Mar,12/03/2025,2025,2024/25,Q4,12-Mar,Education and childcare,Academy and Free Schools,Branston Community Academy,Informal action taken,Breach recorded - regulatory action criteria not met,Advice given,No
Completed,GDPR,IC-369426-H0W8,10/03/2025,2025,2024/25,Q4,12-Mar,12/03/2025,2025,2024/25,Q4,12-Mar,Health,Representative and arm's length bodies,British Medical Association,Informal action taken,Breach recorded - regulatory action criteria not met,Advice given,No
Completed,GDPR,IC-367705-X5G2,04/03/2025,2025,2024/25,Q4,12-Mar,12/03/2025,2025,2024/25,Q4,12-Mar,Local government,Unassigned,Broxbourne Borough Council,Informal action taken,Breach recorded - regulatory action criteria not met,Advice given,No
Completed,GDPR,IC-369382-Q1R2,10/03/2025,2025,2024/25,Q4,12-Mar,12/03/2025,2025,2024/25,Q4,12-Mar,Central Government,Government Department,Cabinet Office,Informal action taken,Breach recorded - regulatory action criteria not met,Advice given,No
Completed,GDPR,IC-367582-G0Q1,04/03/2025,2025,2024/25,Q4,12-Mar,12/03/2025,2025,2024/25,Q4,12-Mar,Education and childcare,Unassigned,Cape Primary School,Informal action taken,Breach recorded - regulatory action criteria not met,Advice given,Yes
Completed,GDPR,IC-369497-D9D5,10/03/2025,2025,2024/25,Q4,12-Mar,12/03/2025,2025,2024/25,Q4,12-Mar,Land or property services,Housing association,Chisel Ltd,Informal action taken,Breach recorded - regulatory action criteria not met,Advice given,No
Completed,GDPR,IC-367023-J0K4,28/02/2025,2025,2024/25,Q4,11-Feb,12/03/2025,2025,2024/25,Q4,12-Mar,Charitable and voluntary,National charities,Citizens Advice Caerphilly Blaenau Gwent,Informal action taken,Breach recorded - regulatory action criteria not met,Advice given,No
Completed,GDPR,IC-367813-X7Z0,04/03/2025,2025,2024/25,Q4,12-Mar,12/03/2025,2025,2024/25,Q4,12-Mar,Health,Dentists,Clacton Dental Care Ltd,Informal action taken,Breach recorded - regulatory action criteria not met,Advice given,No
Completed,GDPR,IC-367829-D6W9,05/03/2025,2025,2024/25,Q4,12-Mar,12/03/2025,2025,2024/25,Q4,12-Mar,Education and childcare,Academy and Free Schools,Co-op Academies Trust,Informal action taken,Breach recorded - regulatory action criteria not met,Advice given,No
Completed,GDPR,IC-369315-G8Q5,10/03/2025,2025,2024/25,Q4,12-Mar,12/03/2025,2025,2024/25,Q4,12-Mar,Health,Secondary care,Cwm Taf Morgannwg University Health Board,Informal action taken,Breach recorded - regulatory action criteria not met,Advice given,No
Completed,GDPR,IC-369521-Z7H7,11/03/2025,2025,2024/25,Q4,12-Mar,12/03/2025,2025,2024/25,Q4,12-Mar,Health,Secondary care,Dartford and Gravesham NHS Trust,Informal action taken,Breach recorded - regulatory action criteria not met,Advice given,No
Completed,Hybrid,IC-367795-K0P2,04/03/2025,2025,2024/25,Q4,12-Mar,12/03/2025,2025,2024/25,Q4,12-Mar,"Finance, insurance and credit",Debt collection/tracing,DUKES BAILIFFS LIMITED,Informal action taken,Breach recorded - regulatory action criteria not met,Advice given,No
Completed,GDPR,IC-369444-Y2D9,11/03/2025,2025,2024/25,Q4,12-Mar,12/03/2025,2025,2024/25,Q4,12-Mar,Health,Secondary care,East Suffolk and North Essex NHS Foundation Trust,Informal action taken,Breach recorded - regulatory action criteria not met,Advice given,No
Completed,GDPR,IC-367698-Z6X4,04/03/2025,2025,2024/25,Q4,12-Mar,12/03/2025,2025,2024/25,Q4,12-Mar,Regulators,Unassigned,Environmental Essentials Ltd,Informal action taken,Breach recorded - regulatory action criteria not met,Advice given,No
Completed,GDPR,IC-367753-G6H4,04/03/2025,2025,2024/25,Q4,12-Mar,12/03/2025,2025,2024/25,Q4,12-Mar,Health,General Practitioner,High Glades Medical Centre,Informal action taken,Breach recorded - regulatory action criteria not met,Advice given,No
Completed,GDPR,IC-369407-J7F7,10/03/2025,2025,2024/25,Q4,12-Mar,12/03/2025,2025,2024/25,Q4,12-Mar,Retail and manufacture,Manufacturing,Hoime 2 limited (Trading as Prefix Systems),Informal action taken,Breach recorded - regulatory action criteria not met,Advice given,No
Completed,GDPR,IC-367681-L0T4,04/03/2025,2025,2024/25,Q4,12-Mar,12/03/2025,2025,2024/25,Q4,12-Mar,Education and childcare,Unassigned,John Ruskin Primary School,Informal action taken,Breach recorded - regulatory action criteria not met,Advice given,No
Completed,GDPR,IC-369422-M3D8,11/03/2025,2025,2024/25,Q4,12-Mar,12/03/2025,2025,2024/25,Q4,12-Mar,Land or property services,Building and property construction,M & J Evans Construction Limited,Informal action taken,Breach recorded - regulatory action criteria not met,Advice given,No
Completed,GDPR,IC-369510-T6W8,11/03/2025,2025,2024/25,Q4,12-Mar,12/03/2025,2025,2024/25,Q4,12-Mar,Local government,"Unitary Authority (London Borough, Mets and Councils in Scotland and Wales)",Medway Council,Informal action taken,Breach recorded - regulatory action criteria not met,Advice given,No
Completed,GDPR,IC-367651-G7K4,03/03/2025,2025,2024/25,Q4,12-Mar,12/03/2025,2025,2024/25,Q4,12-Mar,"Finance, insurance and credit",Banks and Building Societies,Nationwide Building Society,Informal action taken,Breach recorded - regulatory action criteria not met,Advice given,No
Completed,GDPR,IC-366835-B6P2,27/02/2025,2025,2024/25,Q4,11-Feb,12/03/2025,2025,2024/25,Q4,12-Mar,Health,Public health,NHS Lothian,Informal action taken,Breach recorded - regulatory action criteria not met,Advice given,No
Completed,GDPR,IC-369268-Z7S9,11/03/2025,2025,2024/25,Q4,12-Mar,12/03/2025,2025,2024/25,Q4,12-Mar,Legal,Legal professionals,Online Legal Services Solicitors Limited,Informal action taken,Breach recorded - regulatory action criteria not met,Advice given,Yes
Completed,GDPR,IC-367735-T2K7,04/03/2025,2025,2024/25,Q4,12-Mar,12/03/2025,2025,2024/25,Q4,12-Mar,Health,Pharmacist,PCT Healthcare Ltd,Informal action taken,Breach recorded - regulatory action criteria not met,Advice given,No
Completed,GDPR,IC-369284-W6D2,10/03/2025,2025,2024/25,Q4,12-Mar,12/03/2025,2025,2024/25,Q4,12-Mar,Retail and manufacture,Supplier of services,Quality Medical Group (Services) Limited,Informal action taken,Breach recorded - regulatory action criteria not met,Advice given,No
Case Officer Review Completed,GDPR,IC-366424-W9V8,26/02/2025,2025,2024/25,Q4,11-Feb,12/03/2025,2025,2024/25,Q4,12-Mar,Health,Opticians,Rawling and Sons (Opticians) Ltd,Informal action taken,Unassigned,Unassigned,Yes
Completed,GDPR,IC-367798-P5Z3,04/03/2025,2025,2024/25,Q4,12-Mar,12/03/2025,2025,2024/25,Q4,12-Mar,Education and childcare,Private schools,Royal Hospital School,Informal action taken,Breach recorded - regulatory action criteria not met,Advice given,No
Completed,GDPR,IC-369425-Z9N7,11/03/2025,2025,2024/25,Q4,12-Mar,12/03/2025,2025,2024/25,Q4,12-Mar,Social care,Domiciliary care,S.A Chopra Limited,Informal action taken,Breach recorded - regulatory action criteria not met,Advice given,No
Completed,GDPR,IC-369356-T4Q3,10/03/2025,2025,2024/25,Q4,12-Mar,12/03/2025,2025,2024/25,Q4,12-Mar,General business,Unassigned,Saltire Facilities Management,Informal action taken,Breach recorded - regulatory action criteria not met,Advice given,No
Completed,GDPR,IC-364196-V2G3,14/02/2025,2025,2024/25,Q4,11-Feb,12/03/2025,2025,2024/25,Q4,12-Mar,Health,Secondary care,Sandwell and West Birmingham Hospitals NHS Trust,Informal action taken,Breach recorded - regulatory action criteria not met,Advice given,No
Completed,GDPR,IC-367762-B9D3,04/03/2025,2025,2024/25,Q4,12-Mar,12/03/2025,2025,2024/25,Q4,12-Mar,Education and childcare,Unassigned,Senvocate Limited,Informal action taken,Breach recorded - regulatory action criteria not met,Advice given,No
Completed,GDPR,IC-369258-Y7Q3,11/03/2025,2025,2024/25,Q4,12-Mar,12/03/2025,2025,2024/25,Q4,12-Mar,Transport and leisure,Accommodation providers,Signature Shankly Limited in Administration,Informal action taken,Breach recorded - regulatory action criteria not met,Advice given,Yes
Completed,GDPR,IC-369362-K6J3,10/03/2025,2025,2024/25,Q4,12-Mar,12/03/2025,2025,2024/25,Q4,12-Mar,Charitable and voluntary,National charities,Society of St Pius X,Informal action taken,Breach recorded - regulatory action criteria not met,Advice given,No
Completed,GDPR,IC-344905-Y7D1,15/11/2024,2024,2024/25,Q3,08-Nov,12/03/2025,2025,2024/25,Q4,12-Mar,Education and childcare,Academy and Free Schools,Solihull Alternative Provision Multi Academy Trust ,Informal action taken,Breach recorded - regulatory action criteria not met,Advice given,No
Completed,GDPR,IC-369354-C1Z0,10/03/2025,2025,2024/25,Q4,12-Mar,12/03/2025,2025,2024/25,Q4,12-Mar,Health,General Practitioner,Stonecross & Westdrive Surgery,Informal action taken,Breach recorded - regulatory action criteria not met,Advice given,No
Completed,GDPR,IC-369262-W7D9,11/03/2025,2025,2024/25,Q4,12-Mar,12/03/2025,2025,2024/25,Q4,12-Mar,Membership association,Clubs,TechWorks Hub Ltd,Informal action taken,Breach recorded - regulatory action criteria not met,Advice given,Yes
Completed,GDPR,IC-367677-J4Q4,04/03/2025,2025,2024/25,Q4,12-Mar,12/03/2025,2025,2024/25,Q4,12-Mar,Education and childcare,Academy and Free Schools,The Chester Catholic Academies Partnership,Informal action taken,Breach recorded - regulatory action criteria not met,Advice given,No
Completed,GDPR,IC-369094-V4M5,09/03/2025,2025,2024/25,Q4,12-Mar,12/03/2025,2025,2024/25,Q4,12-Mar,Legal,Legal professionals,The International Family Law Group LLP,Informal action taken,Breach recorded - regulatory action criteria not met,Advice given,No
Completed,GDPR,IC-369423-C7N1,12/03/2025,2025,2024/25,Q4,12-Mar,12/03/2025,2025,2024/25,Q4,12-Mar,Health,General Practitioner,The Maryhill Group Practice ,Informal action taken,Breach recorded - regulatory action criteria not met,Advice given,No
Completed,GDPR,IC-369304-F1H8,10/03/2025,2025,2024/25,Q4,12-Mar,12/03/2025,2025,2024/25,Q4,12-Mar,Health,Healthcare and pharmaceuticals,The Owl Centre,Informal action taken,Breach recorded - regulatory action criteria not met,Advice given,No
Completed,GDPR,IC-344418-K5V0,14/11/2024,2024,2024/25,Q3,08-Nov,12/03/2025,2025,2024/25,Q4,12-Mar,Social care,Residential care,The Woodbridge Family Centre,Informal action taken,Breach recorded - regulatory action criteria not met,Advice given,No
Completed,GDPR,IC-369276-F6Q3,10/03/2025,2025,2024/25,Q4,12-Mar,12/03/2025,2025,2024/25,Q4,12-Mar,Health,Public health,Three Chequers Medical Practice,Informal action taken,Breach recorded - regulatory action criteria not met,Advice given,No
Completed,GDPR,IC-369192-D2S7,10/03/2025,2025,2024/25,Q4,12-Mar,12/03/2025,2025,2024/25,Q4,12-Mar,Membership association,Employment and Trade Unions,Trustees of ASLEF Superannuation Scheme for Officers and Staff,Informal action taken,Breach recorded - regulatory action criteria not met,Advice given,Don't know
Completed,GDPR,IC-367766-Y1M2,04/03/2025,2025,2024/25,Q4,12-Mar,12/03/2025,2025,2024/25,Q4,12-Mar,Health,Secondary care,University Hospitals of Derby and Burton,Informal action taken,Breach recorded - regulatory action criteria not met,Advice given,No
Completed,GDPR,IC-369342-J1D6,10/03/2025,2025,2024/25,Q4,12-Mar,12/03/2025,2025,2024/25,Q4,12-Mar,Education and childcare,Private schools,Windlesham School,Informal action taken,Breach recorded - regulatory action criteria not met,Advice given,No
Completed,GDPR,IC-277258-C0M3,15/12/2023,2023,2023/24,Q3,09-Dec,12/03/2025,2025,2024/25,Q4,12-Mar,Central Government,Government Department,Crown Prosecution Service,No Further Action,Not PDB,Unassigned,No
Completed,GDPR,IC-369429-R6H3,11/03/2025,2025,2024/25,Q4,12-Mar,12/03/2025,2025,2024/25,Q4,12-Mar,Charitable and voluntary,National charities,Stroke Association ,No Further Action,Unassigned,Unassigned,Yes
Completed,GDPR,IC-352329-S5T4,19/12/2024,2024,2024/25,Q3,09-Dec,12/03/2025,2025,2024/25,Q4,12-Mar,Health,Secondary care,Tees Esk & Wear Valleys NHS Foundation Trust,No Further Action,Not PDB,Unassigned,No
Completed,GDPR,IC-369634-L8B6,11/03/2025,2025,2024/25,Q4,12-Mar,13/03/2025,2025,2024/25,Q4,12-Mar,Education and childcare,Maintained schools,Anglesey Primary School,Informal action taken,Breach recorded - regulatory action criteria not met,Advice given,No
Completed,GDPR,IC-353835-M3W9,06/01/2025,2025,2024/25,Q4,10-Jan,13/03/2025,2025,2024/25,Q4,12-Mar,Education and childcare,Maintained schools,Assumption Grammar School,Informal action taken,Breach recorded - regulatory action criteria not met,Advice given,No
Completed,GDPR,IC-369715-N5Y6,12/03/2025,2025,2024/25,Q4,12-Mar,13/03/2025,2025,2024/25,Q4,12-Mar,Retail and manufacture,Supplier of goods,Beauty Tech Lab Ltd,Informal action taken,Unassigned,Unassigned,Yes
Completed,GDPR,IC-366816-R5T9,02/03/2025,2025,2024/25,Q4,12-Mar,13/03/2025,2025,2024/25,Q4,12-Mar,Health,Secondary care,Bradford District Care NHS Foundation Trust,Informal action taken,Breach recorded - regulatory action criteria not met,Advice given,No
Completed,GDPR,IC-299573-V7F6,08/04/2024,2024,2024/25,Q1,01-Apr,13/03/2025,2025,2024/25,Q4,12-Mar,Central Government,Non-departmental public body,British Broadcasting Corporation (BBC),Informal action taken,Breach recorded - regulatory action criteria not met,Advice given,No
Completed,GDPR,IC-369803-L6T0,11/03/2025,2025,2024/25,Q4,12-Mar,13/03/2025,2025,2024/25,Q4,12-Mar,Utilities,Utility companies,British Gas Trading Limited,Informal action taken,Breach recorded - regulatory action criteria not met,Advice given,No
Completed,GDPR,IC-368360-P1N2,04/03/2025,2025,2024/25,Q4,12-Mar,13/03/2025,2025,2024/25,Q4,12-Mar,Education and childcare,Academy and Free Schools,Cantell School,Informal action taken,Breach recorded - regulatory action criteria not met,Advice given,No
Completed,GDPR,IC-369625-G5R2,12/03/2025,2025,2024/25,Q4,12-Mar,13/03/2025,2025,2024/25,Q4,12-Mar,"Finance, insurance and credit",Accountancy and Payroll,Charnwood Accountants and Business Advisors LLP,Informal action taken,Unassigned,Unassigned,Yes
Completed,GDPR,IC-369804-J5L3,11/03/2025,2025,2024/25,Q4,12-Mar,13/03/2025,2025,2024/25,Q4,12-Mar,Membership association,Clubs,Chartered Society of Physiotherapy,Informal action taken,Breach recorded - regulatory action criteria not met,Advice given,No
Completed,GDPR,IC-369618-Y4S6,13/03/2025,2025,2024/25,Q4,12-Mar,13/03/2025,2025,2024/25,Q4,12-Mar,"Finance, insurance and credit",Financial services and advice,Chrysalis Finance Limited,Informal action taken,Breach recorded - regulatory action criteria not met,Advice given,No
Completed,GDPR,IC-369703-N5W9,12/03/2025,2025,2024/25,Q4,12-Mar,13/03/2025,2025,2024/25,Q4,12-Mar,"Finance, insurance and credit",Accountancy and Payroll,E C Professionals Ltd,Informal action taken,Unassigned,Unassigned,Yes
Completed,GDPR,IC-367587-Y1N4,04/03/2025,2025,2024/25,Q4,12-Mar,13/03/2025,2025,2024/25,Q4,12-Mar,Health,Secondary care,East Suffolk and North Essex NHS Foundation Trust,Informal action taken,Breach recorded - regulatory action criteria not met,Advice given,No
Completed,GDPR,IC-266806-R7F3,26/10/2023,2023,2023/24,Q3,07-Oct,13/03/2025,2025,2024/25,Q4,12-Mar,Land or property services,Estate agency / letting agency,Ernest Brooks Internatinoal,Informal action taken,Breach recorded - regulatory action criteria not met,Advice given,No
Completed,GDPR,IC-367010-F5D8,28/02/2025,2025,2024/25,Q4,11-Feb,13/03/2025,2025,2024/25,Q4,12-Mar,Health,Pharmacist,Eurofins Clinical Diagnostics UK Limited,Informal action taken,Breach recorded - regulatory action criteria not met,Advice given,No
Completed,GDPR,IC-299560-Q0V4,09/04/2024,2024,2024/25,Q1,01-Apr,13/03/2025,2025,2024/25,Q4,12-Mar,Retail and manufacture,Supplier of goods,Fourth Element Ltd,Informal action taken,Breach recorded - regulatory action criteria not met,Advice given,No
Completed,GDPR,IC-366733-S6R5,28/02/2025,2025,2024/25,Q4,11-Feb,13/03/2025,2025,2024/25,Q4,12-Mar,General business,Business advice and consultancy,General Practice Solutions,Informal action taken,Breach recorded - regulatory action criteria not met,Advice given,No
Completed,GDPR,IC-369721-J5X1,12/03/2025,2025,2024/25,Q4,12-Mar,13/03/2025,2025,2024/25,Q4,12-Mar,Social care,Residential care,Hartford Care Group Limited,Informal action taken,Unassigned,Unassigned,Yes
Completed,GDPR,IC-264280-T5T6,12/10/2023,2023,2023/24,Q3,07-Oct,13/03/2025,2025,2024/25,Q4,12-Mar,Transport and leisure,Aviation,Heathrow Airport Ltd ,Informal action taken,Breach recorded - regulatory action criteria not met,Advice given,No
Completed,GDPR,IC-366875-W0D1,27/02/2025,2025,2024/25,Q4,11-Feb,13/03/2025,2025,2024/25,Q4,12-Mar,Land or property services,Housing association,Incommunities Limited,Informal action taken,Breach recorded - regulatory action criteria not met,Advice given,No
Completed,GDPR,IC-369841-G9C9,11/03/2025,2025,2024/25,Q4,12-Mar,13/03/2025,2025,2024/25,Q4,12-Mar,Health,Pharmacist,Jardines Pharmacy,Informal action taken,Breach recorded - regulatory action criteria not met,Advice given,No
Completed,GDPR,IC-264283-T4P1,12/10/2023,2023,2023/24,Q3,07-Oct,13/03/2025,2025,2024/25,Q4,12-Mar,Health,Ambulance Service,London Ambulance Service NHS Trust,Informal action taken,Breach recorded - regulatory action criteria not met,Advice given,No
Completed,GDPR,IC-369612-J5R5,12/03/2025,2025,2024/25,Q4,12-Mar,13/03/2025,2025,2024/25,Q4,12-Mar,Health,Private Healthcare providers,London Clinical Psychology Limited,Informal action taken,Breach recorded - regulatory action criteria not met,Advice given,Yes
Completed,GDPR,IC-369153-L8G5,10/03/2025,2025,2024/25,Q4,12-Mar,13/03/2025,2025,2024/25,Q4,12-Mar,Charitable and voluntary,Local charities,MAIN - Taking Autism Personally,Informal action taken,Breach recorded - regulatory action criteria not met,Advice given,No
Completed,GDPR,IC-369814-K5J3,11/03/2025,2025,2024/25,Q4,12-Mar,13/03/2025,2025,2024/25,Q4,12-Mar,Social care,Residential care,New Forest Care Ltd,Informal action taken,Breach recorded - regulatory action criteria not met,Advice given,No
Completed,GDPR,IC-368083-H9Z1,05/03/2025,2025,2024/25,Q4,12-Mar,13/03/2025,2025,2024/25,Q4,12-Mar,Health,Primary care,NHS Greater Glasgow and Clyde,Informal action taken,Breach recorded - regulatory action criteria not met,Advice given,No
Completed,GDPR,IC-369845-K9N8,11/03/2025,2025,2024/25,Q4,12-Mar,13/03/2025,2025,2024/25,Q4,12-Mar,Charitable and voluntary,National charities,Penumbra,Informal action taken,Breach recorded - regulatory action criteria not met,Advice given,No
Completed,GDPR,IC-369648-R9J3,12/03/2025,2025,2024/25,Q4,12-Mar,13/03/2025,2025,2024/25,Q4,12-Mar,"Finance, insurance and credit",Accountancy and Payroll,Perfect Sums Bookkeeping and Accounts Ltd,Informal action taken,Breach recorded - regulatory action criteria not met,Advice given,Yes
Completed,GDPR,IC-369825-P6V7,11/03/2025,2025,2024/25,Q4,12-Mar,13/03/2025,2025,2024/25,Q4,12-Mar,"Finance, insurance and credit",Accountancy and Payroll,PK Audit LLP,Informal action taken,Breach recorded - regulatory action criteria not met,Advice given,No
Completed,GDPR,IC-369714-V6C9,11/03/2025,2025,2024/25,Q4,12-Mar,13/03/2025,2025,2024/25,Q4,12-Mar,Health,General Practitioner,Portsdown Group Practice,Informal action taken,Breach recorded - regulatory action criteria not met,Advice given,No
Completed,GDPR,IC-369632-Y5Y4,12/03/2025,2025,2024/25,Q4,12-Mar,13/03/2025,2025,2024/25,Q4,12-Mar,"Finance, insurance and credit",Accountancy and Payroll,PRS Accountants And Taxation Services Ltd,Informal action taken,Unassigned,Unassigned,Yes
Completed,GDPR,IC-369788-J1Y0,11/03/2025,2025,2024/25,Q4,12-Mar,13/03/2025,2025,2024/25,Q4,12-Mar,Health,General Practitioner,Ravenswood Medical Practice,Informal action taken,Breach recorded - regulatory action criteria not met,Advice given,No
Completed,GDPR,IC-369627-G1D3,12/03/2025,2025,2024/25,Q4,12-Mar,13/03/2025,2025,2024/25,Q4,12-Mar,"Finance, insurance and credit",Unassigned,St. James's Place Wealth Management Group Plc,Informal action taken,Breach recorded - regulatory action criteria not met,Advice given,No
Completed,GDPR,IC-367174-J5M4,28/02/2025,2025,2024/25,Q4,11-Feb,13/03/2025,2025,2024/25,Q4,12-Mar,Retail and manufacture,Unassigned,Strip Tinning Limited,Informal action taken,Breach recorded - regulatory action criteria not met,Advice given,No
Completed,GDPR,IC-367601-V8F0,03/03/2025,2025,2024/25,Q4,12-Mar,13/03/2025,2025,2024/25,Q4,12-Mar,Health,Secondary care,Tameside and Glossop Integrated Care NHS Foundation Trust,Informal action taken,Breach recorded - regulatory action criteria not met,Advice given,No
Completed,GDPR,IC-263075-F2L2,05/10/2023,2023,2023/24,Q3,07-Oct,13/03/2025,2025,2024/25,Q4,12-Mar,Health,General Practitioner,The Bridge Group Practice,Informal action taken,Breach recorded - regulatory action criteria not met,Advice given,No
Completed,GDPR,IC-369274-Q9D4,10/03/2025,2025,2024/25,Q4,12-Mar,13/03/2025,2025,2024/25,Q4,12-Mar,"Finance, insurance and credit",Accountancy and Payroll,Ultimate Accounting & Tax Solutions Ltd,Informal action taken,Breach recorded - regulatory action criteria not met,Advice given,Yes
Completed,GDPR,IC-369595-X4L0,12/03/2025,2025,2024/25,Q4,12-Mar,13/03/2025,2025,2024/25,Q4,12-Mar,Retail and manufacture,Supplier of goods,Winstons Supply Company Limited,Informal action taken,Unassigned,Unassigned,Yes
Completed,GDPR,IC-369603-Z2B1,12/03/2025,2025,2024/25,Q4,12-Mar,13/03/2025,2025,2024/25,Q4,12-Mar,Retail and manufacture,Supplier of services,Berkeley Research Group (UK) Limited,No Further Action,Unassigned,Unassigned,Yes
Completed,GDPR,IC-303971-C8M7,29/04/2024,2024,2024/25,Q1,01-Apr,13/03/2025,2025,2024/25,Q4,12-Mar,Health,Secondary care,Birmingham and Solihull Mental Health NHS Foundation Trust,No Further Action,Unassigned,Unassigned,No
Completed,GDPR,IC-259668-Z2J4,21/09/2023,2023,2023/24,Q2,06-Sep,13/03/2025,2025,2024/25,Q4,12-Mar,Transport and leisure,Unassigned,CAB Executive Travel Ltd,No Further Action,Unassigned,Unassigned,No
Case Officer Review Completed,GDPR,IC-339555-D1Z3,18/10/2024,2024,2024/25,Q3,07-Oct,13/03/2025,2025,2024/25,Q4,12-Mar,Health,Secondary care,East & North Hertfordshire NHS Trust,No Further Action,Unassigned,Unassigned,No
Completed,GDPR,IC-285115-Q8F2,26/01/2024,2024,2023/24,Q4,10-Jan,13/03/2025,2025,2024/25,Q4,12-Mar,Membership association,Industry associations,England Boxing Limited,No Further Action,Unassigned,Unassigned,Don't know
Completed,GDPR,IC-369607-C5V8,12/03/2025,2025,2024/25,Q4,12-Mar,13/03/2025,2025,2024/25,Q4,12-Mar,Legal,Legal professionals,Penman Sedgwick LLP,No Further Action,Unassigned,Unassigned,Yes
Completed,GDPR,IC-315993-F9S8,26/06/2024,2024,2024/25,Q1,03-Jun,13/03/2025,2025,2024/25,Q4,12-Mar,Health,Secondary care,Royal Cornwall Hospitals NHS Trust,No Further Action,Unassigned,Unassigned,No
Case Officer Review Completed,GDPR,IC-238113-N2R0,09/06/2023,2023,2023/24,Q1,03-Jun,13/03/2025,2025,2024/25,Q4,12-Mar,Health,Secondary care,Royal Devon University Healthcare NHS Foundation Trust,No Further Action,Unassigned,Unassigned,No
Completed,GDPR,IC-313910-Z3S3,17/06/2024,2024,2024/25,Q1,03-Jun,13/03/2025,2025,2024/25,Q4,12-Mar,General business,Supplier of services,VALLEY HOUSE,No Further Action,Unassigned,Unassigned,No
Completed,GDPR,IC-312351-T5Z8,07/06/2024,2024,2024/25,Q1,03-Jun,13/03/2025,2025,2024/25,Q4,12-Mar,Local government,Representative and arm's length bodies,West Yorkshire Fire and Rescue Service Head Quarters,No Further Action,Unassigned,Unassigned,Don't know
Completed,GDPR,IC-295793-V2M6,19/03/2024,2024,2023/24,Q4,12-Mar,13/03/2025,2025,2024/25,Q4,12-Mar,Health,Secondary care,Western Health and Social Care Trust,No Further Action,Unassigned,Unassigned,No
Completed,GDPR,IC-301499-Z0J0,18/04/2024,2024,2024/25,Q1,01-Apr,13/03/2025,2025,2024/25,Q4,12-Mar,Retail and manufacture,Supplier of services,Threesixty Talent Limited,Regulatory action taken,Unassigned,Unassigned,No
Completed,GDPR,IC-370025-Q9H9,12/03/2025,2025,2024/25,Q4,12-Mar,14/03/2025,2025,2024/25,Q4,12-Mar,Health,General Practitioner,Anon DC,Informal action taken,Breach recorded - regulatory action criteria not met,Advice given,No
Completed,GDPR,IC-370024-S7H1,12/03/2025,2025,2024/25,Q4,12-Mar,14/03/2025,2025,2024/25,Q4,12-Mar,Health,General Practitioner,AT Medics Limited,Informal action taken,Breach recorded - regulatory action criteria not met,Advice given,Yes
Completed,GDPR,IC-370039-D5Y8,12/03/2025,2025,2024/25,Q4,12-Mar,14/03/2025,2025,2024/25,Q4,12-Mar,Legal,Legal professionals,Bird Wilford And Sale Limited,Informal action taken,Breach recorded - regulatory action criteria not met,Advice given,No
Completed,GDPR,IC-370019-V2K1,12/03/2025,2025,2024/25,Q4,12-Mar,14/03/2025,2025,2024/25,Q4,12-Mar,Local government,District Council,Blaby District Council,Informal action taken,Breach recorded - regulatory action criteria not met,Advice given,Yes
Completed,GDPR,IC-369886-K1L2,13/03/2025,2025,2024/25,Q4,12-Mar,14/03/2025,2025,2024/25,Q4,12-Mar,Retail and manufacture,Supplier of goods,Bon Bons (Wholesale) Limited,Informal action taken,Breach recorded - regulatory action criteria not met,Advice given,Yes
Completed,GDPR,IC-369877-F1D0,12/03/2025,2025,2024/25,Q4,12-Mar,14/03/2025,2025,2024/25,Q4,12-Mar,Education and childcare,Maintained schools,Cardinal Heenan Catholic High School,Informal action taken,Breach recorded - regulatory action criteria not met,Advice given,No
Completed,GDPR,IC-294904-M5C1,15/03/2024,2024,2023/24,Q4,12-Mar,14/03/2025,2025,2024/25,Q4,12-Mar,Justice,Police Forces,Chief Constable Cleveland Police,Informal action taken,Breach recorded - regulatory action criteria not met,Advice given,No
Completed,GDPR,IC-370020-T7D1,12/03/2025,2025,2024/25,Q4,12-Mar,14/03/2025,2025,2024/25,Q4,12-Mar,Legal,Legal professionals,Connect2law Limited,Informal action taken,Breach recorded - regulatory action criteria not met,Advice given,No
Completed,GDPR,IC-367833-Q7N3,05/03/2025,2025,2024/25,Q4,12-Mar,14/03/2025,2025,2024/25,Q4,12-Mar,Education and childcare,Academy and Free Schools,Co-op Academies Trust,Informal action taken,Breach recorded - regulatory action criteria not met,Advice given,No
Completed,GDPR,IC-299736-L8R7,10/04/2024,2024,2024/25,Q1,01-Apr,14/03/2025,2025,2024/25,Q4,12-Mar,Local government,"Unitary Authority (London Borough, Mets and Councils in Scotland and Wales)",Doncaster Metropolitan Borough Council,Informal action taken,Breach recorded - regulatory action criteria not met,Advice given,No
Completed,GDPR,IC-281049-M2D9,10/01/2024,2024,2023/24,Q4,10-Jan,14/03/2025,2025,2024/25,Q4,12-Mar,Local government,"Unitary Authority (London Borough, Mets and Councils in Scotland and Wales)",Dudley Metropolitan Borough Council,Informal action taken,Breach recorded - regulatory action criteria not met,Advice given,No
Completed,GDPR,IC-369915-T9P7,11/03/2025,2025,2024/25,Q4,12-Mar,14/03/2025,2025,2024/25,Q4,12-Mar,Health,General Practitioner,East Street Surgery,Informal action taken,Breach recorded - regulatory action criteria not met,Advice given,No
Completed,GDPR,IC-368810-N5C8,09/03/2025,2025,2024/25,Q4,12-Mar,14/03/2025,2025,2024/25,Q4,12-Mar,Education and childcare,Unassigned,Forest School SNPT ,Informal action taken,Breach recorded - regulatory action criteria not met,Advice given,No
Completed,GDPR,IC-369900-J4G2,13/03/2025,2025,2024/25,Q4,12-Mar,14/03/2025,2025,2024/25,Q4,12-Mar,Education and childcare,Private schools,Harrow School,Informal action taken,Breach recorded - regulatory action criteria not met,Advice given,Yes
Completed,GDPR,IC-324870-N5J5,09/08/2024,2024,2024/25,Q2,05-Aug,14/03/2025,2025,2024/25,Q4,12-Mar,Central Government,Government Department,HM Revenue and Customs (HMRC),Informal action taken,Breach recorded - regulatory action criteria not met,Advice given,No
Completed,GDPR,IC-298049-L7D5,31/03/2024,2024,2023/24,Q4,12-Mar,14/03/2025,2025,2024/25,Q4,12-Mar,Online Technology and Telecoms,Infrastructure and hardware providers,Hostharbour Ltd,Informal action taken,Breach recorded - regulatory action criteria not met,Advice given,No
Completed,GDPR,IC-369907-Z8Z6,12/03/2025,2025,2024/25,Q4,12-Mar,14/03/2025,2025,2024/25,Q4,12-Mar,"Finance, insurance and credit",Financial services and advice,KW Wealth Planning,Informal action taken,Breach recorded - regulatory action criteria not met,Advice given,No
Completed,GDPR,IC-272547-X1G1,23/11/2023,2023,2023/24,Q3,08-Nov,14/03/2025,2025,2024/25,Q4,12-Mar,Social care,Residential care,Kyah Social Care Services Ltd,Informal action taken,Breach recorded - regulatory action criteria not met,Advice given,No
Completed,GDPR,IC-369885-C8H4,11/03/2025,2025,2024/25,Q4,12-Mar,14/03/2025,2025,2024/25,Q4,12-Mar,Local government,District Council,Lisburn and Castlereagh City Council,Informal action taken,Breach recorded - regulatory action criteria not met,Advice given,No
Completed,GDPR,IC-366707-V7Q0,26/02/2025,2025,2024/25,Q4,11-Feb,14/03/2025,2025,2024/25,Q4,12-Mar,Local government,"Unitary Authority (London Borough, Mets and Councils in Scotland and Wales)",London Borough of Tower Hamlets,Informal action taken,Breach recorded - regulatory action criteria not met,Advice given,No
Completed,GDPR,IC-366105-P7L8,24/02/2025,2025,2024/25,Q4,11-Feb,14/03/2025,2025,2024/25,Q4,12-Mar,Land or property services,Estate agency / letting agency,Mclarnon & Stewart County Homes Ltd,Informal action taken,Breach recorded - regulatory action criteria not met,Advice given,No
Completed,GDPR,IC-298121-C7X6,02/04/2024,2024,2024/25,Q1,01-Apr,14/03/2025,2025,2024/25,Q4,12-Mar,Health,Secondary care,Medway NHS Foundation Trust,Informal action taken,Breach recorded - regulatory action criteria not met,Advice given,No
Completed,GDPR,IC-370031-S3D8,13/03/2025,2025,2024/25,Q4,12-Mar,14/03/2025,2025,2024/25,Q4,12-Mar,Membership association,Clubs,Mensa International Ltd,Informal action taken,Breach recorded - regulatory action criteria not met,Advice given,No
Completed,GDPR,IC-368490-D2P7,07/03/2025,2025,2024/25,Q4,12-Mar,14/03/2025,2025,2024/25,Q4,12-Mar,Legal,Legal professionals,Mills & Co Solicitors,Informal action taken,Breach recorded - regulatory action criteria not met,Advice given,No
Completed,GDPR,IC-369910-J3W7,12/03/2025,2025,2024/25,Q4,12-Mar,14/03/2025,2025,2024/25,Q4,12-Mar,Legal,Legal professionals,National Legal Service Limited,Informal action taken,Breach recorded - regulatory action criteria not met,Advice given,No
Completed,GDPR,IC-370016-H0B1,12/03/2025,2025,2024/25,Q4,12-Mar,14/03/2025,2025,2024/25,Q4,12-Mar,Social care,Residential care,New Directions (Rugby) Limited,Informal action taken,Breach recorded - regulatory action criteria not met,Advice given,No
Completed,GDPR,IC-367580-L8K9,04/03/2025,2025,2024/25,Q4,12-Mar,14/03/2025,2025,2024/25,Q4,12-Mar,Health,General Practitioner,North shore surgery ,Informal action taken,Breach recorded - regulatory action criteria not met,Advice given,No
Completed,GDPR,IC-369894-C5C9,13/03/2025,2025,2024/25,Q4,12-Mar,14/03/2025,2025,2024/25,Q4,12-Mar,Online Technology and Telecoms,Software developers,P. Ducker Systems Limited,Informal action taken,Breach recorded - regulatory action criteria not met,Advice given,Yes
Completed,GDPR,IC-369904-X9X2,12/03/2025,2025,2024/25,Q4,12-Mar,14/03/2025,2025,2024/25,Q4,12-Mar,"Finance, insurance and credit",Accountancy and Payroll,SB Payroll Services Ltd,Informal action taken,Breach recorded - regulatory action criteria not met,Advice given,No
Completed,GDPR,IC-368489-F3T3,07/03/2025,2025,2024/25,Q4,12-Mar,14/03/2025,2025,2024/25,Q4,12-Mar,Education and childcare,Academy and Free Schools,Sherborne Area Schools' Trust,Informal action taken,Breach recorded - regulatory action criteria not met,Advice given,No
Completed,GDPR,IC-370022-W7K1,12/03/2025,2025,2024/25,Q4,12-Mar,14/03/2025,2025,2024/25,Q4,12-Mar,Education and childcare,"Nursery, playgroups and After School club","St Mary's Nursery, Camberley",Informal action taken,Breach recorded - regulatory action criteria not met,Advice given,No
Completed,GDPR,IC-369078-Y6T1,08/03/2025,2025,2024/25,Q4,12-Mar,14/03/2025,2025,2024/25,Q4,12-Mar,Land or property services,Estate agency / letting agency,Synergy Property Sourcing Limited,Informal action taken,Breach recorded - regulatory action criteria not met,Advice given,No
Completed,GDPR,IC-299603-S1R5,10/04/2024,2024,2024/25,Q1,01-Apr,14/03/2025,2025,2024/25,Q4,12-Mar,Health,Secondary care,Tavistock and Portman NHS Foundation Trust,Informal action taken,Breach recorded - regulatory action criteria not met,Advice given,No
Completed,GDPR,IC-369943-P4D5,13/03/2025,2025,2024/25,Q4,12-Mar,14/03/2025,2025,2024/25,Q4,12-Mar,"Finance, insurance and credit",Accountancy and Payroll,Tc Bsg Valentine Limited,Informal action taken,Breach recorded - regulatory action criteria not met,Advice given,Yes
Completed,GDPR,IC-369933-L9F6,13/03/2025,2025,2024/25,Q4,12-Mar,14/03/2025,2025,2024/25,Q4,12-Mar,Transport and leisure,Accommodation providers,The Angel Hotel Chippenham Limited,Informal action taken,Breach recorded - regulatory action criteria not met,Advice given,Yes
Completed,GDPR,IC-365009-X4L3,18/02/2025,2025,2024/25,Q4,11-Feb,14/03/2025,2025,2024/25,Q4,12-Mar,Charitable and voluntary,National charities,The Cellar Trust,Informal action taken,Breach recorded - regulatory action criteria not met,Advice given,No
Completed,GDPR,IC-272699-K2W8,24/11/2023,2023,2023/24,Q3,08-Nov,14/03/2025,2025,2024/25,Q4,12-Mar,Health,Secondary care,The Hillingdon Hospitals NHS Foundation Trust,Informal action taken,Breach recorded - regulatory action criteria not met,Advice given,No
Completed,GDPR,IC-369784-C2H7,11/03/2025,2025,2024/25,Q4,12-Mar,14/03/2025,2025,2024/25,Q4,12-Mar,Health,Healthcare and pharmaceuticals,The Occupational Health Team,Informal action taken,Breach recorded - regulatory action criteria not met,Advice given,No
Completed,GDPR,IC-369927-S7C7,12/03/2025,2025,2024/25,Q4,12-Mar,14/03/2025,2025,2024/25,Q4,12-Mar,Charitable and voluntary,Local charities,The Pankhurst Trust (Incorporating Manchester Women's Aid),Informal action taken,Breach recorded - regulatory action criteria not met,Advice given,No
Completed,GDPR,IC-369873-F8F8,11/03/2025,2025,2024/25,Q4,12-Mar,14/03/2025,2025,2024/25,Q4,12-Mar,Charitable and voluntary,Local charities,The Seckford Foundation,Informal action taken,Breach recorded - regulatory action criteria not met,Advice given,No
Completed,GDPR,IC-369903-J4M4,11/03/2025,2025,2024/25,Q4,12-Mar,14/03/2025,2025,2024/25,Q4,12-Mar,Education and childcare,Academy and Free Schools,Ventrus Limited,Informal action taken,Breach recorded - regulatory action criteria not met,Advice given,No
Completed,GDPR,IC-369924-R9W2,12/03/2025,2025,2024/25,Q4,12-Mar,14/03/2025,2025,2024/25,Q4,12-Mar,Social care,Residential care,Vibrant Home Care Ltd,Informal action taken,Breach recorded - regulatory action criteria not met,Advice given,No
Completed,GDPR,IC-370018-L9D7,12/03/2025,2025,2024/25,Q4,12-Mar,14/03/2025,2025,2024/25,Q4,12-Mar,Health,General Practitioner,Watford Health Centre,Informal action taken,Breach recorded - regulatory action criteria not met,Advice given,No
Completed,GDPR,IC-369906-J7R9,13/03/2025,2025,2024/25,Q4,12-Mar,14/03/2025,2025,2024/25,Q4,12-Mar,Legal,Legal professionals,WGS SOLICITORS,Informal action taken,Breach recorded - regulatory action criteria not met,Advice given,Yes
Completed,GDPR,IC-370013-C9Y3,12/03/2025,2025,2024/25,Q4,12-Mar,14/03/2025,2025,2024/25,Q4,12-Mar,Online Technology and Telecoms,Service providers,AA Corporation Limited,No Further Action,Unassigned,Unassigned,Yes
Review Completed,GDPR,IC-347370-N5K9,28/11/2024,2024,2024/25,Q3,08-Nov,14/03/2025,2025,2024/25,Q4,12-Mar,Retail and manufacture,Supplier of services,Lichfield Beauty Boutique Limited,No Further Action,No action,Unassigned,No
Completed,GDPR,IC-321468-W5D7,19/07/2024,2024,2024/25,Q2,04-Jul,15/03/2025,2025,2024/25,Q4,12-Mar,Political,Member of Parliament,Anon DC,Informal action taken,Breach recorded - regulatory action criteria not met,Advice given,No
Completed,GDPR,IC-320788-W9P5,17/07/2024,2024,2024/25,Q2,04-Jul,15/03/2025,2025,2024/25,Q4,12-Mar,General business,Supplier of services,Assystem Energy & Infrastructure Limited,Informal action taken,Breach recorded - regulatory action criteria not met,Advice given,No
Completed,GDPR,IC-321933-Y0W3,22/07/2024,2024,2024/25,Q2,04-Jul,15/03/2025,2025,2024/25,Q4,12-Mar,Membership association,Unassigned,British Association for Biological Anthropology and Osteoarchaeology,Informal action taken,Breach recorded - regulatory action criteria not met,Advice given,No
Completed,GDPR,IC-320888-H9R7,19/07/2024,2024,2024/25,Q2,04-Jul,15/03/2025,2025,2024/25,Q4,12-Mar,Social care,Residential care,Care2rise Ltd,Informal action taken,Breach recorded - regulatory action criteria not met,Advice given,No
Completed,GDPR,IC-320074-G4X8,12/07/2024,2024,2024/25,Q2,04-Jul,15/03/2025,2025,2024/25,Q4,12-Mar,Health,Secondary care,Central London Community Healthcare NHS Trust,Informal action taken,Breach recorded - regulatory action criteria not met,Advice given,No
Completed,GDPR,IC-320497-C5G9,16/07/2024,2024,2024/25,Q2,04-Jul,15/03/2025,2025,2024/25,Q4,12-Mar,Charitable and voluntary,Local charities,Citizens Advice Cornwall,Informal action taken,Breach recorded - regulatory action criteria not met,Advice given,No
Completed,GDPR,IC-320461-G8S5,16/07/2024,2024,2024/25,Q2,04-Jul,15/03/2025,2025,2024/25,Q4,12-Mar,Social care,Foster care,Compass Community Ltd,Informal action taken,Breach recorded - regulatory action criteria not met,Advice given,No
Completed,GDPR,IC-320482-F5J8,16/07/2024,2024,2024/25,Q2,04-Jul,15/03/2025,2025,2024/25,Q4,12-Mar,Local government,Unassigned,County Durham and Darlington Fire and Rescue Service,Informal action taken,Breach recorded - regulatory action criteria not met,Advice given,No
Completed,GDPR,IC-320855-L8N8,18/07/2024,2024,2024/25,Q2,04-Jul,15/03/2025,2025,2024/25,Q4,12-Mar,Education and childcare,"Nursery, playgroups and After School club",CREATIVE KIDZ CHILDCARE LTD,Informal action taken,Breach recorded - regulatory action criteria not met,Advice given,No
Completed,GDPR,IC-320398-L1C9,16/07/2024,2024,2024/25,Q2,04-Jul,15/03/2025,2025,2024/25,Q4,12-Mar,Health,General Practitioner,Crescent Providence Surgery ,Informal action taken,Breach recorded - regulatory action criteria not met,Advice given,No
Completed,GDPR,IC-320113-G3W6,15/07/2024,2024,2024/25,Q2,04-Jul,15/03/2025,2025,2024/25,Q4,12-Mar,Retail and manufacture,Unassigned,Darchem Engineering,Informal action taken,Breach recorded - regulatory action criteria not met,Advice given,No
Completed,GDPR,IC-303331-L5P8,25/04/2024,2024,2024/25,Q1,01-Apr,15/03/2025,2025,2024/25,Q4,12-Mar,Health,General Practitioner,Friar Gate Surgery,Informal action taken,Breach recorded - regulatory action criteria not met,Advice given,No
Completed,GDPR,IC-319769-P2M3,12/07/2024,2024,2024/25,Q2,04-Jul,15/03/2025,2025,2024/25,Q4,12-Mar,Legal,Legal professionals,Funnell & Perring Solicitors,Informal action taken,Breach recorded - regulatory action criteria not met,Advice given,No
Completed,GDPR,IC-320386-C1L2,16/07/2024,2024,2024/25,Q2,04-Jul,15/03/2025,2025,2024/25,Q4,12-Mar,Membership association,Employment and Trade Unions,GMB,Informal action taken,Breach recorded - regulatory action criteria not met,Advice given,No
Completed,GDPR,IC-276294-R1B1,09/12/2023,2023,2023/24,Q3,09-Dec,15/03/2025,2025,2024/25,Q4,12-Mar,Education and childcare,Academy and Free Schools,Greenwood Academies Trust,Informal action taken,Breach recorded - regulatory action criteria not met,Advice given,Yes
Completed,GDPR,IC-320914-H0K8,18/07/2024,2024,2024/25,Q2,04-Jul,15/03/2025,2025,2024/25,Q4,12-Mar,Land or property services,Property management,Homes In Sedgemoor Limited,Informal action taken,Breach recorded - regulatory action criteria not met,Advice given,No
Completed,GDPR,IC-320827-G3Y3,17/07/2024,2024,2024/25,Q2,04-Jul,15/03/2025,2025,2024/25,Q4,12-Mar,"Finance, insurance and credit",Banks and Building Societies,HSBC UK Bank Plc,Informal action taken,Breach recorded - regulatory action criteria not met,Advice given,No
Completed,GDPR,IC-272523-Q6P8,22/11/2023,2023,2023/24,Q3,08-Nov,15/03/2025,2025,2024/25,Q4,12-Mar,Online Technology and Telecoms,Service providers,Huis Technologies Ltd,Informal action taken,Breach recorded - regulatory action criteria not met,Advice given,No
Completed,GDPR,IC-320431-J8L7,16/07/2024,2024,2024/25,Q2,04-Jul,15/03/2025,2025,2024/25,Q4,12-Mar,Health,General Practitioner,Marine and Oakridge Partnership,Informal action taken,Breach recorded - regulatory action criteria not met,Advice given,No
Completed,GDPR,IC-319714-F3P0,12/07/2024,2024,2024/25,Q2,04-Jul,15/03/2025,2025,2024/25,Q4,12-Mar,Education and childcare,Unassigned,Monkshouse Primary Academy,Informal action taken,Breach recorded - regulatory action criteria not met,Advice given,No
Completed,GDPR,IC-278050-Q1F1,20/12/2023,2023,2023/24,Q3,09-Dec,15/03/2025,2025,2024/25,Q4,12-Mar,Charitable and voluntary,National charities,Phoenix House,Informal action taken,Breach recorded - regulatory action criteria not met,Advice given,No
Completed,GDPR,IC-320960-P3H9,18/07/2024,2024,2024/25,Q2,04-Jul,15/03/2025,2025,2024/25,Q4,12-Mar,Education and childcare,Academy and Free Schools,River Learning Trust,Informal action taken,Breach recorded - regulatory action criteria not met,Advice given,No
Completed,GDPR,IC-320838-J0P3,18/07/2024,2024,2024/25,Q2,04-Jul,15/03/2025,2025,2024/25,Q4,12-Mar,Local government,"Unitary Authority (London Borough, Mets and Councils in Scotland and Wales)",Shropshire Council,Informal action taken,Breach recorded - regulatory action criteria not met,Advice given,No
Completed,GDPR,IC-321117-C8M0,18/07/2024,2024,2024/25,Q2,04-Jul,15/03/2025,2025,2024/25,Q4,12-Mar,Local government,"Unitary Authority (London Borough, Mets and Councils in Scotland and Wales)",Shropshire Council,Informal action taken,Breach recorded - regulatory action criteria not met,Advice given,No
Completed,GDPR,IC-320536-G8G7,17/07/2024,2024,2024/25,Q2,04-Jul,15/03/2025,2025,2024/25,Q4,12-Mar,Charitable and voluntary,Unassigned,The Forge Project,Informal action taken,Breach recorded - regulatory action criteria not met,Advice given,No
Completed,GDPR,IC-321843-X0Z6,22/07/2024,2024,2024/25,Q2,04-Jul,15/03/2025,2025,2024/25,Q4,12-Mar,Local government,"Unitary Authority (London Borough, Mets and Councils in Scotland and Wales)",Walsall Metropolitan Borough Council,Informal action taken,Breach recorded - regulatory action criteria not met,Advice given,No
Completed,GDPR,IC-320510-Y7B2,16/07/2024,2024,2024/25,Q2,04-Jul,15/03/2025,2025,2024/25,Q4,12-Mar,"Finance, insurance and credit",Pensions,Wenn Townsend,Informal action taken,Breach recorded - regulatory action criteria not met,Advice given,No
Completed,GDPR,IC-321649-S7M2,22/07/2024,2024,2024/25,Q2,04-Jul,15/03/2025,2025,2024/25,Q4,12-Mar,Local government,"Unitary Authority (London Borough, Mets and Councils in Scotland and Wales)",Wigan Council,Informal action taken,Breach recorded - regulatory action criteria not met,Advice given,No
Completed,GDPR,IC-320425-X4K2,16/07/2024,2024,2024/25,Q2,04-Jul,15/03/2025,2025,2024/25,Q4,12-Mar,Health,Primary care,Woodlea House Surgery (J81633),Informal action taken,Breach recorded - regulatory action criteria not met,Advice given,No
Completed,GDPR,IC-320356-P0G7,16/07/2024,2024,2024/25,Q2,04-Jul,15/03/2025,2025,2024/25,Q4,12-Mar,Retail and manufacture,Supplier of services,Zim Inspired Ltd,Informal action taken,Breach recorded - regulatory action criteria not met,Advice given,No
Completed,GDPR,IC-370115-B8H6,13/03/2025,2025,2024/25,Q4,12-Mar,16/03/2025,2025,2024/25,Q4,12-Mar,Education and childcare,Community School,Acton Gardens Primary School,Informal action taken,Breach recorded - regulatory action criteria not met,Advice given,No
Completed,GDPR,IC-331694-F9T7,12/09/2024,2024,2024/25,Q2,06-Sep,16/03/2025,2025,2024/25,Q4,12-Mar,"Finance, insurance and credit",Accountancy and Payroll,Adamant Accountants Ltd,Informal action taken,Breach recorded - regulatory action criteria not met,Advice given,No
Completed,GDPR,IC-370114-F6Q5,13/03/2025,2025,2024/25,Q4,12-Mar,16/03/2025,2025,2024/25,Q4,12-Mar,Legal,Legal professionals,Anderson Strathern LLP,Informal action taken,Breach recorded - regulatory action criteria not met,Advice given,No
Completed,GDPR,IC-332736-X6J0,18/09/2024,2024,2024/25,Q2,06-Sep,16/03/2025,2025,2024/25,Q4,12-Mar,Legal,Legal professionals,Anon DC,Informal action taken,Breach recorded - regulatory action criteria not met,Advice given,No
Completed,GDPR,IC-332935-S1Z9,19/09/2024,2024,2024/25,Q2,06-Sep,16/03/2025,2025,2024/25,Q4,12-Mar,Retail and manufacture,Manufacturing,Apetito Limited,Informal action taken,Breach recorded - regulatory action criteria not met,Advice given,No
Completed,GDPR,IC-332458-M4J6,17/09/2024,2024,2024/25,Q2,06-Sep,16/03/2025,2025,2024/25,Q4,12-Mar,Charitable and voluntary,Local charities,Autism East Midlands,Informal action taken,Breach recorded - regulatory action criteria not met,Advice given,No
Completed,GDPR,IC-330028-L3K3,05/09/2024,2024,2024/25,Q2,06-Sep,16/03/2025,2025,2024/25,Q4,12-Mar,"Finance, insurance and credit",Insurance,Aviva Insurance Limited,Informal action taken,Breach recorded - regulatory action criteria not met,Advice given,No
Completed,GDPR,IC-331371-H6D8,11/09/2024,2024,2024/25,Q2,06-Sep,16/03/2025,2025,2024/25,Q4,12-Mar,Charitable and voluntary,National charities,Bail for Immigration Detainees,Informal action taken,Breach recorded - regulatory action criteria not met,Advice given,No
Completed,GDPR,IC-323628-F7G6,05/08/2024,2024,2024/25,Q2,05-Aug,16/03/2025,2025,2024/25,Q4,12-Mar,"Finance, insurance and credit",Financial services and advice,Baker Gladstone & York,Informal action taken,Breach recorded - regulatory action criteria not met,Advice given,Yes
Completed,GDPR,IC-322642-G3H2,29/07/2024,2024,2024/25,Q2,04-Jul,16/03/2025,2025,2024/25,Q4,12-Mar,Health,Public health,Barbourne Health Centre,Informal action taken,Breach recorded - regulatory action criteria not met,Advice given,No
Completed,GDPR,IC-327865-Q2W4,23/08/2024,2024,2024/25,Q2,05-Aug,16/03/2025,2025,2024/25,Q4,12-Mar,Legal,Legal professionals,Barker Booth & Eastwood Solicitors,Informal action taken,Breach recorded - regulatory action criteria not met,Advice given,No
Completed,GDPR,IC-332427-M6P1,16/09/2024,2024,2024/25,Q2,06-Sep,16/03/2025,2025,2024/25,Q4,12-Mar,Education and childcare,Maintained schools,Barley Lane School,Informal action taken,Breach recorded - regulatory action criteria not met,Advice given,No
Completed,GDPR,IC-326546-P3V5,16/08/2024,2024,2024/25,Q2,05-Aug,16/03/2025,2025,2024/25,Q4,12-Mar,Health,General Practitioner,Bideford Medical Centre,Informal action taken,Breach recorded - regulatory action criteria not met,Advice given,No
Completed,GDPR,IC-331711-Z7V8,13/09/2024,2024,2024/25,Q2,06-Sep,16/03/2025,2025,2024/25,Q4,12-Mar,Legal,Legal professionals,Birnberg Peirce Ltd,Informal action taken,Breach recorded - regulatory action criteria not met,Advice given,No
Completed,GDPR,IC-322167-Q9Z2,25/07/2024,2024,2024/25,Q2,04-Jul,16/03/2025,2025,2024/25,Q4,12-Mar,Legal,Legal professionals,Bowling & Co,Informal action taken,Breach recorded - regulatory action criteria not met,Advice given,No
Completed,GDPR,IC-323381-Z0K4,01/08/2024,2024,2024/25,Q2,05-Aug,16/03/2025,2025,2024/25,Q4,12-Mar,Local government,District Council,Braintree District Council,Informal action taken,Breach recorded - regulatory action criteria not met,Advice given,No
Completed,GDPR,IC-322360-J3J6,26/07/2024,2024,2024/25,Q2,04-Jul,16/03/2025,2025,2024/25,Q4,12-Mar,Health,General Practitioner,Bromley by Bow Health Partnership,Informal action taken,Breach recorded - regulatory action criteria not met,Advice given,No
Completed,GDPR,IC-331378-V0K8,11/09/2024,2024,2024/25,Q2,06-Sep,16/03/2025,2025,2024/25,Q4,12-Mar,Health,Healthcare and pharmaceuticals,Bupa Care Homes (CFC Homes) Ltd,Informal action taken,Breach recorded - regulatory action criteria not met,Advice given,No
Completed,GDPR,IC-327180-B5T9,20/08/2024,2024,2024/25,Q2,05-Aug,16/03/2025,2025,2024/25,Q4,12-Mar,Health,Secondary care,Cambridgeshire and Peterborough NHS Foundation Trust,Informal action taken,Breach recorded - regulatory action criteria not met,Advice given,No
Completed,GDPR,IC-323592-C2M3,02/08/2024,2024,2024/25,Q2,05-Aug,16/03/2025,2025,2024/25,Q4,12-Mar,Land or property services,Property management,Centurion Student Services (UK) Ltd,Informal action taken,Breach recorded - regulatory action criteria not met,Advice given,No
Completed,GDPR,IC-325720-X0N8,14/08/2024,2024,2024/25,Q2,05-Aug,16/03/2025,2025,2024/25,Q4,12-Mar,Justice,Police Forces,Chief Constable South Yorkshire Police,Informal action taken,Breach recorded - regulatory action criteria not met,Advice given,No
Completed,GDPR,IC-321937-W4H2,23/07/2024,2024,2024/25,Q2,04-Jul,16/03/2025,2025,2024/25,Q4,12-Mar,Religious,Unassigned,Connect Church (North Lincs),Informal action taken,Breach recorded - regulatory action criteria not met,Advice given,No
Completed,GDPR,IC-322301-K3X4,26/07/2024,2024,2024/25,Q2,04-Jul,16/03/2025,2025,2024/25,Q4,12-Mar,"Finance, insurance and credit",Unassigned,Core Mortgages Ltd,Informal action taken,Breach recorded - regulatory action criteria not met,Advice given,No
Completed,GDPR,IC-322350-B7X5,26/07/2024,2024,2024/25,Q2,04-Jul,16/03/2025,2025,2024/25,Q4,12-Mar,Transport and leisure,Holiday providers and services,CRIEFF HYDRO LTD,Informal action taken,Breach recorded - regulatory action criteria not met,Advice given,No
Completed,GDPR,IC-332733-S7R9,18/09/2024,2024,2024/25,Q2,06-Sep,16/03/2025,2025,2024/25,Q4,12-Mar,Health,Secondary care,Derbyshire Healthcare NHS Foundation Trust,Informal action taken,Breach recorded - regulatory action criteria not met,Advice given,No
Completed,GDPR,IC-327687-L1T3,22/08/2024,2024,2024/25,Q2,05-Aug,16/03/2025,2025,2024/25,Q4,12-Mar,Transport and leisure,Entertainment providers,Discovery Adventure Golf Limited,Informal action taken,Breach recorded - regulatory action criteria not met,Advice given,No
Completed,GDPR,IC-332394-Z7Q1,16/09/2024,2024,2024/25,Q2,06-Sep,16/03/2025,2025,2024/25,Q4,12-Mar,Education and childcare,Maintained schools,Dormer Wells High School,Informal action taken,Breach recorded - regulatory action criteria not met,Advice given,No
Completed,GDPR,IC-322131-D9K2,24/07/2024,2024,2024/25,Q2,04-Jul,16/03/2025,2025,2024/25,Q4,12-Mar,"Finance, insurance and credit",Financial services and advice,Drakewood Capital Management Limited,Informal action taken,Breach recorded - regulatory action criteria not met,Advice given,No
Completed,GDPR,IC-326631-J9T4,18/08/2024,2024,2024/25,Q2,05-Aug,16/03/2025,2025,2024/25,Q4,12-Mar,"Finance, insurance and credit",Financial services and advice,Elavon Financial Services DAC ,Informal action taken,Breach recorded - regulatory action criteria not met,Advice given,No
Completed,GDPR,IC-322473-T3Q3,26/07/2024,2024,2024/25,Q2,04-Jul,16/03/2025,2025,2024/25,Q4,12-Mar,Charitable and voluntary,Local charities,Elim Foursquare Gospel Alliance,Informal action taken,Breach recorded - regulatory action criteria not met,Advice given,Yes
Completed,GDPR,IC-329901-F2V6,04/09/2024,2024,2024/25,Q2,06-Sep,16/03/2025,2025,2024/25,Q4,12-Mar,Local government,District Council,Epping Forest District Council,Informal action taken,Breach recorded - regulatory action criteria not met,Advice given,No
Completed,GDPR,IC-331925-Y8W9,13/09/2024,2024,2024/25,Q2,06-Sep,16/03/2025,2025,2024/25,Q4,12-Mar,Local government,"Unitary Authority (London Borough, Mets and Councils in Scotland and Wales)",Fife Council,Informal action taken,Breach recorded - regulatory action criteria not met,Advice given,No
Completed,GDPR,IC-324497-Y8Y0,08/08/2024,2024,2024/25,Q2,05-Aug,16/03/2025,2025,2024/25,Q4,12-Mar,Regulators,Ombudsman,Financial Ombudsman Service Limited,Informal action taken,Breach recorded - regulatory action criteria not met,Advice given,No
Completed,GDPR,IC-330100-L1N0,05/09/2024,2024,2024/25,Q2,06-Sep,16/03/2025,2025,2024/25,Q4,12-Mar,Local government,"Unitary Authority (London Borough, Mets and Councils in Scotland and Wales)",Gateshead Metropolitan Borough Council,Informal action taken,Breach recorded - regulatory action criteria not met,Advice given,No
Completed,GDPR,IC-322342-R8G5,26/07/2024,2024,2024/25,Q2,04-Jul,16/03/2025,2025,2024/25,Q4,12-Mar,Education and childcare,Higher education,Goldsmith's College (University of London),Informal action taken,Breach recorded - regulatory action criteria not met,Advice given,No
Completed,GDPR,IC-323606-P5G4,02/08/2024,2024,2024/25,Q2,05-Aug,16/03/2025,2025,2024/25,Q4,12-Mar,Health,General Practitioner,GPS Healthcare,Informal action taken,Breach recorded - regulatory action criteria not met,Advice given,No
Completed,GDPR,IC-370118-Y8Q5,13/03/2025,2025,2024/25,Q4,12-Mar,16/03/2025,2025,2024/25,Q4,12-Mar,Health,Secondary care,Greater Manchester Mental Health NHS Foundation Trust,Informal action taken,Breach recorded - regulatory action criteria not met,Advice given,No
Completed,GDPR,IC-326135-K7P0,15/08/2024,2024,2024/25,Q2,05-Aug,16/03/2025,2025,2024/25,Q4,12-Mar,Legal,Legal professionals,Hawker Jones Solicitors Ltd,Informal action taken,Breach recorded - regulatory action criteria not met,Advice given,No
Completed,GDPR,IC-323211-Y7V7,01/08/2024,2024,2024/25,Q2,05-Aug,16/03/2025,2025,2024/25,Q4,12-Mar,Health,Secondary care,Herefordshire and Worcestershire Health and Care NHS Trust,Informal action taken,Breach recorded - regulatory action criteria not met,Advice given,No
Completed,GDPR,IC-323701-V6B2,02/08/2024,2024,2024/25,Q2,05-Aug,16/03/2025,2025,2024/25,Q4,12-Mar,Land or property services,Property management,HML PM Ltd,Informal action taken,Breach recorded - regulatory action criteria not met,Advice given,Yes
Completed,GDPR,IC-323707-V6T4,02/08/2024,2024,2024/25,Q2,05-Aug,16/03/2025,2025,2024/25,Q4,12-Mar,Land or property services,Property management,HML PM Ltd,Informal action taken,Breach recorded - regulatory action criteria not met,Advice given,No
Completed,GDPR,IC-323396-Z9G9,01/08/2024,2024,2024/25,Q2,05-Aug,16/03/2025,2025,2024/25,Q4,12-Mar,Education and childcare,Academy and Free Schools,Holy Cross Catholic Multi Academy Company,Informal action taken,Breach recorded - regulatory action criteria not met,Advice given,No
Completed,GDPR,IC-326509-R3Z9,16/08/2024,2024,2024/25,Q2,05-Aug,16/03/2025,2025,2024/25,Q4,12-Mar,Local government,City Council,Hull City Council,Informal action taken,Breach recorded - regulatory action criteria not met,Advice given,No
Completed,GDPR,IC-370113-X4T4,13/03/2025,2025,2024/25,Q4,12-Mar,16/03/2025,2025,2024/25,Q4,12-Mar,Land or property services,Estate agency / letting agency,Hyde Estate and Lettings Limited,Informal action taken,Breach recorded - regulatory action criteria not met,Advice given,No
Completed,GDPR,IC-325300-V7V3,13/08/2024,2024,2024/25,Q2,05-Aug,16/03/2025,2025,2024/25,Q4,12-Mar,Charitable and voluntary,Local charities,Inside Out Community,Informal action taken,Breach recorded - regulatory action criteria not met,Advice given,No
Completed,GDPR,IC-331721-N5Q1,13/09/2024,2024,2024/25,Q2,06-Sep,16/03/2025,2025,2024/25,Q4,12-Mar,Land or property services,Housing association,Karbon Homes Limited,Informal action taken,Breach recorded - regulatory action criteria not met,Advice given,No
Completed,GDPR,IC-326293-K7F6,16/08/2024,2024,2024/25,Q2,05-Aug,16/03/2025,2025,2024/25,Q4,12-Mar,Local government,County Council,Kent County Council,Informal action taken,Breach recorded - regulatory action criteria not met,Advice given,No
Completed,GDPR,IC-331206-C2K1,11/09/2024,2024,2024/25,Q2,06-Sep,16/03/2025,2025,2024/25,Q4,12-Mar,Education and childcare,Maintained schools,King David High School,Informal action taken,Breach recorded - regulatory action criteria not met,Advice given,No
Completed,GDPR,IC-326226-G7P7,15/08/2024,2024,2024/25,Q2,05-Aug,16/03/2025,2025,2024/25,Q4,12-Mar,Local government,"Unitary Authority (London Borough, Mets and Councils in Scotland and Wales)",London Borough of Hackney Council,Informal action taken,Breach recorded - regulatory action criteria not met,Advice given,No
Completed,GDPR,IC-328993-K0K5,30/08/2024,2024,2024/25,Q2,05-Aug,16/03/2025,2025,2024/25,Q4,12-Mar,Local government,"Unitary Authority (London Borough, Mets and Councils in Scotland and Wales)",London Borough of Southwark,Informal action taken,Breach recorded - regulatory action criteria not met,Advice given,No
Completed,GDPR,IC-330135-B6R3,05/09/2024,2024,2024/25,Q2,06-Sep,16/03/2025,2025,2024/25,Q4,12-Mar,Land or property services,Housing association,Longhurst Group Limited,Informal action taken,Breach recorded - regulatory action criteria not met,Advice given,No
Completed,GDPR,IC-322750-Z0S3,29/07/2024,2024,2024/25,Q2,04-Jul,16/03/2025,2025,2024/25,Q4,12-Mar,Local government,"Unitary Authority (London Borough, Mets and Councils in Scotland and Wales)",Luton Borough Council,Informal action taken,Breach recorded - regulatory action criteria not met,Advice given,No
Completed,GDPR,IC-323362-S7Z4,01/08/2024,2024,2024/25,Q2,05-Aug,16/03/2025,2025,2024/25,Q4,12-Mar,Health,Secondary care,Maidstone and Tunbridge Wells NHS Trust,Informal action taken,Breach recorded - regulatory action criteria not met,Advice given,No
Completed,GDPR,IC-322332-X0T9,25/07/2024,2024,2024/25,Q2,04-Jul,16/03/2025,2025,2024/25,Q4,12-Mar,Retail and manufacture,Supplier of services,Matrix SCM Ltd,Informal action taken,Breach recorded - regulatory action criteria not met,Advice given,No
Completed,GDPR,IC-323608-D4D3,02/08/2024,2024,2024/25,Q2,05-Aug,16/03/2025,2025,2024/25,Q4,12-Mar,Legal,Legal professionals,Mills & Reeve LLP,Informal action taken,Breach recorded - regulatory action criteria not met,Advice given,No
Completed,GDPR,IC-322609-D8L7,28/07/2024,2024,2024/25,Q2,04-Jul,16/03/2025,2025,2024/25,Q4,12-Mar,Transport and leisure,Unassigned,Mitchells & Butlers Plc,Informal action taken,Breach recorded - regulatory action criteria not met,Advice given,No
Completed,GDPR,IC-322914-Y4H6,31/07/2024,2024,2024/25,Q2,04-Jul,16/03/2025,2025,2024/25,Q4,12-Mar,Land or property services,Estate agency / letting agency,Moat Homes Limited,Informal action taken,Breach recorded - regulatory action criteria not met,Advice given,No
Completed,GDPR,IC-323215-X7T4,01/08/2024,2024,2024/25,Q2,05-Aug,16/03/2025,2025,2024/25,Q4,12-Mar,Education and childcare,Private schools,Mulberry Bush School,Informal action taken,Breach recorded - regulatory action criteria not met,Advice given,No
Completed,GDPR,IC-322442-S2K3,26/07/2024,2024,2024/25,Q2,04-Jul,16/03/2025,2025,2024/25,Q4,12-Mar,Social care,Residential care,N NOTARO HOMES LIMITED,Informal action taken,Breach recorded - regulatory action criteria not met,Advice given,No
Completed,GDPR,IC-323392-H8W1,01/08/2024,2024,2024/25,Q2,05-Aug,16/03/2025,2025,2024/25,Q4,12-Mar,Local government,"Unitary Authority (London Borough, Mets and Councils in Scotland and Wales)",North Ayrshire Council,Informal action taken,Breach recorded - regulatory action criteria not met,Advice given,No
Completed,GDPR,IC-325755-W0K9,14/08/2024,2024,2024/25,Q2,05-Aug,16/03/2025,2025,2024/25,Q4,12-Mar,Health,Secondary care,Northern Care Alliance NHS Foundation Trust,Informal action taken,Breach recorded - regulatory action criteria not met,Advice given,Yes
Completed,GDPR,IC-322645-W2G5,29/07/2024,2024,2024/25,Q2,04-Jul,16/03/2025,2025,2024/25,Q4,12-Mar,"Finance, insurance and credit",Insolvency Practitioners,Opus Restructuring LLP,Informal action taken,Breach recorded - regulatory action criteria not met,Advice given,No
Completed,GDPR,IC-331213-Q1C8,11/09/2024,2024,2024/25,Q2,06-Sep,16/03/2025,2025,2024/25,Q4,12-Mar,Local government,"Unitary Authority (London Borough, Mets and Councils in Scotland and Wales)",Orkney Islands Council,Informal action taken,Breach recorded - regulatory action criteria not met,Advice given,No
Completed,GDPR,IC-332249-R8R5,16/09/2024,2024,2024/25,Q2,06-Sep,16/03/2025,2025,2024/25,Q4,12-Mar,Health,Healthcare and pharmaceuticals,People Asset Management Limited,Informal action taken,Breach recorded - regulatory action criteria not met,Advice given,No
Completed,GDPR,IC-370116-B2T5,14/03/2025,2025,2024/25,Q4,12-Mar,16/03/2025,2025,2024/25,Q4,12-Mar,Charitable and voluntary,Local charities,People First Services,Informal action taken,Breach recorded - regulatory action criteria not met,Advice given,No
Completed,GDPR,IC-322076-J8R6,23/07/2024,2024,2024/25,Q2,04-Jul,16/03/2025,2025,2024/25,Q4,12-Mar,"Finance, insurance and credit",Unassigned,Plummer Parsons,Informal action taken,Breach recorded - regulatory action criteria not met,Advice given,No
Completed,GDPR,IC-322573-L5Z4,26/07/2024,2024,2024/25,Q2,04-Jul,16/03/2025,2025,2024/25,Q4,12-Mar,Retail and manufacture,Manufacturing,PZ Cussons (UK) Limited,Informal action taken,Breach recorded - regulatory action criteria not met,Advice given,No
Completed,GDPR,IC-330290-J2X2,06/09/2024,2024,2024/25,Q2,06-Sep,16/03/2025,2025,2024/25,Q4,12-Mar,Health,General Practitioner,Ramsey Health Centre,Informal action taken,Breach recorded - regulatory action criteria not met,Advice given,No
Completed,GDPR,IC-370117-Q5R3,13/03/2025,2025,2024/25,Q4,12-Mar,16/03/2025,2025,2024/25,Q4,12-Mar,Retail and manufacture,Supplier of goods,Reliance Medical Ltd ,Informal action taken,Breach recorded - regulatory action criteria not met,Advice given,Yes
Completed,GDPR,IC-326663-B0Y8,18/08/2024,2024,2024/25,Q2,05-Aug,16/03/2025,2025,2024/25,Q4,12-Mar,Charitable and voluntary,National charities,Rethink Mental Illness,Informal action taken,Breach recorded - regulatory action criteria not met,Advice given,Yes
Completed,GDPR,IC-322264-Z6B1,25/07/2024,2024,2024/25,Q2,04-Jul,16/03/2025,2025,2024/25,Q4,12-Mar,Retail and manufacture,Supplier of services,Rotec Security Solutions Ltd,Informal action taken,Breach recorded - regulatory action criteria not met,Advice given,Yes
Completed,GDPR,IC-322232-Y3V0,25/07/2024,2024,2024/25,Q2,04-Jul,16/03/2025,2025,2024/25,Q4,12-Mar,Charitable and voluntary,Local charities,Rotherham Rise,Informal action taken,Breach recorded - regulatory action criteria not met,Advice given,No
Completed,GDPR,IC-323324-V7P9,01/08/2024,2024,2024/25,Q2,05-Aug,16/03/2025,2025,2024/25,Q4,12-Mar,Health,General Practitioner,Royston Group Practice,Informal action taken,Breach recorded - regulatory action criteria not met,Advice given,No
Completed,GDPR,IC-324561-R9K0,08/08/2024,2024,2024/25,Q2,05-Aug,16/03/2025,2025,2024/25,Q4,12-Mar,Land or property services,Estate agency / letting agency,S & R Lettings Ltd,Informal action taken,Breach recorded - regulatory action criteria not met,Advice given,No
Completed,GDPR,IC-332354-F1P9,16/09/2024,2024,2024/25,Q2,06-Sep,16/03/2025,2025,2024/25,Q4,12-Mar,"Finance, insurance and credit",Insurance,Saga Services Limited,Informal action taken,Breach recorded - regulatory action criteria not met,Advice given,No
Completed,GDPR,IC-332689-S4M8,18/09/2024,2024,2024/25,Q2,06-Sep,16/03/2025,2025,2024/25,Q4,12-Mar,Central Government,Government Department,Secretary of State for the Home Department (Home Office),Informal action taken,Breach recorded - regulatory action criteria not met,Advice given,No
Completed,GDPR,IC-322279-L4T2,25/07/2024,2024,2024/25,Q2,04-Jul,16/03/2025,2025,2024/25,Q4,12-Mar,Local government,"Unitary Authority (London Borough, Mets and Councils in Scotland and Wales)",Sheffield City Council,Informal action taken,Breach recorded - regulatory action criteria not met,Advice given,No
Completed,GDPR,IC-322205-P3Z8,24/07/2024,2024,2024/25,Q2,04-Jul,16/03/2025,2025,2024/25,Q4,12-Mar,Retail and manufacture,Manufacturing,SpliceGroup Europe Limited,Informal action taken,Breach recorded - regulatory action criteria not met,Advice given,No
Completed,GDPR,IC-322195-B3H8,25/07/2024,2024,2024/25,Q2,04-Jul,16/03/2025,2025,2024/25,Q4,12-Mar,"Finance, insurance and credit",Financial services and advice,St James's Place Wealth Management,Informal action taken,Breach recorded - regulatory action criteria not met,Advice given,No
Completed,GDPR,IC-332828-M7B0,19/09/2024,2024,2024/25,Q2,06-Sep,16/03/2025,2025,2024/25,Q4,12-Mar,Education and childcare,Maintained schools,ST JOSEPH'S CATHOLIC PRIMARY SCHOOL,Informal action taken,Breach recorded - regulatory action criteria not met,Advice given,No
Completed,GDPR,IC-322110-N1F7,24/07/2024,2024,2024/25,Q2,04-Jul,16/03/2025,2025,2024/25,Q4,12-Mar,"Finance, insurance and credit",Unassigned,St. James's Place Wealth Management Group Plc,Informal action taken,Breach recorded - regulatory action criteria not met,Advice given,No
Completed,GDPR,IC-325302-W0D2,13/08/2024,2024,2024/25,Q2,05-Aug,16/03/2025,2025,2024/25,Q4,12-Mar,Legal,Legal professionals,Sutherland Thomson Law Practice,Informal action taken,Breach recorded - regulatory action criteria not met,Advice given,No
Completed,GDPR,IC-331700-Q3Q5,13/09/2024,2024,2024/25,Q2,06-Sep,16/03/2025,2025,2024/25,Q4,12-Mar,Local government,"Unitary Authority (London Borough, Mets and Councils in Scotland and Wales)",Tameside Metropolitan Borough Council,Informal action taken,Breach recorded - regulatory action criteria not met,Advice given,No
Completed,GDPR,IC-323502-Z4Q3,02/08/2024,2024,2024/25,Q2,05-Aug,16/03/2025,2025,2024/25,Q4,12-Mar,Retail and manufacture,Supplier of goods,The Fulham Shore Ltd,Informal action taken,Breach recorded - regulatory action criteria not met,Advice given,No
Completed,GDPR,IC-324740-D6M9,09/08/2024,2024,2024/25,Q2,05-Aug,16/03/2025,2025,2024/25,Q4,12-Mar,Health,General Practitioner,The Heron Medical Practice (G82090),Informal action taken,Breach recorded - regulatory action criteria not met,Advice given,No
Completed,GDPR,IC-322796-Q7Q7,30/07/2024,2024,2024/25,Q2,04-Jul,16/03/2025,2025,2024/25,Q4,12-Mar,Education and childcare,Unassigned,The Pickford Nursery,Informal action taken,Breach recorded - regulatory action criteria not met,Advice given,No
Completed,GDPR,IC-370119-Q3H8,13/03/2025,2025,2024/25,Q4,12-Mar,16/03/2025,2025,2024/25,Q4,12-Mar,Education and childcare,Childminders,Tiny Treasures Childminding,Informal action taken,Breach recorded - regulatory action criteria not met,Advice given,No
Completed,GDPR,IC-326513-D2K7,16/08/2024,2024,2024/25,Q2,05-Aug,16/03/2025,2025,2024/25,Q4,12-Mar,Utilities,Utility companies,Trooli Ltd,Informal action taken,Breach recorded - regulatory action criteria not met,Advice given,No
Completed,GDPR,IC-322063-P5G5,23/07/2024,2024,2024/25,Q2,04-Jul,16/03/2025,2025,2024/25,Q4,12-Mar,Legal,Legal professionals,TWM Solicitors LLP,Informal action taken,Breach recorded - regulatory action criteria not met,Advice given,No
Completed,GDPR,IC-329054-W2K7,30/08/2024,2024,2024/25,Q2,05-Aug,16/03/2025,2025,2024/25,Q4,12-Mar,Membership association,Employment and Trade Unions,"Union of Shop Distributive, and Allied Workers (USDAW)",Informal action taken,Breach recorded - regulatory action criteria not met,Advice given,No
Completed,GDPR,IC-322193-W8T0,25/07/2024,2024,2024/25,Q2,04-Jul,16/03/2025,2025,2024/25,Q4,12-Mar,Charitable and voluntary,Local charities,"VOLUNTEER CENTRE BLACKPOOL, WYRE AND FYLDE LIMITED",Informal action taken,Breach recorded - regulatory action criteria not met,Advice given,No
Completed,GDPR,IC-323428-R3X4,02/08/2024,2024,2024/25,Q2,05-Aug,16/03/2025,2025,2024/25,Q4,12-Mar,Local government,District Council,Waverley Borough Council,Informal action taken,Breach recorded - regulatory action criteria not met,Advice given,No
Completed,GDPR,IC-370112-Y0Z1,13/03/2025,2025,2024/25,Q4,12-Mar,16/03/2025,2025,2024/25,Q4,12-Mar,Legal,Unassigned,Wealth Recovery Solicitors Limited,Informal action taken,Breach recorded - regulatory action criteria not met,Advice given,Yes
Completed,GDPR,IC-323633-S7W4,02/08/2024,2024,2024/25,Q2,05-Aug,16/03/2025,2025,2024/25,Q4,12-Mar,"Finance, insurance and credit",Payment services,Zempler Bank Limited,Informal action taken,Breach recorded - regulatory action criteria not met,Advice given,No
Completed,GDPR,IC-337011-T0X0,08/10/2024,2024,2024/25,Q3,07-Oct,16/03/2025,2025,2024/25,Q4,12-Mar,Social care,Unassigned, Aegis 24/7 Ltd,No Further Action,Unassigned,Unassigned,No
Completed,GDPR,IC-334480-F2D5,27/09/2024,2024,2024/25,Q2,06-Sep,16/03/2025,2025,2024/25,Q4,12-Mar,Social care,Residential care,Ark Housing Association Limited,No Further Action,Unassigned,Unassigned,No
Completed,GDPR,IC-337448-Y1K8,10/10/2024,2024,2024/25,Q3,07-Oct,16/03/2025,2025,2024/25,Q4,12-Mar,Health,Healthcare and pharmaceuticals,BALA & YAMINI LIMITED,No Further Action,Unassigned,Unassigned,No
Completed,GDPR,IC-333982-P8K4,25/09/2024,2024,2024/25,Q2,06-Sep,16/03/2025,2025,2024/25,Q4,12-Mar,Legal,Unassigned,Banner Jones Ltd,No Further Action,Unassigned,Unassigned,No
Completed,GDPR,IC-334486-B5V3,27/09/2024,2024,2024/25,Q2,06-Sep,16/03/2025,2025,2024/25,Q4,12-Mar,Health,Secondary care,Belfast Health & Social Care Trust,No Further Action,Unassigned,Unassigned,No
Completed,GDPR,IC-337150-J0K1,08/10/2024,2024,2024/25,Q3,07-Oct,16/03/2025,2025,2024/25,Q4,12-Mar,Legal,Legal professionals,BLB Solicitors Limited,No Further Action,Unassigned,Unassigned,No
Completed,GDPR,IC-334288-L8C0,26/09/2024,2024,2024/25,Q2,06-Sep,16/03/2025,2025,2024/25,Q4,12-Mar,Health,Secondary care,Cambridge University Hospitals NHS Foundation Trust,No Further Action,Unassigned,Unassigned,No
Completed,GDPR,IC-333196-X1Y9,20/09/2024,2024,2024/25,Q2,06-Sep,16/03/2025,2025,2024/25,Q4,12-Mar,Justice,Police Forces,Chief Constable British Transport Police,No Further Action,Unassigned,Unassigned,No
Completed,GDPR,IC-341135-R7Y2,25/10/2024,2024,2024/25,Q3,07-Oct,16/03/2025,2025,2024/25,Q4,12-Mar,Land or property services,Estate agency / letting agency,Countrywide Group Limited,No Further Action,Unassigned,Unassigned,No
Completed,GDPR,IC-346148-F1Y5,22/11/2024,2024,2024/25,Q3,08-Nov,16/03/2025,2025,2024/25,Q4,12-Mar,Education and childcare,Training Company,Cybernest Labs Limited,No Further Action,Unassigned,Unassigned,No
Completed,GDPR,IC-333813-S0B7,23/09/2024,2024,2024/25,Q2,06-Sep,16/03/2025,2025,2024/25,Q4,12-Mar,Education and childcare,Academy and Free Schools,Empower Trust,No Further Action,Unassigned,Unassigned,No
Completed,GDPR,IC-348086-W9X4,02/12/2024,2024,2024/25,Q3,09-Dec,16/03/2025,2025,2024/25,Q4,12-Mar,Retail and manufacture,Supplier of goods,First Class Watches Ltd,No Further Action,Unassigned,Unassigned,No
Completed,GDPR,IC-333586-W5D2,23/09/2024,2024,2024/25,Q2,06-Sep,16/03/2025,2025,2024/25,Q4,12-Mar,Transport and leisure,Leisure centres and gyms,Freedom Leisure,No Further Action,Unassigned,Unassigned,No
Completed,GDPR,IC-334043-B8L2,25/09/2024,2024,2024/25,Q2,06-Sep,16/03/2025,2025,2024/25,Q4,12-Mar,Health,General Practitioner,Hazeldene Medical Centre,No Further Action,Unassigned,Unassigned,No
Completed,GDPR,IC-337390-L1V2,09/10/2024,2024,2024/25,Q3,07-Oct,16/03/2025,2025,2024/25,Q4,12-Mar,Education and childcare,Academy and Free Schools,Heart of Mercia,No Further Action,Unassigned,Unassigned,No
Completed,GDPR,IC-331728-G0D3,13/09/2024,2024,2024/25,Q2,06-Sep,16/03/2025,2025,2024/25,Q4,12-Mar,Health,Healthcare and pharmaceuticals,HOPE HOUSE CHILDREN'S HOSPICE,No Further Action,No action,Report withdrawn,Yes
Completed,GDPR,IC-334065-P5B7,25/09/2024,2024,2024/25,Q2,06-Sep,16/03/2025,2025,2024/25,Q4,12-Mar,Retail and manufacture,Supplier of goods,John Lewis PLC,No Further Action,Unassigned,Unassigned,No
Completed,GDPR,IC-335743-L7B0,03/10/2024,2024,2024/25,Q3,07-Oct,16/03/2025,2025,2024/25,Q4,12-Mar,Local government,"Unitary Authority (London Borough, Mets and Councils in Scotland and Wales)",London Borough of Enfield,No Further Action,Unassigned,Unassigned,No
Completed,GDPR,IC-339174-P3L3,17/10/2024,2024,2024/25,Q3,07-Oct,16/03/2025,2025,2024/25,Q4,12-Mar,Local government,County Council,North Yorkshire Council,No Further Action,Unassigned,Unassigned,No
Completed,GDPR,IC-337159-C8Z3,08/10/2024,2024,2024/25,Q3,07-Oct,16/03/2025,2025,2024/25,Q4,12-Mar,Utilities,Utility companies,Octopus Energy Operations Limited,No Further Action,Unassigned,Unassigned,No
Completed,GDPR,IC-338697-P8X5,15/10/2024,2024,2024/25,Q3,07-Oct,16/03/2025,2025,2024/25,Q4,12-Mar,Legal,Legal professionals,Pannone Corporate LLP,No Further Action,Unassigned,Unassigned,No
Completed,GDPR,IC-336327-L6M7,04/10/2024,2024,2024/25,Q3,07-Oct,16/03/2025,2025,2024/25,Q4,12-Mar,General business,Recruitment agencies,Pertemps Network Group,No Further Action,Unassigned,Unassigned,No
Completed,GDPR,IC-336361-R0H3,04/10/2024,2024,2024/25,Q3,07-Oct,16/03/2025,2025,2024/25,Q4,12-Mar,Retail and manufacture,Manufacturing,Rondo Ltd,No Further Action,Unassigned,Unassigned,No
Completed,GDPR,IC-333282-J2B5,20/09/2024,2024,2024/25,Q2,06-Sep,16/03/2025,2025,2024/25,Q4,12-Mar,"Finance, insurance and credit",Pensions,Ross Trustees Services Limited,No Further Action,Unassigned,Unassigned,No
Completed,GDPR,IC-337102-T3B3,08/10/2024,2024,2024/25,Q3,07-Oct,16/03/2025,2025,2024/25,Q4,12-Mar,Regulators,Regulatory Body,Scottish Social Services Council,No Further Action,Unassigned,Unassigned,No
Completed,GDPR,IC-336970-R4S2,07/10/2024,2024,2024/25,Q3,07-Oct,16/03/2025,2025,2024/25,Q4,12-Mar,Education and childcare,Unassigned,St Thomas CE (VC) Junior School,No Further Action,Unassigned,Unassigned,No
Completed,GDPR,IC-339890-T5V3,21/10/2024,2024,2024/25,Q3,07-Oct,16/03/2025,2025,2024/25,Q4,12-Mar,Charitable and voluntary,Local charities,The Claudia Jones Organisation,No Further Action,Unassigned,Unassigned,No
Completed,GDPR,IC-334670-M1S3,27/09/2024,2024,2024/25,Q2,06-Sep,16/03/2025,2025,2024/25,Q4,12-Mar,"Finance, insurance and credit",Financial services and advice,Vocalink Limited,No Further Action,Unassigned,Unassigned,No
Completed,GDPR,IC-337138-W0K5,08/10/2024,2024,2024/25,Q3,07-Oct,16/03/2025,2025,2024/25,Q4,12-Mar,Health,Secondary care,West Suffolk NHS Foundation Trust,No Further Action,Unassigned,Unassigned,No
Completed,GDPR,IC-336222-C5D4,04/10/2024,2024,2024/25,Q3,07-Oct,16/03/2025,2025,2024/25,Q4,12-Mar,Education and childcare,Academy and Free Schools,Westcountry Schools Trust,No Further Action,Unassigned,Unassigned,No
Completed,GDPR,IC-339460-S2H2,18/10/2024,2024,2024/25,Q3,07-Oct,16/03/2025,2025,2024/25,Q4,12-Mar,Health,General Practitioner,Woodingdean Medical Centre,No Further Action,Unassigned,Unassigned,No
Completed,GDPR,IC-370201-N9Y2,13/03/2025,2025,2024/25,Q4,12-Mar,17/03/2025,2025,2024/25,Q4,12-Mar,"Finance, insurance and credit",Insurance,AIG Life Limited,Informal action taken,Breach recorded - regulatory action criteria not met,Advice given,No
Completed,GDPR,IC-370314-M8G6,14/03/2025,2025,2024/25,Q4,12-Mar,17/03/2025,2025,2024/25,Q4,12-Mar,Health,General Practitioner,Anon DC,Informal action taken,Breach recorded - regulatory action criteria not met,Advice given,No
Completed,GDPR,IC-370263-W1J3,13/03/2025,2025,2024/25,Q4,12-Mar,17/03/2025,2025,2024/25,Q4,12-Mar,Land or property services,Estate agency / letting agency,Beresfords Lettings Limited,Informal action taken,Breach recorded - regulatory action criteria not met,Advice given,Yes
Completed,GDPR,IC-370349-K6H8,14/03/2025,2025,2024/25,Q4,12-Mar,17/03/2025,2025,2024/25,Q4,12-Mar,Health,Secondary care,Bradford Teaching Hospitals NHS Foundation Trust,Informal action taken,Breach recorded - regulatory action criteria not met,Advice given,No
Completed,GDPR,IC-370242-D2Q8,13/03/2025,2025,2024/25,Q4,12-Mar,17/03/2025,2025,2024/25,Q4,12-Mar,Education and childcare,Private schools,Chafyn Grove School,Informal action taken,Breach recorded - regulatory action criteria not met,Advice given,No
Completed,GDPR,IC-346844-J1N5,27/11/2024,2024,2024/25,Q3,08-Nov,17/03/2025,2025,2024/25,Q4,12-Mar,Local government,County Council,Devon County Council,Informal action taken,Breach recorded - regulatory action criteria not met,Advice given,No
Completed,GDPR,IC-354827-G6W8,10/01/2025,2025,2024/25,Q4,10-Jan,17/03/2025,2025,2024/25,Q4,12-Mar,Local government,County Council,Devon County Council,Informal action taken,Breach recorded - regulatory action criteria not met,Advice given,No
Completed,GDPR,IC-360653-G1N0,01/02/2025,2025,2024/25,Q4,11-Feb,17/03/2025,2025,2024/25,Q4,12-Mar,Local government,County Council,Devon County Council,Informal action taken,Breach recorded - regulatory action criteria not met,Advice given,No
Completed,GDPR,IC-370465-W7Q4,14/03/2025,2025,2024/25,Q4,12-Mar,17/03/2025,2025,2024/25,Q4,12-Mar,Health,Secondary care,East Kent Hospitals University NHS Foundation Trust,Informal action taken,Breach recorded - regulatory action criteria not met,Advice given,No
Completed,GDPR,IC-370270-V4F2,13/03/2025,2025,2024/25,Q4,12-Mar,17/03/2025,2025,2024/25,Q4,12-Mar,General business,Business advice and consultancy,General Practice Solutions,Informal action taken,Breach recorded - regulatory action criteria not met,Advice given,No
Completed,GDPR,IC-370145-K7N8,13/03/2025,2025,2024/25,Q4,12-Mar,17/03/2025,2025,2024/25,Q4,12-Mar,Land or property services,Housing association,Golding Homes Limited,Informal action taken,Breach recorded - regulatory action criteria not met,Advice given,No
Completed,GDPR,IC-370034-T1R5,12/03/2025,2025,2024/25,Q4,12-Mar,17/03/2025,2025,2024/25,Q4,12-Mar,Education and childcare,Maintained schools,Harris Federation ,Informal action taken,Breach recorded - regulatory action criteria not met,Advice given,No
Completed,GDPR,IC-370348-V0C5,14/03/2025,2025,2024/25,Q4,12-Mar,17/03/2025,2025,2024/25,Q4,12-Mar,Retail and manufacture,Manufacturing,Hydreco Hydraulics Limited,Informal action taken,Breach recorded - regulatory action criteria not met,Advice given,Yes
Completed,GDPR,IC-370209-P6L0,13/03/2025,2025,2024/25,Q4,12-Mar,17/03/2025,2025,2024/25,Q4,12-Mar,Retail and manufacture,Supplier of goods,Iceland Foods Ltd,Informal action taken,Breach recorded - regulatory action criteria not met,Advice given,No
Completed,GDPR,IC-370213-X1X0,13/03/2025,2025,2024/25,Q4,12-Mar,17/03/2025,2025,2024/25,Q4,12-Mar,Health,Dentists,Inamo Limited,Informal action taken,Breach recorded - regulatory action criteria not met,Advice given,Don't know
Completed,GDPR,IC-370153-C7B5,13/03/2025,2025,2024/25,Q4,12-Mar,17/03/2025,2025,2024/25,Q4,12-Mar,Education and childcare,Further education,Kirklees College,Informal action taken,Breach recorded - regulatory action criteria not met,Advice given,No
Completed,GDPR,IC-370379-Y5H5,14/03/2025,2025,2024/25,Q4,12-Mar,17/03/2025,2025,2024/25,Q4,12-Mar,Transport and leisure,Haulage,LF & E Refrigerated Transport Limited,Informal action taken,Breach recorded - regulatory action criteria not met,Advice given,No
Completed,GDPR,IC-370323-D0C4,14/03/2025,2025,2024/25,Q4,12-Mar,17/03/2025,2025,2024/25,Q4,12-Mar,Local government,"Unitary Authority (London Borough, Mets and Councils in Scotland and Wales)",London Borough Of Barking and Dagenham Council,Informal action taken,Breach recorded - regulatory action criteria not met,Advice given,No
Completed,GDPR,IC-370192-L8B4,13/03/2025,2025,2024/25,Q4,12-Mar,17/03/2025,2025,2024/25,Q4,12-Mar,Legal,Legal professionals,Masefield Solicitors LLP,Informal action taken,Breach recorded - regulatory action criteria not met,Advice given,No
Completed,GDPR,IC-367386-P9X6,28/02/2025,2025,2024/25,Q4,11-Feb,17/03/2025,2025,2024/25,Q4,12-Mar,Retail and manufacture,Supplier of goods,Neville UK PLC,Informal action taken,Breach recorded - regulatory action criteria not met,Unassigned,Yes
Completed,GDPR,IC-365039-R8L6,19/02/2025,2025,2024/25,Q4,11-Feb,17/03/2025,2025,2024/25,Q4,12-Mar,Health,Commissioning,NHS Cambridgeshire & Peterborough ICB,Informal action taken,Breach recorded - regulatory action criteria not met,Advice given,No
Completed,GDPR,IC-370332-S6C0,14/03/2025,2025,2024/25,Q4,12-Mar,17/03/2025,2025,2024/25,Q4,12-Mar,Retail and manufacture,Supplier of services,Ocean Ecology Limited,Informal action taken,Breach recorded - regulatory action criteria not met,Advice given,Yes
Completed,GDPR,IC-370196-D6Y6,13/03/2025,2025,2024/25,Q4,12-Mar,17/03/2025,2025,2024/25,Q4,12-Mar,Central Government,Non-departmental public body,"Office for Standards in Education, Childrens Services and Skills  (OFSTED)",Informal action taken,Breach recorded - regulatory action criteria not met,Advice given,No
Completed,GDPR,IC-312398-V8L5,07/06/2024,2024,2024/25,Q1,03-Jun,17/03/2025,2025,2024/25,Q4,12-Mar,Charitable and voluntary,Local charities,People Potential Possibilities (P3),Informal action taken,Breach recorded - regulatory action criteria not met,Advice given,No
Completed,GDPR,IC-309987-T6B6,29/05/2024,2024,2024/25,Q1,02-May,17/03/2025,2025,2024/25,Q4,12-Mar,Health,General Practitioner,Ruby Country Medical Group,Informal action taken,Breach recorded - regulatory action criteria not met,Advice given,No
Completed,GDPR,IC-370449-C1N2,14/03/2025,2025,2024/25,Q4,12-Mar,17/03/2025,2025,2024/25,Q4,12-Mar,Education and childcare,Academy and Free Schools,Sandringham School,Informal action taken,Breach recorded - regulatory action criteria not met,Advice given,Don't know
Completed,GDPR,IC-370032-F3L8,12/03/2025,2025,2024/25,Q4,12-Mar,17/03/2025,2025,2024/25,Q4,12-Mar,Health,Public health,Somerville Medical Centre ,Informal action taken,Breach recorded - regulatory action criteria not met,Advice given,No
Completed,GDPR,IC-370441-W1Y8,14/03/2025,2025,2024/25,Q4,12-Mar,17/03/2025,2025,2024/25,Q4,12-Mar,Education and childcare,Community School,St Aidan's CE Primary School,Informal action taken,Breach recorded - regulatory action criteria not met,Advice given,No
Completed,GDPR,IC-370248-N8W1,13/03/2025,2025,2024/25,Q4,12-Mar,17/03/2025,2025,2024/25,Q4,12-Mar,Charitable and voluntary,Local charities,Staffordshire Women's Aid,Informal action taken,Breach recorded - regulatory action criteria not met,Advice given,No
Completed,GDPR,IC-370374-H6Q8,14/03/2025,2025,2024/25,Q4,12-Mar,17/03/2025,2025,2024/25,Q4,12-Mar,Health,General Practitioner,Sydenham Green Group Practice,Informal action taken,Breach recorded - regulatory action criteria not met,Advice given,No
Completed,GDPR,IC-370468-T7X6,14/03/2025,2025,2024/25,Q4,12-Mar,17/03/2025,2025,2024/25,Q4,12-Mar,Land or property services,Estate agency / letting agency,The Modern House Limited,Informal action taken,Breach recorded - regulatory action criteria not met,Advice given,Yes
Completed,GDPR,IC-370430-M4Q7,14/03/2025,2025,2024/25,Q4,12-Mar,17/03/2025,2025,2024/25,Q4,12-Mar,Health,Unassigned,The Tutbury Practice,Informal action taken,Breach recorded - regulatory action criteria not met,Advice given,No
Completed,GDPR,IC-370208-N1T6,13/03/2025,2025,2024/25,Q4,12-Mar,17/03/2025,2025,2024/25,Q4,12-Mar,"Finance, insurance and credit",Debt collection/tracing,Topaz Finance Limited,Informal action taken,Breach recorded - regulatory action criteria not met,Advice given,No
Completed,GDPR,IC-312103-D8X1,06/06/2024,2024,2024/25,Q1,03-Jun,17/03/2025,2025,2024/25,Q4,12-Mar,Health,Secondary care,United Lincolnshire Hospitals NHS Trust,Informal action taken,Breach recorded - regulatory action criteria not met,Advice given,No
Completed,GDPR,IC-365258-P0N9,21/02/2025,2025,2024/25,Q4,11-Feb,17/03/2025,2025,2024/25,Q4,12-Mar,Charitable and voluntary,National charities,Vital Xposure Limited,Informal action taken,Breach recorded - regulatory action criteria not met,Advice given,No
Completed,GDPR,IC-370643-F9J6,04/03/2025,2025,2024/25,Q4,12-Mar,18/03/2025,2025,2024/25,Q4,12-Mar,Social care,Residential care,Abbey Healthcare (Aaron Court),Informal action taken,Breach recorded - regulatory action criteria not met,Advice given,No
Completed,GDPR,IC-370646-Y4Z5,17/03/2025,2025,2024/25,Q4,12-Mar,18/03/2025,2025,2024/25,Q4,12-Mar,Charitable and voluntary,National charities,Age UK Trading CIC,Informal action taken,Breach recorded - regulatory action criteria not met,Advice given,No
Completed,GDPR,IC-368276-M2K6,06/03/2025,2025,2024/25,Q4,12-Mar,18/03/2025,2025,2024/25,Q4,12-Mar,General business,Unassigned,Agriline Products Ltd,Informal action taken,Breach recorded - regulatory action criteria not met,Unassigned,Yes
Completed,GDPR,IC-370538-X8F4,14/03/2025,2025,2024/25,Q4,12-Mar,18/03/2025,2025,2024/25,Q4,12-Mar,Political,Elected Representatives,Anon DC,Informal action taken,Breach recorded - regulatory action criteria not met,Advice given,No
Completed,GDPR,IC-370097-G6M6,12/03/2025,2025,2024/25,Q4,12-Mar,18/03/2025,2025,2024/25,Q4,12-Mar,Legal,Barristers,Anon DC,Informal action taken,Breach recorded - regulatory action criteria not met,Advice given,No
Completed,GDPR,IC-370289-X3Q9,13/03/2025,2025,2024/25,Q4,12-Mar,18/03/2025,2025,2024/25,Q4,12-Mar,Charitable and voluntary,Local charities,Asylum and Refugee Care,Informal action taken,Breach recorded - regulatory action criteria not met,Advice given,No
Completed,GDPR,IC-370685-X0S1,14/03/2025,2025,2024/25,Q4,12-Mar,18/03/2025,2025,2024/25,Q4,12-Mar,"Finance, insurance and credit",Banks and Building Societies,Bank of Ireland (UK) PLC,Informal action taken,Breach recorded - regulatory action criteria not met,Advice given,No
Completed,GDPR,IC-370871-X9N3,15/03/2025,2025,2024/25,Q4,12-Mar,18/03/2025,2025,2024/25,Q4,12-Mar,Land or property services,Property management,Brand Vaughan,Informal action taken,Breach recorded - regulatory action criteria not met,Advice given,No
Completed,GDPR,IC-369685-B8J6,13/03/2025,2025,2024/25,Q4,12-Mar,18/03/2025,2025,2024/25,Q4,12-Mar,Justice,Police Forces,Chief Constable Commissioner for the Metropolis (Metropolitan Police Service),Informal action taken,Breach recorded - regulatory action criteria not met,Advice given,No
Completed,GDPR,IC-370593-N6Z4,14/03/2025,2025,2024/25,Q4,12-Mar,18/03/2025,2025,2024/25,Q4,12-Mar,Justice,Police Forces,Chief Constable Derbyshire Constabulary,Informal action taken,Breach recorded - regulatory action criteria not met,Advice given,No
Completed,GDPR,IC-370563-J5Z9,14/03/2025,2025,2024/25,Q4,12-Mar,18/03/2025,2025,2024/25,Q4,12-Mar,Justice,Police Forces,Chief Constable West Midlands Police,Informal action taken,Breach recorded - regulatory action criteria not met,Advice given,No
Completed,GDPR,IC-370547-K5V8,14/03/2025,2025,2024/25,Q4,12-Mar,18/03/2025,2025,2024/25,Q4,12-Mar,Health,General Practitioner,Clee Medical Centre,Informal action taken,Breach recorded - regulatory action criteria not met,Advice given,No
Completed,GDPR,IC-370632-X3F9,14/03/2025,2025,2024/25,Q4,12-Mar,18/03/2025,2025,2024/25,Q4,12-Mar,"Finance, insurance and credit",Financial services and advice,Computershare Investor Services PLC,Informal action taken,Breach recorded - regulatory action criteria not met,Advice given,No
Completed,GDPR,IC-370883-L1G0,14/03/2025,2025,2024/25,Q4,12-Mar,18/03/2025,2025,2024/25,Q4,12-Mar,Retail and manufacture,Supplier of goods,Domino's Pizza Group,Informal action taken,Breach recorded - regulatory action criteria not met,Advice given,No
Completed,GDPR,IC-255956-M9W2,04/09/2023,2023,2023/24,Q2,06-Sep,18/03/2025,2025,2024/25,Q4,12-Mar,Local government,District Council,Dorset Council,Informal action taken,Breach recorded - regulatory action criteria not met,Advice given,No
Completed,GDPR,IC-370573-L8B9,14/03/2025,2025,2024/25,Q4,12-Mar,18/03/2025,2025,2024/25,Q4,12-Mar,Education and childcare,Academy and Free Schools,Durrington Multi Academy Trust,Informal action taken,Breach recorded - regulatory action criteria not met,Advice given,No
Completed,GDPR,IC-370042-D8D8,12/03/2025,2025,2024/25,Q4,12-Mar,18/03/2025,2025,2024/25,Q4,12-Mar,Legal,Legal professionals,Eaton Smith LLP,Informal action taken,Breach recorded - regulatory action criteria not met,Advice given,No
Completed,GDPR,IC-370926-G7Z8,15/03/2025,2025,2024/25,Q4,12-Mar,18/03/2025,2025,2024/25,Q4,12-Mar,Charitable and voluntary,Local charities,Emerging Futures CIC,Informal action taken,Breach recorded - regulatory action criteria not met,Advice given,No
Completed,GDPR,IC-370537-Q4Z9,14/03/2025,2025,2024/25,Q4,12-Mar,18/03/2025,2025,2024/25,Q4,12-Mar,Health,Healthcare and pharmaceuticals,First Community Health & Care C.I.C,Informal action taken,Breach recorded - regulatory action criteria not met,Advice given,No
Completed,GDPR,IC-370913-F0J8,14/03/2025,2025,2024/25,Q4,12-Mar,18/03/2025,2025,2024/25,Q4,12-Mar,Online Technology and Telecoms,Service providers,Google LLC,Informal action taken,Breach recorded - regulatory action criteria not met,Advice given,No
Completed,GDPR,IC-370528-L8R5,14/03/2025,2025,2024/25,Q4,12-Mar,18/03/2025,2025,2024/25,Q4,12-Mar,Charitable and voluntary,National charities,Historic Royal Palaces,Informal action taken,Breach recorded - regulatory action criteria not met,Advice given,No
Completed,GDPR,IC-370700-M8W0,14/03/2025,2025,2024/25,Q4,12-Mar,18/03/2025,2025,2024/25,Q4,12-Mar,Legal,Legal professionals,Holman Fenwick Willan LLP,Informal action taken,Breach recorded - regulatory action criteria not met,Advice given,Yes
Completed,GDPR,IC-370920-Q3L1,18/03/2025,2025,2024/25,Q4,12-Mar,18/03/2025,2025,2024/25,Q4,12-Mar,Education and childcare,Maintained schools,Homer First School,Informal action taken,Breach recorded - regulatory action criteria not met,Advice given,Yes
Completed,Hybrid,IC-369055-S1H8,08/03/2025,2025,2024/25,Q4,12-Mar,18/03/2025,2025,2024/25,Q4,12-Mar,Land or property services,Housing association,Jigsaw Homes North,Informal action taken,Breach recorded - regulatory action criteria not met,Advice given,No
Completed,GDPR,IC-370594-Z2K4,14/03/2025,2025,2024/25,Q4,12-Mar,18/03/2025,2025,2024/25,Q4,12-Mar,Social care,Residential care,Keate House Residential Home Ltd,Informal action taken,Breach recorded - regulatory action criteria not met,Advice given,No
Completed,GDPR,IC-370603-P6M8,14/03/2025,2025,2024/25,Q4,12-Mar,18/03/2025,2025,2024/25,Q4,12-Mar,Political,Political Party,Labour Party,Informal action taken,Breach recorded - regulatory action criteria not met,Advice given,No
Completed,GDPR,IC-370564-P9T8,14/03/2025,2025,2024/25,Q4,12-Mar,18/03/2025,2025,2024/25,Q4,12-Mar,"Finance, insurance and credit",Insurance,Lifetime Pet Cover Limited,Informal action taken,Breach recorded - regulatory action criteria not met,Advice given,No
Completed,GDPR,IC-370878-H0B7,15/03/2025,2025,2024/25,Q4,12-Mar,18/03/2025,2025,2024/25,Q4,12-Mar,Legal,Legal professionals,Michelmores LLP,Informal action taken,Breach recorded - regulatory action criteria not met,Advice given,No
Completed,GDPR,IC-370808-J7X2,14/03/2025,2025,2024/25,Q4,12-Mar,18/03/2025,2025,2024/25,Q4,12-Mar,Health,Pharmacist,Oushk Pharmacy Ltd,Informal action taken,Breach recorded - regulatory action criteria not met,Advice given,No
Completed,Hybrid,IC-368822-P5G7,07/03/2025,2025,2024/25,Q4,12-Mar,18/03/2025,2025,2024/25,Q4,12-Mar,"Finance, insurance and credit",Financial services and advice,ReAssure Limited,Informal action taken,Breach recorded - regulatory action criteria not met,Advice given,No
Completed,GDPR,IC-368439-M4J9,06/03/2025,2025,2024/25,Q4,12-Mar,18/03/2025,2025,2024/25,Q4,12-Mar,Retail and manufacture,Supplier of goods,Rock The Dragon Ltd,Informal action taken,Breach recorded - regulatory action criteria not met,Unassigned,Yes
Completed,GDPR,IC-370452-H1F7,14/03/2025,2025,2024/25,Q4,12-Mar,18/03/2025,2025,2024/25,Q4,12-Mar,Retail and manufacture,Manufacturing,Roland Europe Group Limited,Informal action taken,Breach recorded - regulatory action criteria not met,Advice given,No
Completed,GDPR,IC-370578-Q9G9,14/03/2025,2025,2024/25,Q4,12-Mar,18/03/2025,2025,2024/25,Q4,12-Mar,Retail and manufacture,Supplier of services,Sapphire Partners Ltd,Informal action taken,Breach recorded - regulatory action criteria not met,Advice given,Yes
Completed,GDPR,IC-370709-H4L7,14/03/2025,2025,2024/25,Q4,12-Mar,18/03/2025,2025,2024/25,Q4,12-Mar,Education and childcare,Maintained schools,"ST MARY'S PRITTLEWELL, CE PRIMARY SCHOOL",Informal action taken,Breach recorded - regulatory action criteria not met,Advice given,No
Completed,GDPR,IC-370381-Z2D4,11/03/2025,2025,2024/25,Q4,12-Mar,18/03/2025,2025,2024/25,Q4,12-Mar,Education and childcare,Maintained schools,St Paul's School for Girls,Informal action taken,Breach recorded - regulatory action criteria not met,Advice given,No
Completed,Hybrid,IC-368604-T5Q5,07/03/2025,2025,2024/25,Q4,12-Mar,18/03/2025,2025,2024/25,Q4,12-Mar,Health,General Practitioner,The Camberwell Green Surgery,Informal action taken,Breach recorded - regulatory action criteria not met,Advice given,No
Completed,GDPR,IC-370910-H3Z4,18/03/2025,2025,2024/25,Q4,12-Mar,18/03/2025,2025,2024/25,Q4,12-Mar,Health,Healthcare and pharmaceuticals,The Evewell (Harley Street) Limited,Informal action taken,Breach recorded - regulatory action criteria not met,Advice given,Yes
Completed,GDPR,IC-370612-F8R8,14/03/2025,2025,2024/25,Q4,12-Mar,18/03/2025,2025,2024/25,Q4,12-Mar,Land or property services,Estate agency / letting agency,THE PHILIP JAMES PARTNERSHIP LIMITED,Informal action taken,Breach recorded - regulatory action criteria not met,Advice given,No
Completed,GDPR,IC-370896-X0T7,14/03/2025,2025,2024/25,Q4,12-Mar,18/03/2025,2025,2024/25,Q4,12-Mar,Political,Political Party,Wirral Green Party,Informal action taken,Breach recorded - regulatory action criteria not met,Advice given,No
Completed,GDPR,IC-370508-L2H9,14/03/2025,2025,2024/25,Q4,12-Mar,18/03/2025,2025,2024/25,Q4,12-Mar,Retail and manufacture,Supplier of services,Wraxall Capital Solutions Ltd,Informal action taken,Breach recorded - regulatory action criteria not met,Advice given,Yes
Completed,GDPR,IC-370541-G6X9,14/03/2025,2025,2024/25,Q4,12-Mar,18/03/2025,2025,2024/25,Q4,12-Mar,Online Technology and Telecoms,Service providers,Citizen Arc,No Further Action,Breach recorded - regulatory action criteria not met,Unassigned,Yes
Completed,GDPR,IC-370599-M3K1,14/03/2025,2025,2024/25,Q4,12-Mar,18/03/2025,2025,2024/25,Q4,12-Mar,Retail and manufacture,Manufacturing,NMB Minebea UK Ltd,No Further Action,Breach recorded - regulatory action criteria not met,Unassigned,Yes
Completed,GDPR,IC-370301-S7W3,14/03/2025,2025,2024/25,Q4,12-Mar,18/03/2025,2025,2024/25,Q4,12-Mar,Retail and manufacture,Supplier of services,Ritchie Bros (UK) Limited,No Further Action,Breach recorded - regulatory action criteria not met,Unassigned,Yes
Completed,GDPR,IC-370609-R2X3,15/03/2025,2025,2024/25,Q4,12-Mar,18/03/2025,2025,2024/25,Q4,12-Mar,Land or property services,Building and property construction,SWG Construction Ltd,No Further Action,Breach recorded - regulatory action criteria not met,Unassigned,Yes
Completed,GDPR,IC-370308-T7S4,13/03/2025,2025,2024/25,Q4,12-Mar,18/03/2025,2025,2024/25,Q4,12-Mar,Online Technology and Telecoms,Software developers,Thanks Ben Ltd,No Further Action,Breach recorded - regulatory action criteria not met,Unassigned,Yes
Completed,GDPR,IC-370842-Y1T6,14/03/2025,2025,2024/25,Q4,12-Mar,18/03/2025,2025,2024/25,Q4,12-Mar,Land or property services,Property management,Woodvale Place Management Company Limited,No Further Action,Not PDB,Unassigned,No
Completed,GDPR,IC-370175-Q1T5,13/03/2025,2025,2024/25,Q4,12-Mar,19/03/2025,2025,2024/25,Q4,12-Mar,Legal,Legal professionals,BANNER JONES LTD,Informal action taken,Breach recorded - regulatory action criteria not met,Advice given,No
Completed,GDPR,IC-289844-D5H6,19/02/2024,2024,2023/24,Q4,11-Feb,19/03/2025,2025,2024/25,Q4,12-Mar,"Finance, insurance and credit",Banks and Building Societies,Barclays Bank UK Plc,Informal action taken,Breach recorded - regulatory action criteria not met,Advice given,No
Completed,GDPR,IC-370981-S8L2,17/03/2025,2025,2024/25,Q4,12-Mar,19/03/2025,2025,2024/25,Q4,12-Mar,Health,Pharmacist,Boots UK Limited,Informal action taken,Breach recorded - regulatory action criteria not met,Advice given,No
Completed,GDPR,IC-371069-L3T7,18/03/2025,2025,2024/25,Q4,12-Mar,19/03/2025,2025,2024/25,Q4,12-Mar,Local government,"Unitary Authority (London Borough, Mets and Councils in Scotland and Wales)","Bournemouth, Christchurch and Poole Council (BCP)",Informal action taken,Breach recorded - regulatory action criteria not met,Advice given,No
Completed,GDPR,IC-370592-L0C8,14/03/2025,2025,2024/25,Q4,12-Mar,19/03/2025,2025,2024/25,Q4,12-Mar,Legal,Legal professionals,Bowser Ollard & Bentley Limited,Informal action taken,Breach recorded - regulatory action criteria not met,Advice given,Yes
Completed,Hybrid,IC-360955-L6R6,03/02/2025,2025,2024/25,Q4,11-Feb,19/03/2025,2025,2024/25,Q4,12-Mar,Local government,"Unitary Authority (London Borough, Mets and Councils in Scotland and Wales)",Bridgend County Borough Council,Informal action taken,Breach recorded - regulatory action criteria not met,Advice given,No
Completed,GDPR,IC-371026-T3J9,17/03/2025,2025,2024/25,Q4,12-Mar,19/03/2025,2025,2024/25,Q4,12-Mar,"Finance, insurance and credit",Financial services and advice,Bridgepoint Advisers Limited,Informal action taken,Breach recorded - regulatory action criteria not met,Advice given,No
Completed,GDPR,IC-371021-K4Y7,17/03/2025,2025,2024/25,Q4,12-Mar,19/03/2025,2025,2024/25,Q4,12-Mar,Education and childcare,Academy and Free Schools,Brigantia Learning Trust Limited,Informal action taken,Breach recorded - regulatory action criteria not met,Advice given,No
Completed,GDPR,IC-371121-N0M7,18/03/2025,2025,2024/25,Q4,12-Mar,19/03/2025,2025,2024/25,Q4,12-Mar,Social care,Residential care,Bright Futures Care Limited,Informal action taken,Breach recorded - regulatory action criteria not met,Advice given,No
Completed,GDPR,IC-370978-D9G3,18/03/2025,2025,2024/25,Q4,12-Mar,19/03/2025,2025,2024/25,Q4,12-Mar,Education and childcare,Maintained schools,Browick Road Primary School,Informal action taken,Breach recorded - regulatory action criteria not met,Advice given,Yes
Completed,GDPR,IC-371296-S0Y8,18/03/2025,2025,2024/25,Q4,12-Mar,19/03/2025,2025,2024/25,Q4,12-Mar,Education and childcare,Maintained schools,CARDINAL NEWMAN ROMAN CATHOLIC COMPREHENSIVE SCHOOL,Informal action taken,Breach recorded - regulatory action criteria not met,Advice given,No
Completed,GDPR,IC-370943-B2F0,18/03/2025,2025,2024/25,Q4,12-Mar,19/03/2025,2025,2024/25,Q4,12-Mar,Legal,Unassigned,Chadwick Lawrence LLP,Informal action taken,Breach recorded - regulatory action criteria not met,Advice given,Yes
Completed,GDPR,IC-370017-N3C7,12/03/2025,2025,2024/25,Q4,12-Mar,19/03/2025,2025,2024/25,Q4,12-Mar,Justice,Police Forces,Chief Constable Sussex Police,Informal action taken,Breach recorded - regulatory action criteria not met,Advice given,No
Completed,GDPR,IC-371158-C1J9,18/03/2025,2025,2024/25,Q4,12-Mar,19/03/2025,2025,2024/25,Q4,12-Mar,Local government,District Council,City of Lincoln Council,Informal action taken,Breach recorded - regulatory action criteria not met,Advice given,No
Completed,GDPR,IC-371092-Q1F8,18/03/2025,2025,2024/25,Q4,12-Mar,19/03/2025,2025,2024/25,Q4,12-Mar,Legal,Legal professionals,Clark Willis Solicitors Ltd,Informal action taken,Breach recorded - regulatory action criteria not met,Advice given,No
Completed,GDPR,IC-371040-J5C1,17/03/2025,2025,2024/25,Q4,12-Mar,19/03/2025,2025,2024/25,Q4,12-Mar,Charitable and voluntary,Local charities,Conduitor Limited,Informal action taken,Breach recorded - regulatory action criteria not met,Advice given,No
Completed,GDPR,IC-367658-K5X0,03/03/2025,2025,2024/25,Q4,12-Mar,19/03/2025,2025,2024/25,Q4,12-Mar,Retail and manufacture,Supplier of goods,Flying Fat Sheep Trading Co. Ltd,Informal action taken,Breach recorded - regulatory action criteria not met,Advice given,No
Completed,GDPR,IC-367324-Z1L0,28/02/2025,2025,2024/25,Q4,11-Feb,19/03/2025,2025,2024/25,Q4,12-Mar,"Finance, insurance and credit",Banks and Building Societies,Home Retail Group Card Services Limited,Informal action taken,Breach recorded - regulatory action criteria not met,Advice given,No
Completed,GDPR,IC-370664-D4J6,14/03/2025,2025,2024/25,Q4,12-Mar,19/03/2025,2025,2024/25,Q4,12-Mar,Health,Secondary care,Hull University Teaching Hospitals NHS Trust,Informal action taken,Breach recorded - regulatory action criteria not met,Advice given,No
Completed,GDPR,IC-370927-Q3W8,18/03/2025,2025,2024/25,Q4,12-Mar,19/03/2025,2025,2024/25,Q4,12-Mar,Retail and manufacture,Supplier of goods,Iconic Biscuits Ltd,Informal action taken,Breach recorded - regulatory action criteria not met,Advice given,Yes
Completed,GDPR,IC-371285-V6B9,18/03/2025,2025,2024/25,Q4,12-Mar,19/03/2025,2025,2024/25,Q4,12-Mar,Local government,County Council,Kent County Council,Informal action taken,Breach recorded - regulatory action criteria not met,Advice given,No
Completed,GDPR,IC-370951-L7D3,18/03/2025,2025,2024/25,Q4,12-Mar,19/03/2025,2025,2024/25,Q4,12-Mar,"Finance, insurance and credit",Insolvency Practitioners,Leading Business Services Limited,Informal action taken,Breach recorded - regulatory action criteria not met,Advice given,Yes
Completed,GDPR,IC-370778-Z6D7,17/03/2025,2025,2024/25,Q4,12-Mar,19/03/2025,2025,2024/25,Q4,12-Mar,Transport and leisure,Accommodation providers,Legends Hotel,Informal action taken,Breach recorded - regulatory action criteria not met,Advice given,Yes
Completed,GDPR,IC-371047-K2B5,17/03/2025,2025,2024/25,Q4,12-Mar,19/03/2025,2025,2024/25,Q4,12-Mar,Local government,"Unitary Authority (London Borough, Mets and Councils in Scotland and Wales)",London Borough Of Barking and Dagenham Council,Informal action taken,Breach recorded - regulatory action criteria not met,Advice given,No
Completed,GDPR,IC-370788-L8L6,17/03/2025,2025,2024/25,Q4,12-Mar,19/03/2025,2025,2024/25,Q4,12-Mar,Retail and manufacture,Supplier of services,Magicman Holdings Limited,Informal action taken,Breach recorded - regulatory action criteria not met,Advice given,Yes
Completed,GDPR,IC-371031-N7Z3,16/03/2025,2025,2024/25,Q4,12-Mar,19/03/2025,2025,2024/25,Q4,12-Mar,Local government,"Unitary Authority (London Borough, Mets and Councils in Scotland and Wales)",Manchester City Council,Informal action taken,Breach recorded - regulatory action criteria not met,Advice given,No
Completed,GDPR,IC-371143-V0S4,18/03/2025,2025,2024/25,Q4,12-Mar,19/03/2025,2025,2024/25,Q4,12-Mar,Charitable and voluntary,Local charities,Mind In Mid Herts,Informal action taken,Breach recorded - regulatory action criteria not met,Advice given,No
Completed,GDPR,IC-371008-K3C9,17/03/2025,2025,2024/25,Q4,12-Mar,19/03/2025,2025,2024/25,Q4,12-Mar,Social care,Residential care,New Directions (Rugby) Limited,Informal action taken,Breach recorded - regulatory action criteria not met,Advice given,No
Completed,GDPR,IC-363974-M7D9,14/02/2025,2025,2024/25,Q4,11-Feb,19/03/2025,2025,2024/25,Q4,12-Mar,Health,Secondary care,Nottinghamshire Healthcare NHS Trust,Informal action taken,Breach recorded - regulatory action criteria not met,Advice given,No
Completed,GDPR,IC-371004-B8J5,17/03/2025,2025,2024/25,Q4,12-Mar,19/03/2025,2025,2024/25,Q4,12-Mar,Central Government,Government Department,Office of Gas and Electricity Markets (Ofgem),Informal action taken,Breach recorded - regulatory action criteria not met,Advice given,No
Completed,GDPR,IC-366357-P1D9,24/02/2025,2025,2024/25,Q4,11-Feb,19/03/2025,2025,2024/25,Q4,12-Mar,Health,General Practitioner,Primary Care 24 (Merseyside) Limited,Informal action taken,Breach recorded - regulatory action criteria not met,Advice given,No
Completed,GDPR,IC-370228-T0G1,13/03/2025,2025,2024/25,Q4,12-Mar,19/03/2025,2025,2024/25,Q4,12-Mar,Education and childcare,Academy and Free Schools,Saracens Multi-Academy Trust,Informal action taken,Breach recorded - regulatory action criteria not met,Advice given,Yes
Completed,GDPR,IC-370122-S5G9,13/03/2025,2025,2024/25,Q4,12-Mar,19/03/2025,2025,2024/25,Q4,12-Mar,Education and childcare,Academy and Free Schools,South Downs Education Trust,Informal action taken,Breach recorded - regulatory action criteria not met,Advice given,No
Completed,GDPR,IC-371023-Y7K9,17/03/2025,2025,2024/25,Q4,12-Mar,19/03/2025,2025,2024/25,Q4,12-Mar,Retail and manufacture,Supplier of goods,Speciality Drinks Limited,Informal action taken,Breach recorded - regulatory action criteria not met,Advice given,No
Completed,GDPR,IC-371053-C2V5,17/03/2025,2025,2024/25,Q4,12-Mar,19/03/2025,2025,2024/25,Q4,12-Mar,Health,Healthcare and pharmaceuticals,Spire Healthcare Limited,Informal action taken,Breach recorded - regulatory action criteria not met,Advice given,No
Completed,GDPR,IC-370809-T5K8,17/03/2025,2025,2024/25,Q4,12-Mar,19/03/2025,2025,2024/25,Q4,12-Mar,Retail and manufacture,Supplier of services,SWM & Waste Recycling Limited,Informal action taken,Breach recorded - regulatory action criteria not met,Advice given,Yes
Case Officer Review Completed,GDPR,IC-337434-X8C5,09/10/2024,2024,2024/25,Q3,07-Oct,19/03/2025,2025,2024/25,Q4,12-Mar,Health,Secondary care,The Nottingham University Hospitals NHS Trust,Informal action taken,Breach recorded - regulatory action criteria not met,Advice given,No
Completed,GDPR,IC-368487-C1G6,07/03/2025,2025,2024/25,Q4,12-Mar,19/03/2025,2025,2024/25,Q4,12-Mar,Charitable and voluntary,National charities,The Royal British Legion,Informal action taken,Breach recorded - regulatory action criteria not met,Advice given,No
Completed,GDPR,IC-369691-Y8Z2,11/03/2025,2025,2024/25,Q4,12-Mar,19/03/2025,2025,2024/25,Q4,12-Mar,Charitable and voluntary,National charities,THE ROYAL THEATRICAL FUND,Informal action taken,Breach recorded - regulatory action criteria not met,Advice given,No
Completed,GDPR,IC-370107-G9K4,13/03/2025,2025,2024/25,Q4,12-Mar,19/03/2025,2025,2024/25,Q4,12-Mar,Charitable and voluntary,Local charities,The Seckford Foundation,Informal action taken,Breach recorded - regulatory action criteria not met,Advice given,No
Completed,GDPR,IC-370454-C0F3,14/03/2025,2025,2024/25,Q4,12-Mar,19/03/2025,2025,2024/25,Q4,12-Mar,Education and childcare,Higher education,The University of Huddersfield,Informal action taken,Breach recorded - regulatory action criteria not met,Advice given,No
Completed,GDPR,IC-370479-L5P7,15/03/2025,2025,2024/25,Q4,12-Mar,19/03/2025,2025,2024/25,Q4,12-Mar,Online Technology and Telecoms,Software developers,Tide Platform Ltd,Informal action taken,Breach recorded - regulatory action criteria not met,Advice given,No
Completed,GDPR,IC-370658-Q4X0,14/03/2025,2025,2024/25,Q4,12-Mar,19/03/2025,2025,2024/25,Q4,12-Mar,Health,Secondary care,University Hospitals Sussex NHS Foundation Trust,Informal action taken,Breach recorded - regulatory action criteria not met,Advice given,No
Completed,GDPR,IC-371090-X2R4,17/03/2025,2025,2024/25,Q4,12-Mar,19/03/2025,2025,2024/25,Q4,12-Mar,Education and childcare,Maintained schools,West SILC,Informal action taken,Breach recorded - regulatory action criteria not met,Advice given,No
Completed,GDPR,IC-371046-H1H5,17/03/2025,2025,2024/25,Q4,12-Mar,19/03/2025,2025,2024/25,Q4,12-Mar,Health,General Practitioner,Westongrove PMS Partnership ,Informal action taken,Breach recorded - regulatory action criteria not met,Advice given,No
Completed,GDPR,IC-358333-H9R1,24/01/2025,2025,2024/25,Q4,10-Jan,20/03/2025,2025,2024/25,Q4,12-Mar,"Finance, insurance and credit",Accountancy and Payroll,Anon DC,Informal action taken,Breach recorded - regulatory action criteria not met,Advice given,Yes
Completed,GDPR,IC-371236-X6P0,17/03/2025,2025,2024/25,Q4,12-Mar,20/03/2025,2025,2024/25,Q4,12-Mar,Education and childcare,Academy and Free Schools,Broadway Academy,Informal action taken,Breach recorded - regulatory action criteria not met,Advice given,No
Completed,GDPR,IC-371201-W5N4,17/03/2025,2025,2024/25,Q4,12-Mar,20/03/2025,2025,2024/25,Q4,12-Mar,Justice,Police Forces,Chief Constable Gwent Police,Informal action taken,Breach recorded - regulatory action criteria not met,Advice given,No
Completed,GDPR,IC-370027-K0R1,12/03/2025,2025,2024/25,Q4,12-Mar,20/03/2025,2025,2024/25,Q4,12-Mar,Local government,District Council,City of Lincoln Council,Informal action taken,Breach recorded - regulatory action criteria not met,Advice given,No
Completed,GDPR,IC-368225-Y2G0,05/03/2025,2025,2024/25,Q4,12-Mar,20/03/2025,2025,2024/25,Q4,12-Mar,Local government,"Unitary Authority (London Borough, Mets and Councils in Scotland and Wales)",Cornwall Council,Informal action taken,Breach recorded - regulatory action criteria not met,Advice given,No
Completed,GDPR,IC-304327-P5J7,01/05/2024,2024,2024/25,Q1,02-May,20/03/2025,2025,2024/25,Q4,12-Mar,Charitable and voluntary,Local charities,Derbyshire Positive Support,Informal action taken,Breach recorded - regulatory action criteria not met,Advice given,No
Completed,GDPR,IC-304841-R6T0,03/05/2024,2024,2024/25,Q1,02-May,20/03/2025,2025,2024/25,Q4,12-Mar,Charitable and voluntary,Local charities,Derbyshire Positive Support,Informal action taken,Breach recorded - regulatory action criteria not met,Advice given,No
Completed,GDPR,IC-370633-Z8D6,14/03/2025,2025,2024/25,Q4,12-Mar,20/03/2025,2025,2024/25,Q4,12-Mar,Charitable and voluntary,Local charities,Foundations What Works For Children And Families,Informal action taken,Breach recorded - regulatory action criteria not met,Advice given,No
Completed,GDPR,IC-371557-R2G5,19/03/2025,2025,2024/25,Q4,12-Mar,20/03/2025,2025,2024/25,Q4,12-Mar,Local government,"Unitary Authority (London Borough, Mets and Councils in Scotland and Wales)",Gateshead Metropolitan Borough Council,Informal action taken,Breach recorded - regulatory action criteria not met,Advice given,No
Completed,GDPR,IC-371503-P3P9,19/03/2025,2025,2024/25,Q4,12-Mar,20/03/2025,2025,2024/25,Q4,12-Mar,"Finance, insurance and credit",Financial services and advice,Handelsbanken Wealth & Asset Management Limited,Informal action taken,Breach recorded - regulatory action criteria not met,Advice given,No
Completed,GDPR,IC-371544-X0S3,19/03/2025,2025,2024/25,Q4,12-Mar,20/03/2025,2025,2024/25,Q4,12-Mar,Local government,"Unitary Authority (London Borough, Mets and Councils in Scotland and Wales)",HM Coroner for London Inner South Coroner's Court,Informal action taken,Breach recorded - regulatory action criteria not met,Advice given,No
Completed,GDPR,IC-369416-M7G7,11/03/2025,2025,2024/25,Q4,12-Mar,20/03/2025,2025,2024/25,Q4,12-Mar,Social care,Residential care,Insight Care Services Ltd ,Informal action taken,Breach recorded - regulatory action criteria not met,Advice given,No
Completed,GDPR,IC-371243-G1K4,18/03/2025,2025,2024/25,Q4,12-Mar,20/03/2025,2025,2024/25,Q4,12-Mar,Local government,"Unitary Authority (London Borough, Mets and Councils in Scotland and Wales)",Isle of Wight Council,Informal action taken,Breach recorded - regulatory action criteria not met,Advice given,No
Completed,GDPR,IC-371447-L7W7,18/03/2025,2025,2024/25,Q4,12-Mar,20/03/2025,2025,2024/25,Q4,12-Mar,Political,Political Party,Labour Party,Informal action taken,Breach recorded - regulatory action criteria not met,Advice given,No
Completed,GDPR,IC-370207-Q3F4,13/03/2025,2025,2024/25,Q4,12-Mar,20/03/2025,2025,2024/25,Q4,12-Mar,Education and childcare,Maintained schools,Little Ilford School,Informal action taken,Breach recorded - regulatory action criteria not met,Advice given,No
Completed,GDPR,IC-365805-T2R7,21/02/2025,2025,2024/25,Q4,11-Feb,20/03/2025,2025,2024/25,Q4,12-Mar,Land or property services,Property management,London Residential Management Limited,Informal action taken,Breach recorded - regulatory action criteria not met,Advice given,No
Completed,GDPR,IC-369782-R6R6,11/03/2025,2025,2024/25,Q4,12-Mar,20/03/2025,2025,2024/25,Q4,12-Mar,Retail and manufacture,Supplier of services,MOPA21 Consultancy Limited,Informal action taken,Breach recorded - regulatory action criteria not met,Advice given,No
Completed,GDPR,IC-371141-Y7M0,18/03/2025,2025,2024/25,Q4,12-Mar,20/03/2025,2025,2024/25,Q4,12-Mar,Legal,Legal professionals,MSB Solicitors,Informal action taken,Breach recorded - regulatory action criteria not met,Advice given,Yes
Completed,GDPR,IC-370620-S2B5,14/03/2025,2025,2024/25,Q4,12-Mar,20/03/2025,2025,2024/25,Q4,12-Mar,Social care,Independent Social Worker,Northamptonshire Children's Trust Limited,Informal action taken,Breach recorded - regulatory action criteria not met,Advice given,No
Completed,GDPR,IC-368477-V1D0,06/03/2025,2025,2024/25,Q4,12-Mar,20/03/2025,2025,2024/25,Q4,12-Mar,Health,Dentists,SDC Clinics Limited,Informal action taken,Breach recorded - regulatory action criteria not met,Advice given,No
Completed,GDPR,IC-355275-G0S2,13/01/2025,2025,2024/25,Q4,10-Jan,20/03/2025,2025,2024/25,Q4,12-Mar,Central Government,Government Department,Secretary of State for the Home Department (Home Office),Informal action taken,Breach recorded - regulatory action criteria not met,Advice given,No
Completed,GDPR,IC-297769-L3G2,31/03/2024,2024,2023/24,Q4,12-Mar,20/03/2025,2025,2024/25,Q4,12-Mar,Education and childcare,Unassigned,Sylvia Young Theatre School,Informal action taken,Breach recorded - regulatory action criteria not met,Advice given,No
Completed,GDPR,IC-371474-D0X9,20/03/2025,2025,2024/25,Q4,12-Mar,20/03/2025,2025,2024/25,Q4,12-Mar,Online Technology and Telecoms,Service providers,The Litmus Partnership Limited,Informal action taken,Breach recorded - regulatory action criteria not met,Advice given,Yes
Completed,GDPR,IC-371370-F2X0,19/03/2025,2025,2024/25,Q4,12-Mar,20/03/2025,2025,2024/25,Q4,12-Mar,Health,Dentists,Together Dental,Informal action taken,Breach recorded - regulatory action criteria not met,Advice given,No
Completed,GDPR,IC-371409-X1R3,19/03/2025,2025,2024/25,Q4,12-Mar,20/03/2025,2025,2024/25,Q4,12-Mar,Legal,Legal professionals,Tuckers Solicitors,Informal action taken,Breach recorded - regulatory action criteria not met,Advice given,No
Completed,GDPR,IC-371440-C9F9,19/03/2025,2025,2024/25,Q4,12-Mar,20/03/2025,2025,2024/25,Q4,12-Mar,Legal,Legal professionals,Tuckers Solicitors,Informal action taken,Breach recorded - regulatory action criteria not met,Advice given,No
Completed,GDPR,IC-371311-D6C0,19/03/2025,2025,2024/25,Q4,12-Mar,20/03/2025,2025,2024/25,Q4,12-Mar,Legal,Unassigned,Veritas Law Ltd,Informal action taken,Breach recorded - regulatory action criteria not met,Advice given,Yes
Completed,GDPR,IC-371073-F7C6,17/03/2025,2025,2024/25,Q4,12-Mar,20/03/2025,2025,2024/25,Q4,12-Mar,General business,Recruitment agencies,Verve Homecare Ltd,Informal action taken,Breach recorded - regulatory action criteria not met,Advice given,No
Completed,GDPR,IC-371622-X9Q2,18/03/2025,2025,2024/25,Q4,12-Mar,20/03/2025,2025,2024/25,Q4,12-Mar,Membership association,Employment and Trade Unions,Wiltshire Constabulary Police Federation,Informal action taken,Breach recorded - regulatory action criteria not met,Advice given,No
Completed,GDPR,IC-363414-Q9L7,13/02/2025,2025,2024/25,Q4,11-Feb,20/03/2025,2025,2024/25,Q4,12-Mar,Education and childcare,Academy and Free Schools,Heathfield School,No Further Action,Not PDB,Unassigned,Yes
Completed,GDPR,IC-371529-L1Q1,19/03/2025,2025,2024/25,Q4,12-Mar,20/03/2025,2025,2024/25,Q4,12-Mar,Land or property services,Unassigned,Yukon Property Development Limited,No Further Action,Not PDB,Unassigned,No
Completed,GDPR,IC-370288-P7C0,13/03/2025,2025,2024/25,Q4,12-Mar,21/03/2025,2025,2024/25,Q4,12-Mar,"Finance, insurance and credit",Unassigned,Accountico Ltd,Informal action taken,Breach recorded - regulatory action criteria not met,Advice given,No
Completed,GDPR,IC-371671-P3B8,20/03/2025,2025,2024/25,Q4,12-Mar,21/03/2025,2025,2024/25,Q4,12-Mar,Retail and manufacture,Supplier of goods,Ace And Tate Uk Ltd,Informal action taken,Breach recorded - regulatory action criteria not met,Advice given,No
Completed,GDPR,IC-369934-J3S6,12/03/2025,2025,2024/25,Q4,12-Mar,21/03/2025,2025,2024/25,Q4,12-Mar,Social care,Domiciliary care,Alternative Futures Group Limited,Informal action taken,Breach recorded - regulatory action criteria not met,Advice given,No
Completed,GDPR,IC-370384-L7G4,14/03/2025,2025,2024/25,Q4,12-Mar,21/03/2025,2025,2024/25,Q4,12-Mar,Religious,Religious organisations,Archdiocese of Liverpool,Informal action taken,Breach recorded - regulatory action criteria not met,Advice given,Yes
Completed,GDPR,IC-370341-D0K9,14/03/2025,2025,2024/25,Q4,12-Mar,21/03/2025,2025,2024/25,Q4,12-Mar,Land or property services,Estate agency / letting agency,Arun Estate Agencies Ltd,Informal action taken,Breach recorded - regulatory action criteria not met,Advice given,No
Completed,GDPR,IC-370518-Q7F6,14/03/2025,2025,2024/25,Q4,12-Mar,21/03/2025,2025,2024/25,Q4,12-Mar,Marketing,Unassigned,Chorus Arts,Informal action taken,Breach recorded - regulatory action criteria not met,Advice given,No
Completed,GDPR,IC-370581-R1H3,14/03/2025,2025,2024/25,Q4,12-Mar,21/03/2025,2025,2024/25,Q4,12-Mar,Health,General Practitioner,Clevedon Medical Centre,Informal action taken,Breach recorded - regulatory action criteria not met,Advice given,No
Completed,GDPR,IC-371658-F5D1,19/03/2025,2025,2024/25,Q4,12-Mar,21/03/2025,2025,2024/25,Q4,12-Mar,Local government,"Unitary Authority (London Borough, Mets and Councils in Scotland and Wales)",Cornwall Council,Informal action taken,Breach recorded - regulatory action criteria not met,Advice given,No
Completed,GDPR,IC-371634-G2R7,19/03/2025,2025,2024/25,Q4,12-Mar,21/03/2025,2025,2024/25,Q4,12-Mar,Online Technology and Telecoms,Service providers,Delt Shared Services Ltd,Informal action taken,Breach recorded - regulatory action criteria not met,Advice given,No
Completed,GDPR,IC-369773-B5L5,11/03/2025,2025,2024/25,Q4,12-Mar,21/03/2025,2025,2024/25,Q4,12-Mar,Local government,"Unitary Authority (London Borough, Mets and Councils in Scotland and Wales)",Derby City Council,Informal action taken,Breach recorded - regulatory action criteria not met,Advice given,No
Completed,GDPR,IC-370754-V9P3,17/03/2025,2025,2024/25,Q4,12-Mar,21/03/2025,2025,2024/25,Q4,12-Mar,Social care,Unassigned,Elia Ciucurita Therapy,Informal action taken,Breach recorded - regulatory action criteria not met,Advice given,No
Completed,GDPR,IC-371669-H1K2,20/03/2025,2025,2024/25,Q4,12-Mar,21/03/2025,2025,2024/25,Q4,12-Mar,"Finance, insurance and credit",Financial services and advice,Elysian Finance Limited,Informal action taken,Breach recorded - regulatory action criteria not met,Advice given,No
Completed,GDPR,IC-371567-J7S7,20/03/2025,2025,2024/25,Q4,12-Mar,21/03/2025,2025,2024/25,Q4,12-Mar,Legal,Barristers,Enterprise Chambers,Informal action taken,Breach recorded - regulatory action criteria not met,Advice given,Yes
Completed,GDPR,IC-370267-Y8W4,14/03/2025,2025,2024/25,Q4,12-Mar,21/03/2025,2025,2024/25,Q4,12-Mar,General business,Unassigned,ESP Global Services Limited,Informal action taken,Breach recorded - regulatory action criteria not met,Advice given,No
Completed,GDPR,IC-371655-X1W9,19/03/2025,2025,2024/25,Q4,12-Mar,21/03/2025,2025,2024/25,Q4,12-Mar,Health,Private Healthcare providers,ExamenLab Ltd,Informal action taken,Breach recorded - regulatory action criteria not met,Advice given,No
Completed,GDPR,IC-370975-P1Y7,17/03/2025,2025,2024/25,Q4,12-Mar,21/03/2025,2025,2024/25,Q4,12-Mar,"Finance, insurance and credit",Unassigned,Finli Thames Valley,Informal action taken,Breach recorded - regulatory action criteria not met,Advice given,No
Completed,GDPR,IC-370690-T0T3,14/03/2025,2025,2024/25,Q4,12-Mar,21/03/2025,2025,2024/25,Q4,12-Mar,Social care,Residential care,Footsteps A Path To Change 08 Limited,Informal action taken,Breach recorded - regulatory action criteria not met,Advice given,No
Completed,GDPR,IC-371647-C0T1,19/03/2025,2025,2024/25,Q4,12-Mar,21/03/2025,2025,2024/25,Q4,12-Mar,"Finance, insurance and credit",Accountancy and Payroll,Forge Accountancy,Informal action taken,Breach recorded - regulatory action criteria not met,Advice given,No
Completed,GDPR,IC-371469-W5R1,18/03/2025,2025,2024/25,Q4,12-Mar,21/03/2025,2025,2024/25,Q4,12-Mar,Education and childcare,Academy and Free Schools,Future Schools Trust,Informal action taken,Breach recorded - regulatory action criteria not met,Advice given,No
Completed,GDPR,IC-371756-H4W7,21/03/2025,2025,2024/25,Q4,12-Mar,21/03/2025,2025,2024/25,Q4,12-Mar,Land or property services,Building and property construction,GIA Surveyors Ltd,Informal action taken,Breach recorded - regulatory action criteria not met,Advice given,Yes
Completed,GDPR,IC-371682-D7H6,19/03/2025,2025,2024/25,Q4,12-Mar,21/03/2025,2025,2024/25,Q4,12-Mar,Education and childcare,Academy and Free Schools,Girls' Day School Trust,Informal action taken,Breach recorded - regulatory action criteria not met,Advice given,No
Completed,GDPR,IC-367634-S2M0,03/03/2025,2025,2024/25,Q4,12-Mar,21/03/2025,2025,2024/25,Q4,12-Mar,Health,Secondary care,Greater Manchester Mental Health NHS Foundation Trust,Informal action taken,Breach recorded - regulatory action criteria not met,Advice given,No
Completed,GDPR,IC-371169-V3Q7,18/03/2025,2025,2024/25,Q4,12-Mar,21/03/2025,2025,2024/25,Q4,12-Mar,Retail and manufacture,Supplier of goods,Greggs Plc,Informal action taken,Breach recorded - regulatory action criteria not met,Advice given,No
Completed,GDPR,IC-371581-G4Z1,19/03/2025,2025,2024/25,Q4,12-Mar,21/03/2025,2025,2024/25,Q4,12-Mar,Health,Secondary care,Leeds and York Partnership NHS Foundation Trust,Informal action taken,Breach recorded - regulatory action criteria not met,Advice given,No
Completed,GDPR,IC-371633-Y9K9,19/03/2025,2025,2024/25,Q4,12-Mar,21/03/2025,2025,2024/25,Q4,12-Mar,Health,Secondary care,Leeds and York Partnership NHS Foundation Trust,Informal action taken,Breach recorded - regulatory action criteria not met,Advice given,No
Completed,GDPR,IC-371651-J8T1,20/03/2025,2025,2024/25,Q4,12-Mar,21/03/2025,2025,2024/25,Q4,12-Mar,Religious,Religious organisations,Makor Hayim,Informal action taken,Breach recorded - regulatory action criteria not met,Advice given,No
Completed,GDPR,IC-370369-B4X0,14/03/2025,2025,2024/25,Q4,12-Mar,21/03/2025,2025,2024/25,Q4,12-Mar,"Finance, insurance and credit",Unassigned,Marble Financial Planning,Informal action taken,Breach recorded - regulatory action criteria not met,Advice given,Yes
Completed,GDPR,IC-371441-Z5J8,18/03/2025,2025,2024/25,Q4,12-Mar,21/03/2025,2025,2024/25,Q4,12-Mar,Education and childcare,Academy and Free Schools,Nexus Education Schools Trust,Informal action taken,Breach recorded - regulatory action criteria not met,Advice given,No
Completed,GDPR,IC-367392-S7Q6,02/03/2025,2025,2024/25,Q4,12-Mar,21/03/2025,2025,2024/25,Q4,12-Mar,Local government,"Parish, community and town councils",North Tawton Town Council,Informal action taken,Breach recorded - regulatory action criteria not met,Advice given,No
Completed,GDPR,IC-371615-D5M2,18/03/2025,2025,2024/25,Q4,12-Mar,21/03/2025,2025,2024/25,Q4,12-Mar,Health,Ambulance Service,North West Ambulance Service NHS Trust,Informal action taken,Breach recorded - regulatory action criteria not met,Advice given,No
Completed,GDPR,IC-371771-B1F1,21/03/2025,2025,2024/25,Q4,12-Mar,21/03/2025,2025,2024/25,Q4,12-Mar,"Finance, insurance and credit",Accountancy and Payroll,Place Campbell,Informal action taken,Breach recorded - regulatory action criteria not met,Advice given,Yes
Completed,GDPR,IC-370442-R0Q1,14/03/2025,2025,2024/25,Q4,12-Mar,21/03/2025,2025,2024/25,Q4,12-Mar,Media,Unassigned,Playful GM Limited,Informal action taken,Breach recorded - regulatory action criteria not met,Advice given,No
Completed,GDPR,IC-371668-X9G1,19/03/2025,2025,2024/25,Q4,12-Mar,21/03/2025,2025,2024/25,Q4,12-Mar,Local government,"Unitary Authority (London Borough, Mets and Councils in Scotland and Wales)",Portsmouth City Council,Informal action taken,Breach recorded - regulatory action criteria not met,Advice given,No
Completed,GDPR,IC-371639-P7K7,19/03/2025,2025,2024/25,Q4,12-Mar,21/03/2025,2025,2024/25,Q4,12-Mar,Health,Secondary care,Prime Life Limited,Informal action taken,Breach recorded - regulatory action criteria not met,Advice given,No
Completed,GDPR,IC-371665-Z0C7,19/03/2025,2025,2024/25,Q4,12-Mar,21/03/2025,2025,2024/25,Q4,12-Mar,Health,General Practitioner,Railway Medical Group,Informal action taken,Breach recorded - regulatory action criteria not met,Advice given,No
Completed,GDPR,IC-370532-K6F9,14/03/2025,2025,2024/25,Q4,12-Mar,21/03/2025,2025,2024/25,Q4,12-Mar,Legal,Legal professionals,Ramsdens Solicitors LLP,Informal action taken,Breach recorded - regulatory action criteria not met,Advice given,No
Completed,GDPR,IC-370520-W8P8,14/03/2025,2025,2024/25,Q4,12-Mar,21/03/2025,2025,2024/25,Q4,12-Mar,Land or property services,Estate agency / letting agency,Robert Irving Burns Limited,Informal action taken,Breach recorded - regulatory action criteria not met,Advice given,Yes
Completed,GDPR,IC-371673-Q0G3,19/03/2025,2025,2024/25,Q4,12-Mar,21/03/2025,2025,2024/25,Q4,12-Mar,"Finance, insurance and credit",Financial services and advice,Rosemount Independent Financial Advisers Ltd,Informal action taken,Breach recorded - regulatory action criteria not met,Advice given,No
Completed,GDPR,IC-370109-C8N3,13/03/2025,2025,2024/25,Q4,12-Mar,21/03/2025,2025,2024/25,Q4,12-Mar,Education and childcare,Academy and Free Schools,Sandhurst School,Informal action taken,Breach recorded - regulatory action criteria not met,Advice given,No
Completed,GDPR,IC-370595-Y0M2,17/03/2025,2025,2024/25,Q4,12-Mar,21/03/2025,2025,2024/25,Q4,12-Mar,Health,Secondary care,South London & Maudsley NHS Foundation Trust,Informal action taken,Breach recorded - regulatory action criteria not met,Advice given,No
Completed,GDPR,IC-371698-C4B2,19/03/2025,2025,2024/25,Q4,12-Mar,21/03/2025,2025,2024/25,Q4,12-Mar,Education and childcare,"Nursery, playgroups and After School club",Super Strike (Fundraisers) Limited,Informal action taken,Breach recorded - regulatory action criteria not met,Advice given,No
Completed,GDPR,IC-370177-C1R6,13/03/2025,2025,2024/25,Q4,12-Mar,21/03/2025,2025,2024/25,Q4,12-Mar,Membership association,Clubs,The AF Group Limited ,Informal action taken,Breach recorded - regulatory action criteria not met,Advice given,No
Completed,GDPR,IC-370624-C1W6,14/03/2025,2025,2024/25,Q4,12-Mar,21/03/2025,2025,2024/25,Q4,12-Mar,Health,General Practitioner,The Maryhill Group Practice ,Informal action taken,Breach recorded - regulatory action criteria not met,Advice given,No
Completed,GDPR,IC-365397-V1M0,21/02/2025,2025,2024/25,Q4,11-Feb,21/03/2025,2025,2024/25,Q4,12-Mar,Education and childcare,Higher education,The Open University,Informal action taken,Breach recorded - regulatory action criteria not met,Advice given,No
Completed,GDPR,IC-370110-B1H2,13/03/2025,2025,2024/25,Q4,12-Mar,21/03/2025,2025,2024/25,Q4,12-Mar,Education and childcare,Academy and Free Schools,The Rodillian Multi Academy Trust,Informal action taken,Breach recorded - regulatory action criteria not met,Advice given,No
Completed,GDPR,IC-371649-W7S0,19/03/2025,2025,2024/25,Q4,12-Mar,21/03/2025,2025,2024/25,Q4,12-Mar,Transport and leisure,Leisure centres and gyms,The Third Space Group Limited,Informal action taken,Breach recorded - regulatory action criteria not met,Advice given,No
Completed,GDPR,IC-370158-S8C9,13/03/2025,2025,2024/25,Q4,12-Mar,21/03/2025,2025,2024/25,Q4,12-Mar,Health,Secondary care,Torbay and South Devon NHS Foundation Trust,Informal action taken,Breach recorded - regulatory action criteria not met,Advice given,No
Completed,GDPR,IC-370246-S5B8,13/03/2025,2025,2024/25,Q4,12-Mar,21/03/2025,2025,2024/25,Q4,12-Mar,Legal,Legal professionals,Tuckers Solicitors LLP,Informal action taken,Breach recorded - regulatory action criteria not met,Advice given,No
Completed,GDPR,IC-370851-F9M2,17/03/2025,2025,2024/25,Q4,12-Mar,21/03/2025,2025,2024/25,Q4,12-Mar,Education and childcare,Further education,Tyne Coast College,Informal action taken,Breach recorded - regulatory action criteria not met,Advice given,No
Completed,GDPR,IC-370777-Z9C2,17/03/2025,2025,2024/25,Q4,12-Mar,21/03/2025,2025,2024/25,Q4,12-Mar,Land or property services,Property management,Uni 2 Rent Ltd,Informal action taken,Breach recorded - regulatory action criteria not met,Advice given,No
Completed,GDPR,IC-371670-F3B0,20/03/2025,2025,2024/25,Q4,12-Mar,21/03/2025,2025,2024/25,Q4,12-Mar,Retail and manufacture,Manufacturing,Weetabix Limited,Informal action taken,Breach recorded - regulatory action criteria not met,Advice given,No
Completed,GDPR,IC-371637-Y5J1,19/03/2025,2025,2024/25,Q4,12-Mar,21/03/2025,2025,2024/25,Q4,12-Mar,"Finance, insurance and credit",Debt collection/tracing,Whipps Enforcement Agents LTD ,Informal action taken,Breach recorded - regulatory action criteria not met,Advice given,No
Completed,GDPR,IC-370674-F5K0,14/03/2025,2025,2024/25,Q4,12-Mar,21/03/2025,2025,2024/25,Q4,12-Mar,"Finance, insurance and credit",Financial services and advice,World First UK Ltd,Informal action taken,Breach recorded - regulatory action criteria not met,Advice given,No
Completed,GDPR,IC-370988-P9C0,17/03/2025,2025,2024/25,Q4,12-Mar,21/03/2025,2025,2024/25,Q4,12-Mar,"Finance, insurance and credit",Insurance,Canopius Services Limited,No Further Action,Breach recorded - regulatory action criteria not met,Unassigned,Yes
Completed,GDPR,IC-361603-T9P2,06/02/2025,2025,2024/25,Q4,11-Feb,21/03/2025,2025,2024/25,Q4,12-Mar,Local government,"Parish, community and town councils",Clevedon Town Council,No Further Action,Not PDB,Unassigned,No
Completed,GDPR,IC-365862-Y0J9,22/02/2025,2025,2024/25,Q4,11-Feb,21/03/2025,2025,2024/25,Q4,12-Mar,Local government,"Parish, community and town councils",Clevedon Town Council,No Further Action,Not PDB,Unassigned,No
Completed,GDPR,IC-371018-R4M3,15/03/2025,2025,2024/25,Q4,12-Mar,21/03/2025,2025,2024/25,Q4,12-Mar,Land or property services,Estate agency / letting agency,Cygnet Properties and Leisure Plc,No Further Action,Breach recorded - regulatory action criteria not met,Unassigned,Yes
Completed,GDPR,IC-371764-F4L7,19/03/2025,2025,2024/25,Q4,12-Mar,21/03/2025,2025,2024/25,Q4,12-Mar,Central Government,Government Department,Department Of Justice,No Further Action,Not PDB,Unassigned,No
Completed,GDPR,IC-370759-Q3P5,17/03/2025,2025,2024/25,Q4,12-Mar,21/03/2025,2025,2024/25,Q4,12-Mar,"Finance, insurance and credit",Accountancy and Payroll,Eesibookkeeping Ltd,No Further Action,Breach recorded - regulatory action criteria not met,Unassigned,Yes
Completed,GDPR,IC-362755-M0L1,12/02/2025,2025,2024/25,Q4,11-Feb,21/03/2025,2025,2024/25,Q4,12-Mar,Retail and manufacture,Supplier of goods,Eurilait Limited,No Further Action,Breach recorded - regulatory action criteria not met,Unassigned,Yes
Completed,GDPR,IC-371779-J1F9,21/03/2025,2025,2024/25,Q4,12-Mar,21/03/2025,2025,2024/25,Q4,12-Mar,"Finance, insurance and credit",Accountancy and Payroll,KVB Limited ,No Further Action,Not PDB,Unassigned,Yes
Completed,GDPR,IC-371124-B9V4,17/03/2025,2025,2024/25,Q4,12-Mar,21/03/2025,2025,2024/25,Q4,12-Mar,Retail and manufacture,Supplier of goods,Levi Strauss & Co Europe BV,No Further Action,Breach recorded - regulatory action criteria not met,Unassigned,Yes
Completed,GDPR,IC-360752-X3H2,03/02/2025,2025,2024/25,Q4,11-Feb,21/03/2025,2025,2024/25,Q4,12-Mar,Land or property services,Property management,Nestor Group Limited,No Further Action,Breach recorded - regulatory action criteria not met,Unassigned,Don't know
Completed,GDPR,IC-370968-M9D3,18/03/2025,2025,2024/25,Q4,12-Mar,21/03/2025,2025,2024/25,Q4,12-Mar,Retail and manufacture,Manufacturing,Q-Railing Europe Holding Gmbh Uk Branch,No Further Action,Breach recorded - regulatory action criteria not met,Unassigned,Yes
Completed,GDPR,IC-370819-P3C7,17/03/2025,2025,2024/25,Q4,12-Mar,21/03/2025,2025,2024/25,Q4,12-Mar,Land or property services,Building and property construction,Richard Griffiths Architects Limited,No Further Action,Breach recorded - regulatory action criteria not met,Unassigned,Yes
Completed,GDPR,IC-365136-R2D5,19/02/2025,2025,2024/25,Q4,11-Feb,21/03/2025,2025,2024/25,Q4,12-Mar,Retail and manufacture,Supplier of goods,Speciality Drinks Limited,No Further Action,Breach recorded - regulatory action criteria not met,Unassigned,Yes
Completed,GDPR,IC-371132-J7T3,18/03/2025,2025,2024/25,Q4,12-Mar,21/03/2025,2025,2024/25,Q4,12-Mar,Retail and manufacture,Manufacturing,The Norton Motorcycle Co. Limited,No Further Action,Breach recorded - regulatory action criteria not met,Unassigned,Yes
Completed,GDPR,IC-371710-D9R1,20/03/2025,2025,2024/25,Q4,12-Mar,21/03/2025,2025,2024/25,Q4,12-Mar,"Finance, insurance and credit",Financial services and advice,Valutrades Limited,No Further Action,Breach recorded - regulatory action criteria not met,Unassigned,Yes
Completed,GDPR,IC-370837-R3F6,17/03/2025,2025,2024/25,Q4,12-Mar,21/03/2025,2025,2024/25,Q4,12-Mar,Retail and manufacture,Supplier of services,"VilCap, Inc.",No Further Action,Breach recorded - regulatory action criteria not met,Unassigned,Yes
Completed,GDPR,IC-371184-K0J8,18/03/2025,2025,2024/25,Q4,12-Mar,24/03/2025,2025,2024/25,Q4,12-Mar,Social care,Unassigned,Almond Blossom Care,Informal action taken,Breach recorded - regulatory action criteria not met,Advice given,No
Completed,GDPR,IC-371161-T2H9,18/03/2025,2025,2024/25,Q4,12-Mar,24/03/2025,2025,2024/25,Q4,12-Mar,"Finance, insurance and credit",Unassigned,Atholl Scott Ltd,Informal action taken,Breach recorded - regulatory action criteria not met,Advice given,No
Completed,GDPR,IC-370531-F6R1,14/03/2025,2025,2024/25,Q4,12-Mar,24/03/2025,2025,2024/25,Q4,12-Mar,Social care,Residential care,Care in Kent Ltd,Informal action taken,Breach recorded - regulatory action criteria not met,Advice given,Yes
Completed,GDPR,IC-371845-F0W3,19/03/2025,2025,2024/25,Q4,12-Mar,24/03/2025,2025,2024/25,Q4,12-Mar,Justice,Police Forces,Chief Constable Cheshire Constabulary,Informal action taken,Breach recorded - regulatory action criteria not met,Advice given,No
Completed,GDPR,IC-371832-P3D6,19/03/2025,2025,2024/25,Q4,12-Mar,24/03/2025,2025,2024/25,Q4,12-Mar,Health,Healthcare and pharmaceuticals,Claypath and University Medical Group,Informal action taken,Breach recorded - regulatory action criteria not met,Advice given,No
Completed,GDPR,IC-370647-K0L5,14/03/2025,2025,2024/25,Q4,12-Mar,24/03/2025,2025,2024/25,Q4,12-Mar,Charitable and voluntary,National charities,Cranstoun,Informal action taken,Breach recorded - regulatory action criteria not met,Advice given,No
Completed,GDPR,IC-372047-N6C4,21/03/2025,2025,2024/25,Q4,12-Mar,24/03/2025,2025,2024/25,Q4,12-Mar,Charitable and voluntary,National charities,Crewe YMCA Limited,Informal action taken,Breach recorded - regulatory action criteria not met,Advice given,No
Completed,GDPR,IC-371876-B6W9,20/03/2025,2025,2024/25,Q4,12-Mar,24/03/2025,2025,2024/25,Q4,12-Mar,Health,Secondary care,East & North Hertfordshire NHS Trust,Informal action taken,Breach recorded - regulatory action criteria not met,Advice given,No
Completed,GDPR,IC-371936-T4X2,20/03/2025,2025,2024/25,Q4,12-Mar,24/03/2025,2025,2024/25,Q4,12-Mar,Charitable and voluntary,Local charities,Equality and Employment Law Centre,Informal action taken,Breach recorded - regulatory action criteria not met,Advice given,No
Completed,GDPR,IC-372039-H2Y2,21/03/2025,2025,2024/25,Q4,12-Mar,24/03/2025,2025,2024/25,Q4,12-Mar,"Finance, insurance and credit",Accountancy and Payroll,Galloways Accounting Limited,Informal action taken,Breach recorded - regulatory action criteria not met,Advice given,No
Completed,GDPR,IC-371838-C3L9,20/03/2025,2025,2024/25,Q4,12-Mar,24/03/2025,2025,2024/25,Q4,12-Mar,Legal,Legal professionals,Hallett & Co,Informal action taken,Breach recorded - regulatory action criteria not met,Advice given,No
Completed,GDPR,IC-371847-D9H7,20/03/2025,2025,2024/25,Q4,12-Mar,24/03/2025,2025,2024/25,Q4,12-Mar,Charitable and voluntary,Local charities,Leukaemia UK,Informal action taken,Breach recorded - regulatory action criteria not met,Advice given,No
Completed,GDPR,IC-371840-F4N5,20/03/2025,2025,2024/25,Q4,12-Mar,24/03/2025,2025,2024/25,Q4,12-Mar,Health,Public health,Lincolnshire Partnership NHS Foundation Trust,Informal action taken,Breach recorded - regulatory action criteria not met,Advice given,No
Completed,GDPR,IC-371920-H7M4,20/03/2025,2025,2024/25,Q4,12-Mar,24/03/2025,2025,2024/25,Q4,12-Mar,Health,Secondary care,Methodist Homes,Informal action taken,Breach recorded - regulatory action criteria not met,Advice given,No
Completed,GDPR,IC-371851-G3F1,19/03/2025,2025,2024/25,Q4,12-Mar,24/03/2025,2025,2024/25,Q4,12-Mar,Charitable and voluntary,National charities,Missing People,Informal action taken,Breach recorded - regulatory action criteria not met,Advice given,No
Completed,GDPR,IC-371952-C6S3,21/03/2025,2025,2024/25,Q4,12-Mar,24/03/2025,2025,2024/25,Q4,12-Mar,"Finance, insurance and credit",Accountancy and Payroll,Myersons (CA) Limited,Informal action taken,Breach recorded - regulatory action criteria not met,Advice given,Yes
Completed,GDPR,IC-371857-K3V2,20/03/2025,2025,2024/25,Q4,12-Mar,24/03/2025,2025,2024/25,Q4,12-Mar,Health,Secondary care,NHS Grampian (Grampian Health Board),Informal action taken,Breach recorded - regulatory action criteria not met,Advice given,No
Completed,GDPR,IC-371922-Z3F5,20/03/2025,2025,2024/25,Q4,12-Mar,24/03/2025,2025,2024/25,Q4,12-Mar,Health,Secondary care,Northamptonshire Healthcare NHS Foundation Trust,Informal action taken,Breach recorded - regulatory action criteria not met,Advice given,No
Completed,GDPR,IC-372042-P0X8,21/03/2025,2025,2024/25,Q4,12-Mar,24/03/2025,2025,2024/25,Q4,12-Mar,"Finance, insurance and credit",Financial services and advice,Plend Technology Group Limited,Informal action taken,Breach recorded - regulatory action criteria not met,Advice given,No
Completed,GDPR,IC-371874-B7F1,19/03/2025,2025,2024/25,Q4,12-Mar,24/03/2025,2025,2024/25,Q4,12-Mar,Charitable and voluntary,Local charities,Rape and Sexual Abuse Support Centre Guildford,Informal action taken,Breach recorded - regulatory action criteria not met,Advice given,No
Completed,GDPR,IC-371928-H0C6,21/03/2025,2025,2024/25,Q4,12-Mar,24/03/2025,2025,2024/25,Q4,12-Mar,Education and childcare,Academy and Free Schools,Ridgeway Education Trust (Didcot Girls School),Informal action taken,Breach recorded - regulatory action criteria not met,Advice given,No
Completed,GDPR,IC-289072-N2T2,16/02/2024,2024,2023/24,Q4,11-Feb,24/03/2025,2025,2024/25,Q4,12-Mar,Legal,Scottish Advocate,Scottish Courts and Tribunals Service,Informal action taken,Breach recorded - regulatory action criteria not met,Advice given,No
Completed,GDPR,IC-312104-L3P2,04/06/2024,2024,2024/25,Q1,03-Jun,24/03/2025,2025,2024/25,Q4,12-Mar,Legal,Scottish Advocate,Scottish Courts and Tribunals Service,Informal action taken,Breach recorded - regulatory action criteria not met,Advice given,No
Completed,GDPR,IC-371898-V6S0,20/03/2025,2025,2024/25,Q4,12-Mar,24/03/2025,2025,2024/25,Q4,12-Mar,Legal,Legal professionals,Stowe Family Law LLP,Informal action taken,Breach recorded - regulatory action criteria not met,Advice given,No
Completed,GDPR,IC-372071-Y2T3,21/03/2025,2025,2024/25,Q4,12-Mar,24/03/2025,2025,2024/25,Q4,12-Mar,Charitable and voluntary,Local charities,The Philadelphia Network Limited,Informal action taken,Breach recorded - regulatory action criteria not met,Advice given,No
Completed,GDPR,IC-371929-Y7Y3,20/03/2025,2025,2024/25,Q4,12-Mar,24/03/2025,2025,2024/25,Q4,12-Mar,Legal,Legal professionals,The Priory Law Group Ltd,Informal action taken,Breach recorded - regulatory action criteria not met,Advice given,No
Completed,GDPR,IC-371949-X6P1,20/03/2025,2025,2024/25,Q4,12-Mar,24/03/2025,2025,2024/25,Q4,12-Mar,Education and childcare,Academy and Free Schools,The Sovereign Trust,Informal action taken,Breach recorded - regulatory action criteria not met,Advice given,Yes
Completed,GDPR,IC-371911-X8N2,20/03/2025,2025,2024/25,Q4,12-Mar,24/03/2025,2025,2024/25,Q4,12-Mar,Education and childcare,Community School,Vale School,Informal action taken,Breach recorded - regulatory action criteria not met,Advice given,No
Completed,GDPR,IC-372052-K6Q6,20/03/2025,2025,2024/25,Q4,12-Mar,24/03/2025,2025,2024/25,Q4,12-Mar,Retail and manufacture,Supplier of services,White Cube Ltd,Informal action taken,Breach recorded - regulatory action criteria not met,Advice given,Yes
Completed,GDPR,IC-371909-B8B4,20/03/2025,2025,2024/25,Q4,12-Mar,24/03/2025,2025,2024/25,Q4,12-Mar,Retail and manufacture,Supplier of goods,Bancroft Wines Limited,No Further Action,Breach recorded - regulatory action criteria not met,Unassigned,Yes
Completed,GDPR,IC-363048-L9N4,12/02/2025,2025,2024/25,Q4,11-Feb,24/03/2025,2025,2024/25,Q4,12-Mar,Legal,Legal professionals,Brockbank Curwen Cain & Hall Ltd,No Further Action,Breach recorded - regulatory action criteria not met,Unassigned,Yes
Completed,GDPR,IC-371877-Z1F3,20/03/2025,2025,2024/25,Q4,12-Mar,24/03/2025,2025,2024/25,Q4,12-Mar,Charitable and voluntary,Local charities,Family Support Link,No Further Action,Not PDB,Unassigned,No
Completed,GDPR,IC-371278-S6P2,19/03/2025,2025,2024/25,Q4,12-Mar,24/03/2025,2025,2024/25,Q4,12-Mar,Legal,Legal professionals,Jury O'Shea LLP,No Further Action,Breach recorded - regulatory action criteria not met,Unassigned,Yes
Completed,GDPR,IC-275833-S5S2,08/12/2023,2023,2023/24,Q3,09-Dec,24/03/2025,2025,2024/25,Q4,12-Mar,Legal,Scottish Advocate,Scottish Courts and Tribunals Service,No Further Action,Not PDB,Unassigned,No
Completed,GDPR,IC-284904-L9V8,26/01/2024,2024,2023/24,Q4,10-Jan,24/03/2025,2025,2024/25,Q4,12-Mar,Legal,Scottish Advocate,Scottish Courts and Tribunals Service,No Further Action,Not PDB,Unassigned,No
Completed,GDPR,IC-285705-V8Z8,31/01/2024,2024,2023/24,Q4,10-Jan,24/03/2025,2025,2024/25,Q4,12-Mar,Legal,Scottish Advocate,Scottish Courts and Tribunals Service,No Further Action,Not PDB,Unassigned,No
Completed,GDPR,IC-361392-Y7Z7,06/02/2025,2025,2024/25,Q4,11-Feb,24/03/2025,2025,2024/25,Q4,12-Mar,Retail and manufacture,Supplier of services,The Agency (London) Limited,No Further Action,Breach recorded - regulatory action criteria not met,Unassigned,Yes
Completed,GDPR,IC-370773-R5Z2,14/03/2025,2025,2024/25,Q4,12-Mar,24/03/2025,2025,2024/25,Q4,12-Mar,Regulators,Regulatory Body,The Financial Conduct Authority,No Further Action,Not PDB,Unassigned,No
Completed,GDPR,IC-371870-H1B1,20/03/2025,2025,2024/25,Q4,12-Mar,24/03/2025,2025,2024/25,Q4,12-Mar,"Finance, insurance and credit",Financial services and advice,Usay Business Limited,No Further Action,Breach recorded - regulatory action criteria not met,Unassigned,Yes
Completed,GDPR,IC-371347-R9Z3,19/03/2025,2025,2024/25,Q4,12-Mar,25/03/2025,2025,2024/25,Q4,12-Mar,"Finance, insurance and credit",Accountancy and Payroll,AEL Markhams Ltd,Informal action taken,Breach recorded - regulatory action criteria not met,Advice given,Yes
Completed,GDPR,IC-372125-Q7Q1,21/03/2025,2025,2024/25,Q4,12-Mar,25/03/2025,2025,2024/25,Q4,12-Mar,Legal,Legal professionals,Anon DC,Informal action taken,Breach recorded - regulatory action criteria not met,Advice given,No
Completed,GDPR,IC-372393-S2L4,22/03/2025,2025,2024/25,Q4,12-Mar,25/03/2025,2025,2024/25,Q4,12-Mar,Legal,Barristers,Anon DC,Informal action taken,Breach recorded - regulatory action criteria not met,Advice given,No
Completed,GDPR,IC-372140-Q6W8,21/03/2025,2025,2024/25,Q4,12-Mar,25/03/2025,2025,2024/25,Q4,12-Mar,Charitable and voluntary,National charities,Ark Schools,Informal action taken,Breach recorded - regulatory action criteria not met,Advice given,No
Completed,GDPR,IC-367604-S7J4,03/03/2025,2025,2024/25,Q4,12-Mar,25/03/2025,2025,2024/25,Q4,12-Mar,Health,Secondary care,Bradford District Care NHS Foundation Trust,Informal action taken,Breach recorded - regulatory action criteria not met,Advice given,No
Completed,GDPR,IC-370727-M3W2,16/03/2025,2025,2024/25,Q4,12-Mar,25/03/2025,2025,2024/25,Q4,12-Mar,Education and childcare,Unassigned,Cannon Children Services Ltd,Informal action taken,Breach recorded - regulatory action criteria not met,Advice given,No
Completed,GDPR,IC-371919-G9D9,20/03/2025,2025,2024/25,Q4,12-Mar,25/03/2025,2025,2024/25,Q4,12-Mar,Utilities,Utility companies,Castle Water Limited,Informal action taken,Breach recorded - regulatory action criteria not met,Advice given,No
Completed,GDPR,IC-372255-X2Y2,21/03/2025,2025,2024/25,Q4,12-Mar,25/03/2025,2025,2024/25,Q4,12-Mar,"Finance, insurance and credit",Financial services and advice,Chrysalis Finance Limited,Informal action taken,Breach recorded - regulatory action criteria not met,Advice given,No
Completed,GDPR,IC-371901-W1Q8,20/03/2025,2025,2024/25,Q4,12-Mar,25/03/2025,2025,2024/25,Q4,12-Mar,Land or property services,Property management,David English Ltd,Informal action taken,Breach recorded - regulatory action criteria not met,Advice given,No
Completed,GDPR,IC-372300-X4R5,21/03/2025,2025,2024/25,Q4,12-Mar,25/03/2025,2025,2024/25,Q4,12-Mar,General business,Supplier of services,EQUANS Services Limited,Informal action taken,Breach recorded - regulatory action criteria not met,Advice given,No
Completed,GDPR,IC-371680-X6Z1,19/03/2025,2025,2024/25,Q4,12-Mar,25/03/2025,2025,2024/25,Q4,12-Mar,Legal,Legal professionals,First Legal Solicitors Ltd,Informal action taken,Breach recorded - regulatory action criteria not met,Advice given,No
Completed,GDPR,IC-372427-J1J8,23/03/2025,2025,2024/25,Q4,12-Mar,25/03/2025,2025,2024/25,Q4,12-Mar,"Finance, insurance and credit",Financial services and advice,Frontline Debt Advice,Informal action taken,Breach recorded - regulatory action criteria not met,Advice given,Yes
Completed,GDPR,IC-372344-H4N2,21/03/2025,2025,2024/25,Q4,12-Mar,25/03/2025,2025,2024/25,Q4,12-Mar,Education and childcare,Further education,HRUC,Informal action taken,Breach recorded - regulatory action criteria not met,Advice given,No
Completed,GDPR,IC-370562-Z9W8,14/03/2025,2025,2024/25,Q4,12-Mar,25/03/2025,2025,2024/25,Q4,12-Mar,Retail and manufacture,Manufacturing,Jaguar Land Rover Limited,Informal action taken,Breach recorded - regulatory action criteria not met,Advice given,Yes
Completed,GDPR,IC-372132-H1H7,21/03/2025,2025,2024/25,Q4,12-Mar,25/03/2025,2025,2024/25,Q4,12-Mar,Education and childcare,Training Company,Kingdom Services Group Limited,Informal action taken,Breach recorded - regulatory action criteria not met,Advice given,No
Completed,GDPR,IC-371350-T7H0,19/03/2025,2025,2024/25,Q4,12-Mar,25/03/2025,2025,2024/25,Q4,12-Mar,Education and childcare,Academy and Free Schools,Leading Edge Academies Partnership,Informal action taken,Breach recorded - regulatory action criteria not met,Advice given,No
Completed,GDPR,IC-372075-H8D6,21/03/2025,2025,2024/25,Q4,12-Mar,25/03/2025,2025,2024/25,Q4,12-Mar,Social care,Domiciliary care,My Home Choice (Essex) Limited,Informal action taken,Breach recorded - regulatory action criteria not met,Advice given,No
Completed,GDPR,IC-365164-C8T2,20/02/2025,2025,2024/25,Q4,11-Feb,25/03/2025,2025,2024/25,Q4,12-Mar,General business,Business advice and consultancy,Nakatomi Consulting Limited,Informal action taken,Breach recorded - regulatory action criteria not met,Advice given,Yes
Completed,GDPR,IC-371435-J7D0,20/03/2025,2025,2024/25,Q4,12-Mar,25/03/2025,2025,2024/25,Q4,12-Mar,Land or property services,Unassigned,New Homes Law Ltd,Informal action taken,Breach recorded - regulatory action criteria not met,Advice given,No
Completed,GDPR,IC-371983-V7H1,21/03/2025,2025,2024/25,Q4,12-Mar,25/03/2025,2025,2024/25,Q4,12-Mar,Health,Secondary care,NHS Grampian (Grampian Health Board),Informal action taken,Breach recorded - regulatory action criteria not met,Advice given,No
Completed,GDPR,IC-371346-B8P5,19/03/2025,2025,2024/25,Q4,12-Mar,25/03/2025,2025,2024/25,Q4,12-Mar,General business,Supplier of services,Potsford Care Services ltd,Informal action taken,Breach recorded - regulatory action criteria not met,Advice given,Yes
Completed,GDPR,IC-372189-C7J2,21/03/2025,2025,2024/25,Q4,12-Mar,25/03/2025,2025,2024/25,Q4,12-Mar,Land or property services,Estate agency / letting agency,Reside Manchester Limited,Informal action taken,Breach recorded - regulatory action criteria not met,Advice given,No
Completed,GDPR,IC-371923-W6P2,20/03/2025,2025,2024/25,Q4,12-Mar,25/03/2025,2025,2024/25,Q4,12-Mar,Local government,Borough Council,Rochdale Borough Council,Informal action taken,Breach recorded - regulatory action criteria not met,Advice given,No
Completed,GDPR,IC-372128-J6V6,21/03/2025,2025,2024/25,Q4,12-Mar,25/03/2025,2025,2024/25,Q4,12-Mar,Charitable and voluntary,National charities,Royal British Legion Industries Limited,Informal action taken,Breach recorded - regulatory action criteria not met,Advice given,No
Completed,GDPR,IC-371894-N6T1,20/03/2025,2025,2024/25,Q4,12-Mar,25/03/2025,2025,2024/25,Q4,12-Mar,Transport and leisure,Passenger transport,Scotrail Trains Limited,Informal action taken,Breach recorded - regulatory action criteria not met,Advice given,No
Completed,GDPR,IC-372333-X8G7,21/03/2025,2025,2024/25,Q4,12-Mar,25/03/2025,2025,2024/25,Q4,12-Mar,Utilities,Utility companies,Severn Trent Water Limited,Informal action taken,Breach recorded - regulatory action criteria not met,Advice given,No
Completed,GDPR,IC-364924-F3C1,20/02/2025,2025,2024/25,Q4,11-Feb,25/03/2025,2025,2024/25,Q4,12-Mar,Charitable and voluntary,National charities,Shakespeare Globe Trust (The),Informal action taken,Breach recorded - regulatory action criteria not met,Advice given,Yes
Completed,GDPR,IC-372235-S9N7,21/03/2025,2025,2024/25,Q4,12-Mar,25/03/2025,2025,2024/25,Q4,12-Mar,Health,Healthcare and pharmaceuticals,St Josephs Independent Hospital Ltd,Informal action taken,Breach recorded - regulatory action criteria not met,Advice given,No
Completed,GDPR,IC-367595-Y5V7,03/03/2025,2025,2024/25,Q4,12-Mar,25/03/2025,2025,2024/25,Q4,12-Mar,Health,Unassigned,St Wulfstan Surgery,Informal action taken,Breach recorded - regulatory action criteria not met,Advice given,No
Completed,GDPR,IC-372360-C0N5,21/03/2025,2025,2024/25,Q4,12-Mar,25/03/2025,2025,2024/25,Q4,12-Mar,Central Government,Government Department,The Clerk of The House - House of Commons,Informal action taken,Breach recorded - regulatory action criteria not met,Advice given,No
Completed,GDPR,IC-372091-P4H6,21/03/2025,2025,2024/25,Q4,12-Mar,25/03/2025,2025,2024/25,Q4,12-Mar,Health,General Practitioner,The Hill Surgery,Informal action taken,Breach recorded - regulatory action criteria not met,Advice given,No
Completed,GDPR,IC-372347-H5G3,21/03/2025,2025,2024/25,Q4,12-Mar,25/03/2025,2025,2024/25,Q4,12-Mar,"Finance, insurance and credit",Pensions,The Trustees of the Cadent Gas Pension Scheme,Informal action taken,Breach recorded - regulatory action criteria not met,Advice given,No
Completed,GDPR,IC-372280-D7Z8,22/03/2025,2025,2024/25,Q4,12-Mar,25/03/2025,2025,2024/25,Q4,12-Mar,Legal,Legal professionals,True Solicitors LLP,Informal action taken,Breach recorded - regulatory action criteria not met,Advice given,No
Completed,GDPR,IC-372325-K4P3,21/03/2025,2025,2024/25,Q4,12-Mar,25/03/2025,2025,2024/25,Q4,12-Mar,"Finance, insurance and credit",Banks and Building Societies,US Bank Europe DAC,Informal action taken,Breach recorded - regulatory action criteria not met,Advice given,No
Completed,GDPR,IC-371317-R2K9,19/03/2025,2025,2024/25,Q4,12-Mar,25/03/2025,2025,2024/25,Q4,12-Mar,Legal,Legal professionals,WBW Solicitors LLP,Informal action taken,Breach recorded - regulatory action criteria not met,Advice given,No
Completed,GDPR,IC-372173-N7D2,21/03/2025,2025,2024/25,Q4,12-Mar,25/03/2025,2025,2024/25,Q4,12-Mar,Local government,"Unitary Authority (London Borough, Mets and Councils in Scotland and Wales)",West Dunbartonshire Council,Informal action taken,Breach recorded - regulatory action criteria not met,Advice given,No
Completed,GDPR,IC-371868-T2W3,20/03/2025,2025,2024/25,Q4,12-Mar,25/03/2025,2025,2024/25,Q4,12-Mar,Online Technology and Telecoms,Service providers,Wildanet Limited,Informal action taken,Breach recorded - regulatory action criteria not met,Advice given,No
Completed,GDPR,IC-371321-V2M8,19/03/2025,2025,2024/25,Q4,12-Mar,25/03/2025,2025,2024/25,Q4,12-Mar,Land or property services,Unassigned,Yukon Property Development Limited,Informal action taken,Breach recorded - regulatory action criteria not met,Advice given,No
Completed,GDPR,IC-372373-X3T7,21/03/2025,2025,2024/25,Q4,12-Mar,25/03/2025,2025,2024/25,Q4,12-Mar,Online Technology and Telecoms,Service providers,Squarespace Ireland Limited,No Further Action,Not PDB,Unassigned,No
Completed,GDPR,IC-372114-D2D8,21/03/2025,2025,2024/25,Q4,12-Mar,25/03/2025,2025,2024/25,Q4,12-Mar,Health,Secondary care,Tees Esk & Wear Valleys NHS Foundation Trust,No Further Action,Not PDB,Unassigned,No
Completed,GDPR,IC-371931-J1Q4,21/03/2025,2025,2024/25,Q4,12-Mar,26/03/2025,2025,2024/25,Q4,12-Mar,Health,General Practitioner, St Clements Surgery ,Informal action taken,Breach recorded - regulatory action criteria not met,Advice given,No
Completed,Hybrid,IC-365272-C6Z6,21/02/2025,2025,2024/25,Q4,11-Feb,26/03/2025,2025,2024/25,Q4,12-Mar,Membership association,Employment and Trade Unions,Acorn The Union Limited,Informal action taken,Breach recorded - regulatory action criteria not met,Advice given,No
Completed,GDPR,IC-372454-T4G6,24/03/2025,2025,2024/25,Q4,12-Mar,26/03/2025,2025,2024/25,Q4,12-Mar,Health,Unassigned,Aether Medical Gases Ltd,Informal action taken,Breach recorded - regulatory action criteria not met,Advice given,No
Completed,GDPR,IC-326506-Z4V1,16/08/2024,2024,2024/25,Q2,05-Aug,26/03/2025,2025,2024/25,Q4,12-Mar,Education and childcare,Private schools,ALBYN SCHOOL,Informal action taken,Breach recorded - regulatory action criteria not met,Advice given,No
Completed,GDPR,IC-372642-Y6J8,26/03/2025,2025,2024/25,Q4,12-Mar,26/03/2025,2025,2024/25,Q4,12-Mar,Education and childcare,"Nursery, playgroups and After School club",All Saints Nursery School,Informal action taken,Breach recorded - regulatory action criteria not met,Advice given,Yes
Completed,GDPR,IC-372664-F7N4,26/03/2025,2025,2024/25,Q4,12-Mar,26/03/2025,2025,2024/25,Q4,12-Mar,Retail and manufacture,Supplier of services,Andrew Morley Business Consultancy Ltd,Informal action taken,Breach recorded - regulatory action criteria not met,Advice given,Yes
Completed,GDPR,IC-372464-X5C8,24/03/2025,2025,2024/25,Q4,12-Mar,26/03/2025,2025,2024/25,Q4,12-Mar,Health,Private Healthcare providers,Anon DC,Informal action taken,Breach recorded - regulatory action criteria not met,Advice given,No
Completed,GDPR,IC-372583-Y4P2,24/03/2025,2025,2024/25,Q4,12-Mar,26/03/2025,2025,2024/25,Q4,12-Mar,Health,General Practitioner,Beechwood Surgery,Informal action taken,Breach recorded - regulatory action criteria not met,Advice given,No
Completed,GDPR,IC-372483-B6M6,24/03/2025,2025,2024/25,Q4,12-Mar,26/03/2025,2025,2024/25,Q4,12-Mar,"Finance, insurance and credit",Accountancy and Payroll,Bennett Kirkhope Smith Ltd,Informal action taken,Breach recorded - regulatory action criteria not met,Advice given,Yes
Completed,GDPR,IC-372673-J9H4,25/03/2025,2025,2024/25,Q4,12-Mar,26/03/2025,2025,2024/25,Q4,12-Mar,Membership association,Clubs,British Eventing,Informal action taken,Breach recorded - regulatory action criteria not met,Advice given,No
Completed,GDPR,IC-371724-Q4M3,19/03/2025,2025,2024/25,Q4,12-Mar,26/03/2025,2025,2024/25,Q4,12-Mar,Central Government,Government Department,Cabinet Office,Informal action taken,Breach recorded - regulatory action criteria not met,Advice given,No
Completed,GDPR,IC-372569-H8Q1,24/03/2025,2025,2024/25,Q4,12-Mar,26/03/2025,2025,2024/25,Q4,12-Mar,Justice,Police Forces,Chief Constable Wiltshire Constabulary,Informal action taken,Breach recorded - regulatory action criteria not met,Advice given,No
Completed,GDPR,IC-372318-V4K3,21/03/2025,2025,2024/25,Q4,12-Mar,26/03/2025,2025,2024/25,Q4,12-Mar,Charitable and voluntary,Local charities,Children's Links,Informal action taken,Breach recorded - regulatory action criteria not met,Advice given,No
Completed,GDPR,IC-372227-V6R9,21/03/2025,2025,2024/25,Q4,12-Mar,26/03/2025,2025,2024/25,Q4,12-Mar,Charitable and voluntary,Local charities,CHOICE IN HACKNEY,Informal action taken,Breach recorded - regulatory action criteria not met,Advice given,Yes
Completed,GDPR,IC-372498-X7T1,24/03/2025,2025,2024/25,Q4,12-Mar,26/03/2025,2025,2024/25,Q4,12-Mar,Online Technology and Telecoms,Unassigned,Compass International Limited,Informal action taken,Breach recorded - regulatory action criteria not met,Advice given,No
Completed,GDPR,IC-372566-V4P2,24/03/2025,2025,2024/25,Q4,12-Mar,26/03/2025,2025,2024/25,Q4,12-Mar,Social care,Unassigned,Core Children Ltd,Informal action taken,Breach recorded - regulatory action criteria not met,Advice given,No
Completed,GDPR,IC-372585-B9M3,24/03/2025,2025,2024/25,Q4,12-Mar,26/03/2025,2025,2024/25,Q4,12-Mar,Education and childcare,Maintained schools,Cottam Primary School,Informal action taken,Breach recorded - regulatory action criteria not met,Advice given,No
Completed,GDPR,IC-372420-H9D4,23/03/2025,2025,2024/25,Q4,12-Mar,26/03/2025,2025,2024/25,Q4,12-Mar,Charitable and voluntary,Local charities,Counselling and Family Centre,Informal action taken,Breach recorded - regulatory action criteria not met,Advice given,Yes
Completed,GDPR,IC-366198-T3C8,24/02/2025,2025,2024/25,Q4,11-Feb,26/03/2025,2025,2024/25,Q4,12-Mar,Online Technology and Telecoms,Service providers,Datel Services Limited,Informal action taken,Breach recorded - regulatory action criteria not met,Advice given,No
Completed,GDPR,IC-372712-Y8V9,26/03/2025,2025,2024/25,Q4,12-Mar,26/03/2025,2025,2024/25,Q4,12-Mar,Retail and manufacture,Supplier of goods,DQT Limited,Informal action taken,Breach recorded - regulatory action criteria not met,Advice given,Yes
Completed,GDPR,IC-372606-L3M9,24/03/2025,2025,2024/25,Q4,12-Mar,26/03/2025,2025,2024/25,Q4,12-Mar,Religious,Religious organisations,Ellesmere Port Parish,Informal action taken,Breach recorded - regulatory action criteria not met,Advice given,No
Completed,GDPR,IC-372546-V9P0,24/03/2025,2025,2024/25,Q4,12-Mar,26/03/2025,2025,2024/25,Q4,12-Mar,Education and childcare,Academy and Free Schools,Esher Sixth Form College,Informal action taken,Breach recorded - regulatory action criteria not met,Advice given,No
Completed,GDPR,IC-372700-M9S5,26/03/2025,2025,2024/25,Q4,12-Mar,26/03/2025,2025,2024/25,Q4,12-Mar,Charitable and voluntary,Unassigned,Faversham Swimming Club,Informal action taken,Breach recorded - regulatory action criteria not met,Advice given,No
Completed,GDPR,IC-372662-L8T1,24/03/2025,2025,2024/25,Q4,12-Mar,26/03/2025,2025,2024/25,Q4,12-Mar,"Finance, insurance and credit",Financial services and advice,FE Fundinfo (UK) Limited,Informal action taken,Breach recorded - regulatory action criteria not met,Advice given,No
Completed,GDPR,IC-371878-C4F9,21/03/2025,2025,2024/25,Q4,12-Mar,26/03/2025,2025,2024/25,Q4,12-Mar,Health,General Practitioner,Friar Gate Surgery,Informal action taken,Breach recorded - regulatory action criteria not met,Advice given,No
Completed,GDPR,IC-372488-S0L4,24/03/2025,2025,2024/25,Q4,12-Mar,26/03/2025,2025,2024/25,Q4,12-Mar,Regulators,Regulatory Body,General Pharmaceutical Council,Informal action taken,Breach recorded - regulatory action criteria not met,Advice given,No
Completed,GDPR,IC-370092-H0N1,12/03/2025,2025,2024/25,Q4,12-Mar,26/03/2025,2025,2024/25,Q4,12-Mar,Online Technology and Telecoms,Infrastructure and hardware providers,Groovy Gecko Ltd,Informal action taken,Breach recorded - regulatory action criteria not met,Advice given,Yes
Completed,GDPR,IC-372677-D9P5,24/03/2025,2025,2024/25,Q4,12-Mar,26/03/2025,2025,2024/25,Q4,12-Mar,Education and childcare,Maintained schools,Harris Federation ,Informal action taken,Breach recorded - regulatory action criteria not met,Advice given,No
Completed,GDPR,IC-372745-C8P1,26/03/2025,2025,2024/25,Q4,12-Mar,26/03/2025,2025,2024/25,Q4,12-Mar,General business,Recruitment agencies,Hireful Ltd,Informal action taken,Breach recorded - regulatory action criteria not met,Advice given,Yes
Completed,GDPR,IC-371996-S7V0,21/03/2025,2025,2024/25,Q4,12-Mar,26/03/2025,2025,2024/25,Q4,12-Mar,"Finance, insurance and credit",Financial services and advice,JLK Associates Ltd,Informal action taken,Breach recorded - regulatory action criteria not met,Advice given,Yes
Completed,GDPR,IC-371943-Q1C9,20/03/2025,2025,2024/25,Q4,12-Mar,26/03/2025,2025,2024/25,Q4,12-Mar,Legal,Unassigned,Ledingham Chalmers LLP,Informal action taken,Breach recorded - regulatory action criteria not met,Advice given,No
Completed,GDPR,IC-372371-H9G2,21/03/2025,2025,2024/25,Q4,12-Mar,26/03/2025,2025,2024/25,Q4,12-Mar,Land or property services,Housing association,Leeds Federated Housing Association,Informal action taken,Breach recorded - regulatory action criteria not met,Advice given,Yes
Completed,GDPR,IC-370103-Z1P2,13/03/2025,2025,2024/25,Q4,12-Mar,26/03/2025,2025,2024/25,Q4,12-Mar,Local government,"Unitary Authority (London Borough, Mets and Councils in Scotland and Wales)",London Borough of Hackney Council,Informal action taken,Breach recorded - regulatory action criteria not met,Advice given,No
Completed,GDPR,IC-372691-P5K1,25/03/2025,2025,2024/25,Q4,12-Mar,26/03/2025,2025,2024/25,Q4,12-Mar,Land or property services,Building and property construction,Malone Associates Ltd,Informal action taken,Breach recorded - regulatory action criteria not met,Advice given,Yes
Completed,Hybrid,IC-372322-P2H6,21/03/2025,2025,2024/25,Q4,12-Mar,26/03/2025,2025,2024/25,Q4,12-Mar,Transport and leisure,Parking,National Car Parks Limited ,Informal action taken,Breach recorded - regulatory action criteria not met,Advice given,No
Completed,GDPR,IC-372557-Z5H7,24/03/2025,2025,2024/25,Q4,12-Mar,26/03/2025,2025,2024/25,Q4,12-Mar,Health,General Practitioner,Northam Surgery,Informal action taken,Breach recorded - regulatory action criteria not met,Advice given,No
Completed,GDPR,IC-365155-M1R1,20/02/2025,2025,2024/25,Q4,11-Feb,26/03/2025,2025,2024/25,Q4,12-Mar,Social care,Domiciliary care,Pola Well Care Ltd,Informal action taken,Breach recorded - regulatory action criteria not met,Advice given,No
Completed,GDPR,IC-372749-V4T7,25/03/2025,2025,2024/25,Q4,12-Mar,26/03/2025,2025,2024/25,Q4,12-Mar,Education and childcare,Maintained schools,Riders Junior School,Informal action taken,Breach recorded - regulatory action criteria not met,Advice given,No
Completed,GDPR,IC-370998-L4L8,18/03/2025,2025,2024/25,Q4,12-Mar,26/03/2025,2025,2024/25,Q4,12-Mar,Transport and leisure,Unassigned,Royal Birkdale Golf Club,Informal action taken,Breach recorded - regulatory action criteria not met,Advice given,No
Completed,GDPR,IC-372528-Z5Y8,24/03/2025,2025,2024/25,Q4,12-Mar,26/03/2025,2025,2024/25,Q4,12-Mar,Education and childcare,Maintained schools,SACRED HEART ROMAN CATHOLIC PRIMARY ATHERTON,Informal action taken,Breach recorded - regulatory action criteria not met,Advice given,No
Completed,GDPR,IC-372773-Y4C1,25/03/2025,2025,2024/25,Q4,12-Mar,26/03/2025,2025,2024/25,Q4,12-Mar,Charitable and voluntary,Local charities,Scotland Yard Adventure Centre ,Informal action taken,Breach recorded - regulatory action criteria not met,Advice given,No
Completed,GDPR,IC-371903-R4H9,21/03/2025,2025,2024/25,Q4,12-Mar,26/03/2025,2025,2024/25,Q4,12-Mar,Health,General Practitioner,Southlands Medical Group,Informal action taken,Breach recorded - regulatory action criteria not met,Advice given,No
Completed,GDPR,IC-372523-F5G2,24/03/2025,2025,2024/25,Q4,12-Mar,26/03/2025,2025,2024/25,Q4,12-Mar,Health,Dentists,Springmount Dental & Aesthetics,Informal action taken,Breach recorded - regulatory action criteria not met,Advice given,Yes
Completed,GDPR,IC-372704-D2V6,25/03/2025,2025,2024/25,Q4,12-Mar,26/03/2025,2025,2024/25,Q4,12-Mar,Education and childcare,Private schools,St Peter's School,Informal action taken,Breach recorded - regulatory action criteria not met,Advice given,No
Completed,GDPR,IC-372000-X0F5,20/03/2025,2025,2024/25,Q4,12-Mar,26/03/2025,2025,2024/25,Q4,12-Mar,Education and childcare,Academy and Free Schools,Tall Oaks Academy Trust Ltd,Informal action taken,Breach recorded - regulatory action criteria not met,Advice given,No
Completed,GDPR,IC-372513-Q0Z1,24/03/2025,2025,2024/25,Q4,12-Mar,26/03/2025,2025,2024/25,Q4,12-Mar,Education and childcare,Unassigned,The Hammond School Ltd,Informal action taken,Breach recorded - regulatory action criteria not met,Advice given,No
Completed,GDPR,IC-372236-V9B7,21/03/2025,2025,2024/25,Q4,12-Mar,26/03/2025,2025,2024/25,Q4,12-Mar,Health,Secondary care,The Hospice of St Francis (Berkhamsted) Ltd,Informal action taken,Breach recorded - regulatory action criteria not met,Advice given,Yes
Completed,GDPR,IC-372392-Q9D2,21/03/2025,2025,2024/25,Q4,12-Mar,26/03/2025,2025,2024/25,Q4,12-Mar,Health,Secondary care,The National Waiting Times Centre Board,Informal action taken,Breach recorded - regulatory action criteria not met,Advice given,No
Completed,GDPR,IC-371912-M2Y1,20/03/2025,2025,2024/25,Q4,12-Mar,26/03/2025,2025,2024/25,Q4,12-Mar,Health,General Practitioner,The New Folly Surgery,Informal action taken,Breach recorded - regulatory action criteria not met,Advice given,No
Completed,GDPR,IC-372590-Z3P3,24/03/2025,2025,2024/25,Q4,12-Mar,26/03/2025,2025,2024/25,Q4,12-Mar,Religious,Religious organisations,Towy Community Church,Informal action taken,Breach recorded - regulatory action criteria not met,Advice given,No
Completed,GDPR,IC-372595-Q9X1,24/03/2025,2025,2024/25,Q4,12-Mar,26/03/2025,2025,2024/25,Q4,12-Mar,Legal,Chambers,Twenty Essex Limited,Informal action taken,Breach recorded - regulatory action criteria not met,Advice given,No
Completed,GDPR,IC-372489-W9Y6,24/03/2025,2025,2024/25,Q4,12-Mar,26/03/2025,2025,2024/25,Q4,12-Mar,Health,Secondary care,United Lincolnshire Hospitals NHS Trust,Informal action taken,Breach recorded - regulatory action criteria not met,Advice given,No
Completed,GDPR,IC-371976-C5R9,21/03/2025,2025,2024/25,Q4,12-Mar,26/03/2025,2025,2024/25,Q4,12-Mar,Retail and manufacture,Supplier of goods,Bamford Limited,No Further Action,Breach recorded - regulatory action criteria not met,Unassigned,Yes
Completed,GDPR,IC-371993-J2V1,21/03/2025,2025,2024/25,Q4,12-Mar,26/03/2025,2025,2024/25,Q4,12-Mar,Retail and manufacture,Supplier of services,Contract Production Limited,No Further Action,Breach recorded - regulatory action criteria not met,Unassigned,Yes
Completed,GDPR,IC-372257-W3C0,21/03/2025,2025,2024/25,Q4,12-Mar,26/03/2025,2025,2024/25,Q4,12-Mar,Marketing,Marketing providers,Force 24 Limited,No Further Action,Breach recorded - regulatory action criteria not met,Unassigned,No
Completed,GDPR,IC-372711-X9B0,24/03/2025,2025,2024/25,Q4,12-Mar,26/03/2025,2025,2024/25,Q4,12-Mar,Health,General Practitioner,The Evergreen Surgery,No Further Action,Not PDB,Unassigned,No
Completed,GDPR,IC-371978-C5H9,21/03/2025,2025,2024/25,Q4,12-Mar,26/03/2025,2025,2024/25,Q4,12-Mar,Education and childcare,Exam Boards,THE SCOTTISH QUALIFICATIONS AUTHORITY,No Further Action,Breach recorded - regulatory action criteria not met,Unassigned,Yes
Completed,GDPR,IC-372576-Y2G7,24/03/2025,2025,2024/25,Q4,12-Mar,27/03/2025,2025,2024/25,Q4,12-Mar,Political,Member of Parliament,Anon DC,Informal action taken,Breach recorded - regulatory action criteria not met,Advice given,No
Completed,GDPR,IC-372565-G2H0,24/03/2025,2025,2024/25,Q4,12-Mar,27/03/2025,2025,2024/25,Q4,12-Mar,Political,Member of Parliament,Anon DC,Informal action taken,Breach recorded - regulatory action criteria not met,Advice given,No
Completed,GDPR,IC-372175-V2N4,22/03/2025,2025,2024/25,Q4,12-Mar,27/03/2025,2025,2024/25,Q4,12-Mar,Legal,Barristers,Anon DC,Informal action taken,Breach recorded - regulatory action criteria not met,Advice given,Yes
Completed,GDPR,IC-372419-H0H1,23/03/2025,2025,2024/25,Q4,12-Mar,27/03/2025,2025,2024/25,Q4,12-Mar,Retail and manufacture,Supplier of services,Anon DC,Informal action taken,Breach recorded - regulatory action criteria not met,Advice given,No
Completed,GDPR,IC-372974-K4Y3,25/03/2025,2025,2024/25,Q4,12-Mar,27/03/2025,2025,2024/25,Q4,12-Mar,Justice,Police Forces,Chief Constable Wiltshire Constabulary,Informal action taken,Breach recorded - regulatory action criteria not met,Advice given,No
Completed,GDPR,IC-373030-X5X6,27/03/2025,2025,2024/25,Q4,12-Mar,27/03/2025,2025,2024/25,Q4,12-Mar,Education and childcare,Private schools,Clifton College,Informal action taken,Breach recorded - regulatory action criteria not met,Advice given,No
Completed,GDPR,IC-372870-M9B8,25/03/2025,2025,2024/25,Q4,12-Mar,27/03/2025,2025,2024/25,Q4,12-Mar,Health,Healthcare and pharmaceuticals,Coloplast Limited,Informal action taken,Breach recorded - regulatory action criteria not met,Advice given,No
Completed,GDPR,IC-367577-P6V2,04/03/2025,2025,2024/25,Q4,12-Mar,27/03/2025,2025,2024/25,Q4,12-Mar,Local government,Unassigned,County Durham and Darlington Fire and Rescue Service,Informal action taken,Breach recorded - regulatory action criteria not met,Advice given,No
Completed,GDPR,IC-373020-C7W3,25/03/2025,2025,2024/25,Q4,12-Mar,27/03/2025,2025,2024/25,Q4,12-Mar,Utilities,Utility companies,E.ON Energy Solutions,Informal action taken,Breach recorded - regulatory action criteria not met,Advice given,No
Completed,GDPR,IC-368209-L7Z1,05/03/2025,2025,2024/25,Q4,12-Mar,27/03/2025,2025,2024/25,Q4,12-Mar,Social care,Residential care,Fairfield Care (West Dorset) Ltd,Informal action taken,Breach recorded - regulatory action criteria not met,Advice given,No
Completed,GDPR,IC-372850-F3K9,25/03/2025,2025,2024/25,Q4,12-Mar,27/03/2025,2025,2024/25,Q4,12-Mar,Education and childcare,Training Company,FIRST Face to Face LTD,Informal action taken,Breach recorded - regulatory action criteria not met,Advice given,No
Completed,GDPR,IC-372994-L9S4,27/03/2025,2025,2024/25,Q4,12-Mar,27/03/2025,2025,2024/25,Q4,12-Mar,Health,Primary care,Goodheart Surgery,Informal action taken,Breach recorded - regulatory action criteria not met,Advice given,No
Completed,GDPR,IC-373045-W8N2,27/03/2025,2025,2024/25,Q4,12-Mar,27/03/2025,2025,2024/25,Q4,12-Mar,"Finance, insurance and credit",Insolvency Practitioners,Griffins,Informal action taken,Breach recorded - regulatory action criteria not met,Advice given,No
Completed,GDPR,IC-373009-X6S6,25/03/2025,2025,2024/25,Q4,12-Mar,27/03/2025,2025,2024/25,Q4,12-Mar,Social care,Residential care,Hamberley care homes Waypoints (Upton) Limited,Informal action taken,Breach recorded - regulatory action criteria not met,Advice given,No
Completed,GDPR,IC-373002-V8M9,27/03/2025,2025,2024/25,Q4,12-Mar,27/03/2025,2025,2024/25,Q4,12-Mar,Health,General Practitioner,Hucclecote Surgery,Informal action taken,Breach recorded - regulatory action criteria not met,Advice given,No
Completed,GDPR,IC-372652-W7T8,24/03/2025,2025,2024/25,Q4,12-Mar,27/03/2025,2025,2024/25,Q4,12-Mar,Health,Pharmacist,Jhoots Healthcare Limited,Informal action taken,Breach recorded - regulatory action criteria not met,Advice given,No
Completed,GDPR,IC-373046-R9X2,27/03/2025,2025,2024/25,Q4,12-Mar,27/03/2025,2025,2024/25,Q4,12-Mar,Legal,Legal professionals,Julian Taylor Solicitors,Informal action taken,Breach recorded - regulatory action criteria not met,Advice given,Yes
Completed,GDPR,IC-371960-R8W0,21/03/2025,2025,2024/25,Q4,12-Mar,27/03/2025,2025,2024/25,Q4,12-Mar,Legal,Chambers,KBG Chambers,Informal action taken,Breach recorded - regulatory action criteria not met,Advice given,Yes
Completed,GDPR,IC-373006-C5F0,25/03/2025,2025,2024/25,Q4,12-Mar,27/03/2025,2025,2024/25,Q4,12-Mar,Land or property services,Estate agency / letting agency,Michael Jones & Co. Limited,Informal action taken,Breach recorded - regulatory action criteria not met,Advice given,No
Completed,GDPR,IC-373073-J5B0,26/03/2025,2025,2024/25,Q4,12-Mar,27/03/2025,2025,2024/25,Q4,12-Mar,"Finance, insurance and credit",Financial services and advice,Moorgate Finance Limited,Informal action taken,Breach recorded - regulatory action criteria not met,Advice given,No
Completed,GDPR,IC-372899-T1L6,25/03/2025,2025,2024/25,Q4,12-Mar,27/03/2025,2025,2024/25,Q4,12-Mar,Health,Secondary care,NHS Grampian (Grampian Health Board),Informal action taken,Breach recorded - regulatory action criteria not met,Advice given,No
Completed,GDPR,IC-372912-T6R7,25/03/2025,2025,2024/25,Q4,12-Mar,27/03/2025,2025,2024/25,Q4,12-Mar,Local government,County Council,Powys County Council,Informal action taken,Breach recorded - regulatory action criteria not met,Advice given,No
Completed,GDPR,IC-372834-Q1D7,26/03/2025,2025,2024/25,Q4,12-Mar,27/03/2025,2025,2024/25,Q4,12-Mar,Retail and manufacture,Supplier of services,Prospero Group ,Informal action taken,Breach recorded - regulatory action criteria not met,Advice given,Yes
Completed,GDPR,IC-372886-V0L2,25/03/2025,2025,2024/25,Q4,12-Mar,27/03/2025,2025,2024/25,Q4,12-Mar,Charitable and voluntary,Local charities,Quarriers,Informal action taken,Breach recorded - regulatory action criteria not met,Advice given,No
Completed,GDPR,IC-372979-M0D6,27/03/2025,2025,2024/25,Q4,12-Mar,27/03/2025,2025,2024/25,Q4,12-Mar,"Finance, insurance and credit",Financial services and advice,Reed Financial Planning Limited,Informal action taken,Breach recorded - regulatory action criteria not met,Advice given,No
Completed,GDPR,IC-373054-R3Y7,26/03/2025,2025,2024/25,Q4,12-Mar,27/03/2025,2025,2024/25,Q4,12-Mar,Education and childcare,Maintained schools,Riverside Primary School,Informal action taken,Breach recorded - regulatory action criteria not met,Advice given,No
Completed,GDPR,IC-371036-N1C0,18/03/2025,2025,2024/25,Q4,12-Mar,27/03/2025,2025,2024/25,Q4,12-Mar,Health,Unassigned,Severnbank Surgery,Informal action taken,Breach recorded - regulatory action criteria not met,Advice given,No
Completed,GDPR,IC-373023-J2H8,26/03/2025,2025,2024/25,Q4,12-Mar,27/03/2025,2025,2024/25,Q4,12-Mar,Legal,Legal professionals,Solicitor Direct Limited,Informal action taken,Breach recorded - regulatory action criteria not met,Advice given,No
Completed,GDPR,IC-372682-Y4J7,24/03/2025,2025,2024/25,Q4,12-Mar,27/03/2025,2025,2024/25,Q4,12-Mar,Marketing,Marketing providers,Soprano Digital Media Ltd,Informal action taken,Breach recorded - regulatory action criteria not met,Advice given,No
Completed,GDPR,IC-372610-N3C1,24/03/2025,2025,2024/25,Q4,12-Mar,27/03/2025,2025,2024/25,Q4,12-Mar,Education and childcare,Academy and Free Schools,St Edmund Campion Catholic Primary School and Nursery,Informal action taken,Breach recorded - regulatory action criteria not met,Advice given,No
Completed,GDPR,IC-372738-Q9R4,25/03/2025,2025,2024/25,Q4,12-Mar,27/03/2025,2025,2024/25,Q4,12-Mar,Health,Pharmacist,Superdrug Stores plc,Informal action taken,Breach recorded - regulatory action criteria not met,Advice given,No
Completed,GDPR,IC-366786-V5K1,26/02/2025,2025,2024/25,Q4,11-Feb,27/03/2025,2025,2024/25,Q4,12-Mar,Land or property services,Estate agency / letting agency,Total Care and Support Limited,Informal action taken,Breach recorded - regulatory action criteria not met,Advice given,No
Completed,GDPR,IC-372957-D8V1,21/03/2025,2025,2024/25,Q4,12-Mar,27/03/2025,2025,2024/25,Q4,12-Mar,General business,Unassigned,Tun Abdul Razak Research Centre,Informal action taken,Breach recorded - regulatory action criteria not met,Advice given,Don't know
Completed,GDPR,IC-372978-J2M4,25/03/2025,2025,2024/25,Q4,12-Mar,27/03/2025,2025,2024/25,Q4,12-Mar,Local government,District Council,Woking Borough Council,Informal action taken,Breach recorded - regulatory action criteria not met,Advice given,No
Completed,GDPR,IC-372953-D3B3,26/03/2025,2025,2024/25,Q4,12-Mar,27/03/2025,2025,2024/25,Q4,12-Mar,Education and childcare,Unassigned,Ysgol Y Castell,Informal action taken,Breach recorded - regulatory action criteria not met,Advice given,No
Completed,GDPR,IC-372865-Y1N7,25/03/2025,2025,2024/25,Q4,12-Mar,27/03/2025,2025,2024/25,Q4,12-Mar,Education and childcare,Unassigned,Dorset Swim School LLP,No Further Action,Not PDB,Unassigned,No
Completed,GDPR,IC-372196-C5V5,21/03/2025,2025,2024/25,Q4,12-Mar,27/03/2025,2025,2024/25,Q4,12-Mar,Online Technology and Telecoms,Software developers,ENDURANCE ZONE LTD,No Further Action,Breach recorded - regulatory action criteria not met,Unassigned,Yes
Completed,GDPR,IC-372736-V7W7,25/03/2025,2025,2024/25,Q4,12-Mar,27/03/2025,2025,2024/25,Q4,12-Mar,Health,Secondary care,Guy's and St Thomas' NHS Foundation Trust,No Further Action,Not PDB,Unassigned,No
Completed,GDPR,IC-372898-G5J3,25/03/2025,2025,2024/25,Q4,12-Mar,27/03/2025,2025,2024/25,Q4,12-Mar,Health,Secondary care,Tees Esk & Wear Valleys NHS Foundation Trust,No Further Action,Not PDB,Unassigned,No
Completed,GDPR,IC-373228-C1R0,28/03/2025,2025,2024/25,Q4,12-Mar,28/03/2025,2025,2024/25,Q4,12-Mar,Transport and leisure,Leisure centres and gyms,3D Leisure Limited,Informal action taken,Breach recorded - regulatory action criteria not met,Advice given,No
Completed,GDPR,IC-373141-V0V2,26/03/2025,2025,2024/25,Q4,12-Mar,28/03/2025,2025,2024/25,Q4,12-Mar,Online Technology and Telecoms,Unassigned,Aire Innovate Limited,Informal action taken,Breach recorded - regulatory action criteria not met,Advice given,No
Completed,GDPR,IC-373089-V7T5,27/03/2025,2025,2024/25,Q4,12-Mar,28/03/2025,2025,2024/25,Q4,12-Mar,Local government,District Council,Bassetlaw District Council,Informal action taken,Breach recorded - regulatory action criteria not met,Advice given,No
Completed,GDPR,IC-373079-C9B8,26/03/2025,2025,2024/25,Q4,12-Mar,28/03/2025,2025,2024/25,Q4,12-Mar,Education and childcare,Further education,Bedford College,Informal action taken,Breach recorded - regulatory action criteria not met,Advice given,No
Completed,GDPR,IC-372187-F6Q0,21/03/2025,2025,2024/25,Q4,12-Mar,28/03/2025,2025,2024/25,Q4,12-Mar,Transport and leisure,Accommodation providers,Best Western Abbots Barton Hotel,Informal action taken,Breach recorded - regulatory action criteria not met,Advice given,Yes
Completed,GDPR,IC-367320-R0T6,28/02/2025,2025,2024/25,Q4,11-Feb,28/03/2025,2025,2024/25,Q4,12-Mar,Retail and manufacture,Supplier of goods,COTSWOLD FAYRE LIMITED,Informal action taken,Breach recorded - regulatory action criteria not met,Unassigned,Yes
Completed,GDPR,IC-373254-D8Q4,26/03/2025,2025,2024/25,Q4,12-Mar,28/03/2025,2025,2024/25,Q4,12-Mar,Retail and manufacture,Supplier of goods,Dick Lovett Sports Cars Limited,Informal action taken,Breach recorded - regulatory action criteria not met,Advice given,No
Completed,GDPR,IC-373150-X3F4,26/03/2025,2025,2024/25,Q4,12-Mar,28/03/2025,2025,2024/25,Q4,12-Mar,"Finance, insurance and credit",Unassigned,Embedded Finance Limited,Informal action taken,Breach recorded - regulatory action criteria not met,Advice given,No
Completed,GDPR,IC-371019-W8Z9,17/03/2025,2025,2024/25,Q4,12-Mar,28/03/2025,2025,2024/25,Q4,12-Mar,Health,General Practitioner,HALL GROVE GROUP PRACTICE,Informal action taken,Breach recorded - regulatory action criteria not met,Advice given,No
Completed,GDPR,IC-367283-Q7X5,28/02/2025,2025,2024/25,Q4,11-Feb,28/03/2025,2025,2024/25,Q4,12-Mar,Legal,Legal professionals,Hausfeld and Co LLP,Informal action taken,Breach recorded - regulatory action criteria not met,Unassigned,Yes
Completed,GDPR,IC-373097-Q5N6,27/03/2025,2025,2024/25,Q4,12-Mar,28/03/2025,2025,2024/25,Q4,12-Mar,Health,General Practitioner,Highglades Medical Centre,Informal action taken,Breach recorded - regulatory action criteria not met,Advice given,No
Completed,GDPR,IC-373026-T6T8,25/03/2025,2025,2024/25,Q4,12-Mar,28/03/2025,2025,2024/25,Q4,12-Mar,Retail and manufacture,Supplier of goods,Hobbycraft Trading Limited ,Informal action taken,Breach recorded - regulatory action criteria not met,Advice given,No
Completed,GDPR,IC-371814-G8J3,19/03/2025,2025,2024/25,Q4,12-Mar,28/03/2025,2025,2024/25,Q4,12-Mar,Regulators,Regulatory Body,Independent Commission for Reconciliation and Information Recovery,Informal action taken,Breach recorded - regulatory action criteria not met,Advice given,No
Completed,GDPR,IC-373035-G4T7,27/03/2025,2025,2024/25,Q4,12-Mar,28/03/2025,2025,2024/25,Q4,12-Mar,Local government,City Council,London Councils Limited,Informal action taken,Breach recorded - regulatory action criteria not met,Advice given,No
Completed,GDPR,IC-373301-H6B1,26/03/2025,2025,2024/25,Q4,12-Mar,28/03/2025,2025,2024/25,Q4,12-Mar,Health,Healthcare and pharmaceuticals,MediCentre Sussex,Informal action taken,Breach recorded - regulatory action criteria not met,Advice given,No
Completed,GDPR,IC-373276-F3P9,26/03/2025,2025,2024/25,Q4,12-Mar,28/03/2025,2025,2024/25,Q4,12-Mar,Education and childcare,Maintained schools,New River College,Informal action taken,Breach recorded - regulatory action criteria not met,Advice given,No
Completed,GDPR,IC-373297-H8D3,26/03/2025,2025,2024/25,Q4,12-Mar,28/03/2025,2025,2024/25,Q4,12-Mar,Charitable and voluntary,National charities,Partners in Advocacy,Informal action taken,Breach recorded - regulatory action criteria not met,Advice given,No
Completed,GDPR,IC-373317-H5Q7,26/03/2025,2025,2024/25,Q4,12-Mar,28/03/2025,2025,2024/25,Q4,12-Mar,Health,Unassigned,Pinfold Medical,Informal action taken,Breach recorded - regulatory action criteria not met,Advice given,No
Completed,GDPR,IC-373299-W6C4,28/03/2025,2025,2024/25,Q4,12-Mar,28/03/2025,2025,2024/25,Q4,12-Mar,Education and childcare,Private schools,QV Education Limited,Informal action taken,Breach recorded - regulatory action criteria not met,Advice given,No
Completed,GDPR,IC-373305-S4B9,28/03/2025,2025,2024/25,Q4,12-Mar,28/03/2025,2025,2024/25,Q4,12-Mar,Land or property services,Building and property construction,Robertson Group Limited,Informal action taken,Breach recorded - regulatory action criteria not met,Advice given,No
Completed,GDPR,IC-371392-K7R4,19/03/2025,2025,2024/25,Q4,12-Mar,28/03/2025,2025,2024/25,Q4,12-Mar,Education and childcare,Unassigned,Rose Bruford College Of Theatre & Performance Ltd,Informal action taken,Breach recorded - regulatory action criteria not met,Advice given,No
Completed,GDPR,IC-373172-T9K8,28/03/2025,2025,2024/25,Q4,12-Mar,28/03/2025,2025,2024/25,Q4,12-Mar,Charitable and voluntary,Local charities,SEALL,Informal action taken,Breach recorded - regulatory action criteria not met,Advice given,Yes
Completed,GDPR,IC-373071-P5G7,27/03/2025,2025,2024/25,Q4,12-Mar,28/03/2025,2025,2024/25,Q4,12-Mar,General business,Motor Trade,SG Petch Limited,Informal action taken,Breach recorded - regulatory action criteria not met,Advice given,Yes
Completed,GDPR,IC-373270-B3D1,26/03/2025,2025,2024/25,Q4,12-Mar,28/03/2025,2025,2024/25,Q4,12-Mar,Education and childcare,Further education,South Essex College,Informal action taken,Breach recorded - regulatory action criteria not met,Advice given,No
Completed,GDPR,IC-373306-X5R5,26/03/2025,2025,2024/25,Q4,12-Mar,28/03/2025,2025,2024/25,Q4,12-Mar,Retail and manufacture,Supplier of services,Spectra First Limited,Informal action taken,Breach recorded - regulatory action criteria not met,Advice given,No
Completed,GDPR,IC-373180-J8Q0,28/03/2025,2025,2024/25,Q4,12-Mar,28/03/2025,2025,2024/25,Q4,12-Mar,"Finance, insurance and credit",Accountancy and Payroll,TCS Management,Informal action taken,Breach recorded - regulatory action criteria not met,Advice given,Don't know
Completed,GDPR,IC-373059-J9T4,27/03/2025,2025,2024/25,Q4,12-Mar,28/03/2025,2025,2024/25,Q4,12-Mar,Unknown,Unassigned,The Linton & District History Society,Informal action taken,Breach recorded - regulatory action criteria not met,Advice given,No
Completed,GDPR,IC-373286-C7J2,26/03/2025,2025,2024/25,Q4,12-Mar,28/03/2025,2025,2024/25,Q4,12-Mar,Charitable and voluntary,National charities,The Royal Air Force Charitable Trust Enterprises,Informal action taken,Breach recorded - regulatory action criteria not met,Advice given,No
Completed,GDPR,IC-373265-L5W4,28/03/2025,2025,2024/25,Q4,12-Mar,28/03/2025,2025,2024/25,Q4,12-Mar,Education and childcare,Higher education,University of Edinburgh,Informal action taken,Breach recorded - regulatory action criteria not met,Advice given,No
Completed,GDPR,IC-373215-T7G9,26/03/2025,2025,2024/25,Q4,12-Mar,28/03/2025,2025,2024/25,Q4,12-Mar,Local government,"Unitary Authority (London Borough, Mets and Councils in Scotland and Wales)",West Berkshire District Council,Informal action taken,Breach recorded - regulatory action criteria not met,Advice given,No
Completed,GDPR,IC-373115-M5V8,27/03/2025,2025,2024/25,Q4,12-Mar,28/03/2025,2025,2024/25,Q4,12-Mar,Education and childcare,Unassigned,Windmill Day Nursery,Informal action taken,Breach recorded - regulatory action criteria not met,Advice given,No
Completed,GDPR,IC-373291-F6R0,26/03/2025,2025,2024/25,Q4,12-Mar,28/03/2025,2025,2024/25,Q4,12-Mar,General business,Supplier of services,G4S Cash Solutions (UK) Limited,No Further Action,Not PDB,Unassigned,No
Completed,GDPR,IC-356834-M3Y0,17/01/2025,2025,2024/25,Q4,10-Jan,28/03/2025,2025,2024/25,Q4,12-Mar,Central Government,Government Department,HM Revenue and Customs (HMRC),No Further Action,Breach recorded - regulatory action criteria not met,Unassigned,Yes
Completed,GDPR,IC-372721-X9L5,26/03/2025,2025,2024/25,Q4,12-Mar,28/03/2025,2025,2024/25,Q4,12-Mar,Charitable and voluntary,Local charities,Jerry Green Dog Rescue,No Further Action,Breach recorded - regulatory action criteria not met,Unassigned,Yes
Case Officer Review Completed,GDPR,IC-373280-K8G7,28/03/2025,2025,2024/25,Q4,12-Mar,28/03/2025,2025,2024/25,Q4,12-Mar,Local government,"Unitary Authority (London Borough, Mets and Councils in Scotland and Wales)",London Borough of Enfield,No Further Action,Not PDB,Unassigned,Don't know
Completed,GDPR,IC-373343-S1K6,26/03/2025,2025,2024/25,Q4,12-Mar,28/03/2025,2025,2024/25,Q4,12-Mar,Health,General Practitioner,New Quay Surgery,No Further Action,Not PDB,Unassigned,No
Completed,GDPR,IC-353210-B3Y3,24/12/2024,2024,2024/25,Q3,09-Dec,28/03/2025,2025,2024/25,Q4,12-Mar,Education and childcare,Academy and Free Schools,Springwood Primary School,No Further Action,Breach recorded - regulatory action criteria not met,Unassigned,Yes
Completed,GDPR,IC-356925-S9Z9,20/01/2025,2025,2024/25,Q4,10-Jan,28/03/2025,2025,2024/25,Q4,12-Mar,Legal,Legal professionals,Thomas Dunton Solicitors LLP,No Further Action,Breach recorded - regulatory action criteria not met,Unassigned,Yes
Completed,GDPR,IC-372637-B0D9,25/03/2025,2025,2024/25,Q4,12-Mar,28/03/2025,2025,2024/25,Q4,12-Mar,Charitable and voluntary,Local charities,Wikimedia UK,No Further Action,Breach recorded - regulatory action criteria not met,Unassigned,Yes
Completed,GDPR,IC-369179-Q6S3,10/03/2025,2025,2024/25,Q4,12-Mar,30/03/2025,2025,2024/25,Q4,12-Mar,"Finance, insurance and credit",Accountancy and Payroll,Adams Accountancy,Informal action taken,Breach recorded - regulatory action criteria not met,Advice given,Yes
Completed,GDPR,IC-342504-V9Y8,05/11/2024,2024,2024/25,Q3,08-Nov,30/03/2025,2025,2024/25,Q4,12-Mar,Legal,Legal professionals,Anon DC,Informal action taken,Breach recorded - regulatory action criteria not met,Unassigned,Yes
Completed,GDPR,IC-366401-N8Q2,26/02/2025,2025,2024/25,Q4,11-Feb,30/03/2025,2025,2024/25,Q4,12-Mar,Legal,Legal professionals,Anon DC,Informal action taken,Breach recorded - regulatory action criteria not met,Advice given,Yes
Completed,GDPR,IC-373428-Z5M2,27/03/2025,2025,2024/25,Q4,12-Mar,30/03/2025,2025,2024/25,Q4,12-Mar,Health,General Practitioner,Brockworth Surgery,Informal action taken,Breach recorded - regulatory action criteria not met,Advice given,No
Completed,GDPR,IC-261217-Q5Z9,29/09/2023,2023,2023/24,Q2,06-Sep,30/03/2025,2025,2024/25,Q4,12-Mar,General business,Dating agency,Bumble Holding Limited,Informal action taken,Breach recorded - regulatory action criteria not met,Unassigned,Yes
Completed,GDPR,IC-369000-F9X4,07/03/2025,2025,2024/25,Q4,12-Mar,30/03/2025,2025,2024/25,Q4,12-Mar,Legal,Legal professionals,Burgess Okoh Saunders Limited,Informal action taken,Unassigned,Unassigned,No
Completed,GDPR,IC-342489-R3H2,06/11/2024,2024,2024/25,Q3,08-Nov,30/03/2025,2025,2024/25,Q4,12-Mar,Education and childcare,Training Company,DAMAR LTD,Informal action taken,Breach recorded - regulatory action criteria not met,Unassigned,Yes
Completed,GDPR,IC-373426-S0F5,27/03/2025,2025,2024/25,Q4,12-Mar,30/03/2025,2025,2024/25,Q4,12-Mar,Education and childcare,Academy and Free Schools,Delta Academies Trust,Informal action taken,Breach recorded - regulatory action criteria not met,Advice given,No
Completed,GDPR,IC-365654-Q3L7,23/02/2025,2025,2024/25,Q4,11-Feb,30/03/2025,2025,2024/25,Q4,12-Mar,Retail and manufacture,Supplier of goods,Fishpools Ltd,Informal action taken,Breach recorded - regulatory action criteria not met,Advice given,Yes
Completed,GDPR,IC-341717-G2X1,01/11/2024,2024,2024/25,Q3,08-Nov,30/03/2025,2025,2024/25,Q4,12-Mar,Marketing,Marketing providers,Force 24 Limited,Informal action taken,Breach recorded - regulatory action criteria not met,Unassigned,Yes
Completed,GDPR,IC-373427-V0C1,27/03/2025,2025,2024/25,Q4,12-Mar,30/03/2025,2025,2024/25,Q4,12-Mar,Legal,Legal professionals,Greenwoods GRM LLP,Informal action taken,Breach recorded - regulatory action criteria not met,Advice given,No
Completed,GDPR,IC-367438-W2C2,03/03/2025,2025,2024/25,Q4,12-Mar,30/03/2025,2025,2024/25,Q4,12-Mar,Online Technology and Telecoms,Software developers,"H2O.ai, Inc.",Informal action taken,Breach recorded - regulatory action criteria not met,Advice given,Yes
Completed,GDPR,IC-321450-B2M9,19/07/2024,2024,2024/25,Q2,04-Jul,30/03/2025,2025,2024/25,Q4,12-Mar,Local government,County Council,Hampshire County Council,Informal action taken,Breach recorded - regulatory action criteria not met,Unassigned,No
Completed,GDPR,IC-368539-B0P9,07/03/2025,2025,2024/25,Q4,12-Mar,30/03/2025,2025,2024/25,Q4,12-Mar,Land or property services,Estate agency / letting agency,Imagine Property Group Limited,Informal action taken,Unassigned,Unassigned,No
Completed,GDPR,IC-366378-X3F4,27/02/2025,2025,2024/25,Q4,11-Feb,30/03/2025,2025,2024/25,Q4,12-Mar,Education and childcare,Training Company,John HUghes ELT Ltd,Informal action taken,Breach recorded - regulatory action criteria not met,Advice given,Yes
Completed,GDPR,IC-343118-Z1D7,08/11/2024,2024,2024/25,Q3,08-Nov,30/03/2025,2025,2024/25,Q4,12-Mar,Health,Healthcare and pharmaceuticals,Medtronic Limited,Informal action taken,Unassigned,Unassigned,Yes
Completed,GDPR,IC-364735-V7H1,17/02/2025,2025,2024/25,Q4,11-Feb,30/03/2025,2025,2024/25,Q4,12-Mar,Charitable and voluntary,Local charities,Off The Record Youth Counselling,Informal action taken,Unassigned,Unassigned,Yes
Completed,GDPR,IC-341872-G8Q1,01/11/2024,2024,2024/25,Q3,08-Nov,30/03/2025,2025,2024/25,Q4,12-Mar,Online Technology and Telecoms,Service providers,Omnicyber Security Limited,Informal action taken,Breach recorded - regulatory action criteria not met,Unassigned,Yes
Completed,GDPR,IC-369287-D3D3,10/03/2025,2025,2024/25,Q4,12-Mar,30/03/2025,2025,2024/25,Q4,12-Mar,Retail and manufacture,Supplier of services,One Safety Solutions Ltd,Informal action taken,Breach recorded - regulatory action criteria not met,Advice given,Yes
Completed,GDPR,IC-331752-V6H5,13/09/2024,2024,2024/25,Q2,06-Sep,30/03/2025,2025,2024/25,Q4,12-Mar,"Finance, insurance and credit",Financial services and advice,Openwork Services Limited,Informal action taken,Breach recorded - regulatory action criteria not met,Unassigned,Yes
Completed,GDPR,IC-373434-S1Y3,27/03/2025,2025,2024/25,Q4,12-Mar,30/03/2025,2025,2024/25,Q4,12-Mar,General business,Business advice and consultancy,Overseas Personal Development Ltd,Informal action taken,Breach recorded - regulatory action criteria not met,Advice given,No
Completed,GDPR,IC-373425-P8F5,27/03/2025,2025,2024/25,Q4,12-Mar,30/03/2025,2025,2024/25,Q4,12-Mar,Education and childcare,Academy and Free Schools,Pioneer Educational Trust,Informal action taken,Breach recorded - regulatory action criteria not met,Advice given,No
Completed,GDPR,IC-373431-M5W8,27/03/2025,2025,2024/25,Q4,12-Mar,30/03/2025,2025,2024/25,Q4,12-Mar,Education and childcare,Academy and Free Schools,Pioneer Educational Trust,Informal action taken,Breach recorded - regulatory action criteria not met,Advice given,No
Completed,GDPR,IC-341259-N8M5,30/10/2024,2024,2024/25,Q3,07-Oct,30/03/2025,2025,2024/25,Q4,12-Mar,Retail and manufacture,Supplier of services,Plumbcare Yorkshire Limited,Informal action taken,Breach recorded - regulatory action criteria not met,Unassigned,Yes
Completed,GDPR,IC-373432-S3L0,27/03/2025,2025,2024/25,Q4,12-Mar,30/03/2025,2025,2024/25,Q4,12-Mar,Education and childcare,Maintained schools,Saint Pius X Catholic High School,Informal action taken,Breach recorded - regulatory action criteria not met,Advice given,No
Completed,GDPR,IC-368221-D5L3,06/03/2025,2025,2024/25,Q4,12-Mar,30/03/2025,2025,2024/25,Q4,12-Mar,Retail and manufacture,Supplier of goods,The Fairy Adventures Limited,Informal action taken,Breach recorded - regulatory action criteria not met,Advice given,Yes
Completed,GDPR,IC-373430-T5Z4,27/03/2025,2025,2024/25,Q4,12-Mar,30/03/2025,2025,2024/25,Q4,12-Mar,Education and childcare,Academy and Free Schools,The King's CofE Academy,Informal action taken,Breach recorded - regulatory action criteria not met,Advice given,No
Completed,GDPR,IC-367373-K0X3,03/03/2025,2025,2024/25,Q4,12-Mar,30/03/2025,2025,2024/25,Q4,12-Mar,Online Technology and Telecoms,Software developers,Vitrifi Limited,Informal action taken,Breach recorded - regulatory action criteria not met,Advice given,Yes
Completed,GDPR,IC-365163-D1N0,20/02/2025,2025,2024/25,Q4,11-Feb,30/03/2025,2025,2024/25,Q4,12-Mar,Local government,Representative and arm's length bodies,Witham Fourth District Internal Drainage Board,Informal action taken,Breach recorded - regulatory action criteria not met,Advice given,Yes
Completed,GDPR,IC-368874-P8G0,07/03/2025,2025,2024/25,Q4,12-Mar,30/03/2025,2025,2024/25,Q4,12-Mar,Legal,Legal professionals,Askews Legal LLP,No Further Action,Unassigned,Unassigned,Yes
Completed,GDPR,IC-365056-X1K0,19/02/2025,2025,2024/25,Q4,11-Feb,30/03/2025,2025,2024/25,Q4,12-Mar,Transport and leisure,Accommodation providers,Open Mind Leisure ,No Further Action,Unassigned,Unassigned,Yes
Completed,GDPR,IC-362786-M3N2,11/02/2025,2025,2024/25,Q4,11-Feb,30/03/2025,2025,2024/25,Q4,12-Mar,Education and childcare,Community School,St. Lukes C Of E Primary School,No Further Action,Unassigned,Unassigned,Yes
Completed,GDPR,IC-365983-M5T5,25/02/2025,2025,2024/25,Q4,11-Feb,30/03/2025,2025,2024/25,Q4,12-Mar,Membership association,Clubs,The Russell Foster Youth League,No Further Action,Unassigned,Unassigned,Yes
Completed,GDPR,IC-368710-C9Z8,07/03/2025,2025,2024/25,Q4,12-Mar,30/03/2025,2025,2024/25,Q4,12-Mar,"Finance, insurance and credit",Financial services and advice,Waystone Financial Investments Limited,No Further Action,Unassigned,Unassigned,Yes
Completed,GDPR,IC-373347-L7Z0,28/03/2025,2025,2024/25,Q4,12-Mar,31/03/2025,2025,2024/25,Q4,12-Mar,Local government,"Unitary Authority (London Borough, Mets and Councils in Scotland and Wales)",Aberdeenshire Council,Informal action taken,Breach recorded - regulatory action criteria not met,Advice given,No
Completed,GDPR,IC-369689-V0D3,12/03/2025,2025,2024/25,Q4,12-Mar,31/03/2025,2025,2024/25,Q4,12-Mar,Legal,Scottish Advocate,Anon DC,Informal action taken,Unassigned,Unassigned,Yes
Completed,GDPR,IC-372436-W4T2,21/03/2025,2025,2024/25,Q4,12-Mar,31/03/2025,2025,2024/25,Q4,12-Mar,Online Technology and Telecoms,Service providers,Ascom (UK) Limited,Informal action taken,Breach recorded - regulatory action criteria not met,Unassigned,Yes
Completed,GDPR,IC-373437-J0P5,30/03/2025,2025,2024/25,Q4,12-Mar,31/03/2025,2025,2024/25,Q4,12-Mar,Charitable and voluntary,National charities,Association of NHS Charities,Informal action taken,Breach recorded - regulatory action criteria not met,Advice given,No
Completed,GDPR,IC-373303-D2L8,28/03/2025,2025,2024/25,Q4,12-Mar,31/03/2025,2025,2024/25,Q4,12-Mar,"Finance, insurance and credit",Financial services and advice,Benchmark Capital,Informal action taken,Breach recorded - regulatory action criteria not met,Advice given,No
Completed,GDPR,IC-373327-P9B3,28/03/2025,2025,2024/25,Q4,12-Mar,31/03/2025,2025,2024/25,Q4,12-Mar,Legal,Legal professionals,Blandy & Blandy LLP,Informal action taken,Breach recorded - regulatory action criteria not met,Advice given,No
Completed,GDPR,IC-373364-M2V7,28/03/2025,2025,2024/25,Q4,12-Mar,31/03/2025,2025,2024/25,Q4,12-Mar,General business,Supplier of services,Bodycote PLC,Informal action taken,Breach recorded - regulatory action criteria not met,Advice given,No
Completed,GDPR,IC-373322-G0D2,28/03/2025,2025,2024/25,Q4,12-Mar,31/03/2025,2025,2024/25,Q4,12-Mar,"Finance, insurance and credit",Accountancy and Payroll,Bulley Davey Limited,Informal action taken,Breach recorded - regulatory action criteria not met,Advice given,No
Completed,GDPR,IC-373315-W2P1,28/03/2025,2025,2024/25,Q4,12-Mar,31/03/2025,2025,2024/25,Q4,12-Mar,"Finance, insurance and credit",Insurance,Burns & Wilcox Limited,Informal action taken,Breach recorded - regulatory action criteria not met,Advice given,Yes
Completed,GDPR,IC-373714-P4K1,28/03/2025,2025,2024/25,Q4,12-Mar,31/03/2025,2025,2024/25,Q4,12-Mar,Local government,District Council,Canterbury City Council,Informal action taken,Breach recorded - regulatory action criteria not met,Advice given,No
Completed,GDPR,IC-373386-R4V7,28/03/2025,2025,2024/25,Q4,12-Mar,31/03/2025,2025,2024/25,Q4,12-Mar,"Finance, insurance and credit",Financial services and advice,Chesterfield Insurance Brokers Limited,Informal action taken,Breach recorded - regulatory action criteria not met,Advice given,Yes
Completed,GDPR,IC-373337-Z7S6,28/03/2025,2025,2024/25,Q4,12-Mar,31/03/2025,2025,2024/25,Q4,12-Mar,Legal,Legal professionals,CL Law Solicitors,Informal action taken,Breach recorded - regulatory action criteria not met,Advice given,No
Completed,GDPR,IC-373339-J1K0,28/03/2025,2025,2024/25,Q4,12-Mar,31/03/2025,2025,2024/25,Q4,12-Mar,Education and childcare,Higher education,Derby College Group,Informal action taken,Breach recorded - regulatory action criteria not met,Advice given,No
Completed,GDPR,IC-373319-J2H1,28/03/2025,2025,2024/25,Q4,12-Mar,31/03/2025,2025,2024/25,Q4,12-Mar,Charitable and voluntary,Local charities,Future Stars,Informal action taken,Breach recorded - regulatory action criteria not met,Advice given,No
Completed,GDPR,IC-365174-Q1Q9,20/02/2025,2025,2024/25,Q4,11-Feb,31/03/2025,2025,2024/25,Q4,12-Mar,"Finance, insurance and credit",Accountancy and Payroll,GNS Associates Limited,Informal action taken,Unassigned,Unassigned,Don't know
Completed,GDPR,IC-373410-H5F8,28/03/2025,2025,2024/25,Q4,12-Mar,31/03/2025,2025,2024/25,Q4,12-Mar,Health,Private Healthcare providers,Harley Street Medical Centre LLP (T/A UME Health),Informal action taken,Breach recorded - regulatory action criteria not met,Advice given,Yes
Completed,GDPR,IC-364393-G9G8,15/02/2025,2025,2024/25,Q4,11-Feb,31/03/2025,2025,2024/25,Q4,12-Mar,Health,General Practitioner,Llynyfran Surgery,Informal action taken,Breach recorded - regulatory action criteria not met,Advice given,No
Completed,GDPR,IC-371777-M4V1,21/03/2025,2025,2024/25,Q4,12-Mar,31/03/2025,2025,2024/25,Q4,12-Mar,"Finance, insurance and credit",Financial services and advice,Lyndhurst Financial Management Limited,Informal action taken,Breach recorded - regulatory action criteria not met,Unassigned,Yes
Completed,GDPR,IC-372211-W4G8,21/03/2025,2025,2024/25,Q4,12-Mar,31/03/2025,2025,2024/25,Q4,12-Mar,Online Technology and Telecoms,Social media,Meta Platforms Inc,Informal action taken,Breach recorded - regulatory action criteria not met,Unassigned,Yes
Completed,GDPR,IC-370334-X7Z4,14/03/2025,2025,2024/25,Q4,12-Mar,31/03/2025,2025,2024/25,Q4,12-Mar,Health,Public health,NHS Lothian,Informal action taken,Breach recorded - regulatory action criteria not met,Advice given,No
Completed,GDPR,IC-369264-N7V6,10/03/2025,2025,2024/25,Q4,12-Mar,31/03/2025,2025,2024/25,Q4,12-Mar,Retail and manufacture,Supplier of services,Ontime Automotive Limited,Informal action taken,Unassigned,Unassigned,Yes
Completed,GDPR,IC-373352-T9G3,28/03/2025,2025,2024/25,Q4,12-Mar,31/03/2025,2025,2024/25,Q4,12-Mar,Land or property services,Building and property construction,Peter James Homes Limited,Informal action taken,Breach recorded - regulatory action criteria not met,Advice given,No
Completed,GDPR,IC-373362-M3M1,27/03/2025,2025,2024/25,Q4,12-Mar,31/03/2025,2025,2024/25,Q4,12-Mar,Education and childcare,Careers Service,Project Salus C.I.C.,Informal action taken,Breach recorded - regulatory action criteria not met,Advice given,Yes
Completed,GDPR,IC-371334-H3G6,19/03/2025,2025,2024/25,Q4,12-Mar,31/03/2025,2025,2024/25,Q4,12-Mar,Charitable and voluntary,National charities,Prostate Cancer Research,Informal action taken,Breach recorded - regulatory action criteria not met,Advice given,Yes
Completed,GDPR,IC-373619-B7N1,28/03/2025,2025,2024/25,Q4,12-Mar,31/03/2025,2025,2024/25,Q4,12-Mar,Online Technology and Telecoms,Service providers,R3 Iot Limited,Informal action taken,Breach recorded - regulatory action criteria not met,Advice given,Yes
Completed,GDPR,IC-367381-F3D1,01/03/2025,2025,2024/25,Q4,12-Mar,31/03/2025,2025,2024/25,Q4,12-Mar,Transport and leisure,Accommodation providers,School House Leisure Limited,Informal action taken,Breach recorded - regulatory action criteria not met,Unassigned,Yes
Completed,GDPR,IC-373367-G2H4,28/03/2025,2025,2024/25,Q4,12-Mar,31/03/2025,2025,2024/25,Q4,12-Mar,Central Government,Government Department,Scottish Government,Informal action taken,Breach recorded - regulatory action criteria not met,Advice given,No
Completed,GDPR,IC-373623-G6G1,27/03/2025,2025,2024/25,Q4,12-Mar,31/03/2025,2025,2024/25,Q4,12-Mar,Charitable and voluntary,Local charities,Selsey Community Forum,Informal action taken,Breach recorded - regulatory action criteria not met,Advice given,No
Completed,GDPR,IC-373354-X0F2,27/03/2025,2025,2024/25,Q4,12-Mar,31/03/2025,2025,2024/25,Q4,12-Mar,Health,Secondary care,South London & Maudsley NHS Foundation Trust,Informal action taken,Breach recorded - regulatory action criteria not met,Advice given,Yes
Completed,GDPR,IC-373516-Y3G4,27/03/2025,2025,2024/25,Q4,12-Mar,31/03/2025,2025,2024/25,Q4,12-Mar,Health,Healthcare and pharmaceuticals,Spring Health,Informal action taken,Breach recorded - regulatory action criteria not met,Advice given,No
Completed,GDPR,IC-373497-S1Q9,31/03/2025,2025,2024/25,Q4,12-Mar,31/03/2025,2025,2024/25,Q4,12-Mar,Health,General Practitioner,St Clements Surgery,Informal action taken,Breach recorded - regulatory action criteria not met,Advice given,No
Completed,GDPR,IC-373375-B3H1,28/03/2025,2025,2024/25,Q4,12-Mar,31/03/2025,2025,2024/25,Q4,12-Mar,Education and childcare,Maintained schools,St Mary's Bentworth CE Primary School,Informal action taken,Breach recorded - regulatory action criteria not met,Advice given,No
Completed,GDPR,IC-372139-S0Q3,22/03/2025,2025,2024/25,Q4,12-Mar,31/03/2025,2025,2024/25,Q4,12-Mar,"Finance, insurance and credit",Financial services and advice,"Stripe Payments UK, Ltd",Informal action taken,Breach recorded - regulatory action criteria not met,Unassigned,Yes
Completed,GDPR,IC-373421-N8R6,29/03/2025,2025,2024/25,Q4,12-Mar,31/03/2025,2025,2024/25,Q4,12-Mar,Education and childcare,Academy and Free Schools,The Pioneer Academy,Informal action taken,Breach recorded - regulatory action criteria not met,Advice given,No
Completed,GDPR,IC-373407-X2J0,28/03/2025,2025,2024/25,Q4,12-Mar,31/03/2025,2025,2024/25,Q4,12-Mar,Central Government,Government Department,Undercover Policing Inquiry,Informal action taken,Breach recorded - regulatory action criteria not met,Advice given,No
Completed,GDPR,IC-371991-X1N5,19/03/2025,2025,2024/25,Q4,12-Mar,31/03/2025,2025,2024/25,Q4,12-Mar,Health,Healthcare and pharmaceuticals,Veristat International,Informal action taken,Breach recorded - regulatory action criteria not met,Unassigned,Yes
Completed,GDPR,IC-368508-N9X0,07/03/2025,2025,2024/25,Q4,12-Mar,31/03/2025,2025,2024/25,Q4,12-Mar,Transport and leisure,Holiday providers and services,Wendy Wu Tours Limited,Informal action taken,Unassigned,Unassigned,Yes
Completed,GDPR,IC-361379-W9F5,04/02/2025,2025,2024/25,Q4,11-Feb,31/03/2025,2025,2024/25,Q4,12-Mar,Charitable and voluntary,National charities,Wild Planet Trust,Informal action taken,Breach recorded - regulatory action criteria not met,Advice given,Yes
Completed,GDPR,IC-372640-M5C6,21/03/2025,2025,2024/25,Q4,12-Mar,31/03/2025,2025,2024/25,Q4,12-Mar,Legal,Legal professionals,Wilsons Solicitors LLP,Informal action taken,Breach recorded - regulatory action criteria not met,Advice given,No
Completed,GDPR,IC-373424-F2X6,20/03/2025,2025,2024/25,Q4,12-Mar,31/03/2025,2025,2024/25,Q4,12-Mar,Online Technology and Telecoms,Software developers, SSP Limited,No Further Action,Not PDB,Unassigned,No
Completed,NIS,IC-373546-V6L9,27/03/2025,2025,2024/25,Q4,12-Mar,31/03/2025,2025,2024/25,Q4,12-Mar,Online Technology and Telecoms,Software developers,System C Healthcare Limited,No Further Action,Not PDB,Unassigned,No
